relative_path,category,word_arabic,word_arabic_stripped,variant,signer_id,handedness,sign_type
data/raw/vedios-dataset/mosl_videos_dataset_Diverse/الأَذَانُ.mp4,Diverse,الأَذَانُ,الأذان,,5,left,lexical
data/raw/vedios-dataset/mosl_videos_dataset_Diverse/الأَمْنُ الوَطَنِيُّ.mp4,Diverse,الأَمْنُ الوَطَنِيُّ,الأمن الوطني,,6,right,lexical
data/raw/vedios-dataset/mosl_videos_dataset_Diverse/الأُرْدُنُ.mp4,Diverse,الأُرْدُنُ,الأردن,,3,right,lexical
data/raw/vedios-dataset/mosl_videos_dataset_Diverse/الإِمَارَاتُ العَرَبِيَّةُ المُتَّحِدَةُ (إِشَارَة 1).mp4,Diverse,الإِمَارَاتُ العَرَبِيَّةُ المُتَّحِدَةُ,الإمارات العربية المتحدة,1,6,right,lexical
data/raw/vedios-dataset/mosl_videos_dataset_Diverse/الإِمَارَاتُ العَرَبِيَّةُ المُتَّحِدَةُ (إِشَارَة 2).mp4,Diverse,الإِمَارَاتُ العَرَبِيَّةُ المُتَّحِدَةُ,الإمارات العربية المتحدة,2,6,right,lexical
data/raw/vedios-dataset/mosl_videos_dataset_Diverse/الإِمَارَاتُ العَرَبِيَّةُ المُتَّحِدَةُ (إِشَارَة 3).mp4,Diverse,الإِمَارَاتُ العَرَبِيَّةُ المُتَّحِدَةُ,الإمارات العربية المتحدة,3,6,right,lexical
data/raw/vedios-dataset/mosl_videos_dataset_Diverse/الإِمَارَاتُ العَرَبِيَّةُ المُتَّحِدَةُ (إِشَارَة 4).mp4,Diverse,الإِمَارَاتُ العَرَبِيَّةُ المُتَّحِدَةُ,الإمارات العربية المتحدة,4,2,right,lexical
data/raw/vedios-dataset/mosl_videos_dataset_Diverse/الإِنْجَلِيزِيَّةُ.mp4,Diverse,الإِنْجَلِيزِيَّةُ,الإنجليزية,,5,both,lexical
data/raw/vedios-dataset/mosl_videos_dataset_Diverse/الإِنْجِيلُ (إِشَارَة 1).mp4,Diverse,الإِنْجِيلُ,الإنجيل,1,5,both,lexical
data/raw/vedios-dataset/mosl_videos_dataset_Diverse/الإِنْجِيلُ (إِشَارَة 2).mp4,Diverse,الإِنْجِيلُ,الإنجيل,2,5,both,lexical
data/raw/vedios-dataset/mosl_videos_dataset_Diverse/الآخِرَةُ (إِشَارَة 1).mp4,Diverse,الآخِرَةُ,الآخرة,1,-1,right,lexical
data/raw/vedios-dataset/mosl_videos_dataset_Diverse/الآخِرَةُ (إِشَارَة 2).mp4,Diverse,الآخِرَةُ,الآخرة,2,-1,right,lexical
data/raw/vedios-dataset/mosl_videos_dataset_Diverse/الآخِرَةُ (إِشَارَة 3).mp4,Diverse,الآخِرَةُ,الآخرة,3,-1,right,lexical
data/raw/vedios-dataset/mosl_videos_dataset_Diverse/الآنَ (إِشَارَة 1).mp4,Diverse,الآنَ,الآن,1,-1,right,lexical
data/raw/vedios-dataset/mosl_videos_dataset_Diverse/الآنَ (إِشَارَة 3).mp4,Diverse,الآنَ,الآن,3,-1,right,lexical
data/raw/vedios-dataset/mosl_videos_dataset_Diverse/البَحْرَيْن.mp4,Diverse,البَحْرَيْن,البحرين,,5,left,lexical
data/raw/vedios-dataset/mosl_videos_dataset_Diverse/البِطَاقَةُ الوَطَنِيَّةُ (إِشَارَة 1).mp4,Diverse,البِطَاقَةُ الوَطَنِيَّةُ,البطاقة الوطنية,1,4,right,lexical
data/raw/vedios-dataset/mosl_videos_dataset_Diverse/البِطَاقَةُ الوَطَنِيَّةُ (إِشَارَة 2).mp4,Diverse,البِطَاقَةُ الوَطَنِيَّةُ,البطاقة الوطنية,2,5,both,lexical
data/raw/vedios-dataset/mosl_videos_dataset_Diverse/البِطَاقَةُ الوَطَنِيَّةُ (إِشَارَة 3).mp4,Diverse,البِطَاقَةُ الوَطَنِيَّةُ,البطاقة الوطنية,3,4,both,lexical
data/raw/vedios-dataset/mosl_videos_dataset_Diverse/الجَدِيدَة (إِشَارَة 1).mp4,Diverse,الجَدِيدَة,الجديدة,1,0,left,lexical
data/raw/vedios-dataset/mosl_videos_dataset_Diverse/الجَدِيدَة (إِشَارَة 2).mp4,Diverse,الجَدِيدَة,الجديدة,2,6,right,lexical
data/raw/vedios-dataset/mosl_videos_dataset_Diverse/الجَزَائِر.mp4,Diverse,الجَزَائِر,الجزائر,,5,both,lexical
data/raw/vedios-dataset/mosl_videos_dataset_Diverse/الجَمْعُ.mp4,Diverse,الجَمْعُ,الجمع,,0,both,lexical
data/raw/vedios-dataset/mosl_videos_dataset_Diverse/الحَاجِبُ.mp4,Diverse,الحَاجِبُ,الحاجب,,6,right,lexical
data/raw/vedios-dataset/mosl_videos_dataset_Diverse/الحَدِيثُ النَّبَوِيُّ (إِشَارَة 1).mp4,Diverse,الحَدِيثُ النَّبَوِيُّ,الحديث النبوي,1,6,right,lexical
data/raw/vedios-dataset/mosl_videos_dataset_Diverse/الحَدِيثُ النَّبَوِيُّ (إِشَارَة 2).mp4,Diverse,الحَدِيثُ النَّبَوِيُّ,الحديث النبوي,2,5,both,lexical
data/raw/vedios-dataset/mosl_videos_dataset_Diverse/الحَمْدُ لِلَّهِ.mp4,Diverse,الحَمْدُ لِلَّهِ,الحمد لله,,6,right,lexical
data/raw/vedios-dataset/mosl_videos_dataset_Diverse/الحُسَيْمَة (إِشَارَة 1).mp4,Diverse,الحُسَيْمَة,الحسيمة,1,5,both,lexical
data/raw/vedios-dataset/mosl_videos_dataset_Diverse/الخُمِيسَات.mp4,Diverse,الخُمِيسَات,الخميسات,,6,right,lexical
data/raw/vedios-dataset/mosl_videos_dataset_Diverse/الخِطَابُ المَلَكِيُّ (إِشَارَة 1).mp4,Diverse,الخِطَابُ المَلَكِيُّ,الخطاب الملكي,1,5,both,lexical
data/raw/vedios-dataset/mosl_videos_dataset_Diverse/الخِطَابُ المَلَكِيُّ (إِشَارَة 2).mp4,Diverse,الخِطَابُ المَلَكِيُّ,الخطاب الملكي,2,1,right,lexical
data/raw/vedios-dataset/mosl_videos_dataset_Diverse/الدَّارُ البَيْضَاء.mp4,Diverse,الدَّارُ البَيْضَاء,الدار البيضاء,,6,right,lexical
data/raw/vedios-dataset/mosl_videos_dataset_Diverse/الرِّبَاط.mp4,Diverse,الرِّبَاط,الرباط,,3,right,lexical
data/raw/vedios-dataset/mosl_videos_dataset_Diverse/السَّعُودِيَّة (إِشَارَة 1).mp4,Diverse,السَّعُودِيَّة,السعودية,1,6,right,lexical
data/raw/vedios-dataset/mosl_videos_dataset_Diverse/السَّعُودِيَّة (إِشَارَة 2).mp4,Diverse,السَّعُودِيَّة,السعودية,2,0,both,lexical
data/raw/vedios-dataset/mosl_videos_dataset_Diverse/السَّلَامُ عَلَيْكُمْ (إِشَارَة 1).mp4,Diverse,السَّلَامُ عَلَيْكُمْ,السلام عليكم,1,6,right,lexical
data/raw/vedios-dataset/mosl_videos_dataset_Diverse/الصَّحَابَةُ.mp4,Diverse,الصَّحَابَةُ,الصحابة,,5,both,lexical
data/raw/vedios-dataset/mosl_videos_dataset_Diverse/الصَّرْفُ ( فِي اللُّغَةِ ).mp4,Diverse,الصَّرْفُ ( فِي اللُّغَةِ ),الصرف ( في اللغة ),,0,both,lexical
data/raw/vedios-dataset/mosl_videos_dataset_Diverse/الصِّين.mp4,Diverse,الصِّين,الصين,,6,right,lexical
data/raw/vedios-dataset/mosl_videos_dataset_Diverse/العَرَائِش (إِشَارَة 1).mp4,Diverse,العَرَائِش,العرائش,1,3,right,lexical
data/raw/vedios-dataset/mosl_videos_dataset_Diverse/العَرَبِيَّةُ.mp4,Diverse,العَرَبِيَّةُ,العربية,,5,both,lexical
data/raw/vedios-dataset/mosl_videos_dataset_Diverse/العِرَاقُ (إِشَارَة 1).mp4,Diverse,العِرَاقُ,العراق,1,3,right,lexical
data/raw/vedios-dataset/mosl_videos_dataset_Diverse/العِرَاقُ (إِشَارَة 2).mp4,Diverse,العِرَاقُ,العراق,2,5,both,lexical
data/raw/vedios-dataset/mosl_videos_dataset_Diverse/الفَرَنْسِيَّةُ.mp4,Diverse,الفَرَنْسِيَّةُ,الفرنسية,,0,both,lexical
data/raw/vedios-dataset/mosl_videos_dataset_Diverse/القَنَاةُ الأُولَى.mp4,Diverse,القَنَاةُ الأُولَى,القناة الأولى,,5,both,lexical
data/raw/vedios-dataset/mosl_videos_dataset_Diverse/القَنَاةُ الثَّانِيَّةُ (إِشَارَة 1).mp4,Diverse,القَنَاةُ الثَّانِيَّةُ,القناة الثانية,1,5,both,lexical
data/raw/vedios-dataset/mosl_videos_dataset_Diverse/القَنَاةُ الثَّانِيَّةُ (إِشَارَة 2).mp4,Diverse,القَنَاةُ الثَّانِيَّةُ,القناة الثانية,2,5,both,lexical
data/raw/vedios-dataset/mosl_videos_dataset_Diverse/القَنَاةُ الرِّيَاضِيَّة.mp4,Diverse,القَنَاةُ الرِّيَاضِيَّة,القناة الرياضية,,5,left,lexical
data/raw/vedios-dataset/mosl_videos_dataset_Diverse/القُدْسُ.mp4,Diverse,القُدْسُ,القدس,,5,both,lexical
data/raw/vedios-dataset/mosl_videos_dataset_Diverse/القُنَيْطِرَةُ (إِشَارَة 1).mp4,Diverse,القُنَيْطِرَةُ,القنيطرة,1,6,right,lexical
data/raw/vedios-dataset/mosl_videos_dataset_Diverse/القِبْلَةُ (إِشَارَة 1).mp4,Diverse,القِبْلَةُ,القبلة,1,6,both,lexical
data/raw/vedios-dataset/mosl_videos_dataset_Diverse/القِبْلَةُ (إِشَارَة 2).mp4,Diverse,القِبْلَةُ,القبلة,2,5,both,lexical
data/raw/vedios-dataset/mosl_videos_dataset_Diverse/القِبْلَةُ (إِشَارَة 3).mp4,Diverse,القِبْلَةُ,القبلة,3,5,both,lexical
data/raw/vedios-dataset/mosl_videos_dataset_Diverse/الكُرَةُ الأَرْضِيَّةُ (إِشَارَة 1).mp4,Diverse,الكُرَةُ الأَرْضِيَّةُ,الكرة الأرضية,1,0,both,lexical
data/raw/vedios-dataset/mosl_videos_dataset_Diverse/الكُرَةُ الأَرْضِيَّةُ (إِشَارَة 2).mp4,Diverse,الكُرَةُ الأَرْضِيَّةُ,الكرة الأرضية,2,5,both,lexical
data/raw/vedios-dataset/mosl_videos_dataset_Diverse/اللهُ (إِشَارَة 1).mp4,Diverse,اللهُ,الله,1,6,right,lexical
data/raw/vedios-dataset/mosl_videos_dataset_Diverse/اللهُ (إِشَارَة 2).mp4,Diverse,اللهُ,الله,2,0,both,lexical
data/raw/vedios-dataset/mosl_videos_dataset_Diverse/اللهُ (إِشَارَة 3).mp4,Diverse,اللهُ,الله,3,4,right,lexical
data/raw/vedios-dataset/mosl_videos_dataset_Diverse/اللَّيْلَة.mp4,Diverse,اللَّيْلَة,الليلة,,0,both,lexical
data/raw/vedios-dataset/mosl_videos_dataset_Diverse/المَسِيرَةُ الخَضْرَاءُ (إِشَارَة 1).mp4,Diverse,المَسِيرَةُ الخَضْرَاءُ,المسيرة الخضراء,1,4,both,lexical
data/raw/vedios-dataset/mosl_videos_dataset_Diverse/المَسِيرَةُ الخَضْرَاءُ (إِشَارَة 2).mp4,Diverse,المَسِيرَةُ الخَضْرَاءُ,المسيرة الخضراء,2,1,both,lexical
data/raw/vedios-dataset/mosl_videos_dataset_Diverse/المَسْجِدُ الحَرَامُ.mp4,Diverse,المَسْجِدُ الحَرَامُ,المسجد الحرام,,0,both,lexical
data/raw/vedios-dataset/mosl_videos_dataset_Diverse/المَسْجِدُ النَّبَوِيُّ.mp4,Diverse,المَسْجِدُ النَّبَوِيُّ,المسجد النبوي,,6,both,lexical
data/raw/vedios-dataset/mosl_videos_dataset_Diverse/المَغْرِبُ.mp4,Diverse,المَغْرِبُ,المغرب,,6,both,lexical
data/raw/vedios-dataset/mosl_videos_dataset_Diverse/المُحَمَّدِيَّة.mp4,Diverse,المُحَمَّدِيَّة,المحمدية,,3,right,lexical
data/raw/vedios-dataset/mosl_videos_dataset_Diverse/النَّاظُور.mp4,Diverse,النَّاظُور,الناظور,,4,left,lexical
data/raw/vedios-dataset/mosl_videos_dataset_Diverse/النَّمْسَا.mp4,Diverse,النَّمْسَا,النمسا,,5,both,lexical
data/raw/vedios-dataset/mosl_videos_dataset_Diverse/الوِزَارَةُ المُكَلَّفَةُ بِإِدْمَاجِ المُعَاقِينَ.mp4,Diverse,الوِزَارَةُ المُكَلَّفَةُ بِإِدْمَاجِ المُعَاقِينَ,الوزارة المكلفة بإدماج المعاقين,,5,left,lexical
data/raw/vedios-dataset/mosl_videos_dataset_Diverse/الوِلاَيَاتُ المُتَّحِدَةُ الأَمْرِيكِيَّةُ (إِشَارَة 1).mp4,Diverse,الوِلاَيَاتُ المُتَّحِدَةُ الأَمْرِيكِيَّةُ,الولايات المتحدة الأمريكية,1,5,both,lexical
data/raw/vedios-dataset/mosl_videos_dataset_Diverse/الوِلاَيَاتُ المُتَّحِدَةُ الأَمْرِيكِيَّةُ (إِشَارَة 2).mp4,Diverse,الوِلاَيَاتُ المُتَّحِدَةُ الأَمْرِيكِيَّةُ,الولايات المتحدة الأمريكية,2,6,right,lexical
data/raw/vedios-dataset/mosl_videos_dataset_Diverse/اليَابَان (إِشَارَة 1).mp4,Diverse,اليَابَان,اليابان,1,4,both,lexical
data/raw/vedios-dataset/mosl_videos_dataset_Diverse/اليَابَان (إِشَارَة 2).mp4,Diverse,اليَابَان,اليابان,2,5,both,lexical
data/raw/vedios-dataset/mosl_videos_dataset_Diverse/اليَوْم.mp4,Diverse,اليَوْم,اليوم,,5,both,lexical
data/raw/vedios-dataset/mosl_videos_dataset_Diverse/أَبٌ (إِشَارَة 1).mp4,Diverse,أَبٌ,أب,1,3,right,lexical
data/raw/vedios-dataset/mosl_videos_dataset_Diverse/أَبٌ (إِشَارَة 2).mp4,Diverse,أَبٌ,أب,2,3,right,lexical
data/raw/vedios-dataset/mosl_videos_dataset_Diverse/أَبٌ (إِشَارَة 3).mp4,Diverse,أَبٌ,أب,3,6,right,lexical
data/raw/vedios-dataset/mosl_videos_dataset_Diverse/أَبٌ (إِشَارَة 4).mp4,Diverse,أَبٌ,أب,4,6,right,lexical
data/raw/vedios-dataset/mosl_videos_dataset_Diverse/أَبٌ (إِشَارَة 5).mp4,Diverse,أَبٌ,أب,5,6,right,lexical
data/raw/vedios-dataset/mosl_videos_dataset_Diverse/أَبَدًا.mp4,Diverse,أَبَدًا,أبدا,,3,right,lexical
data/raw/vedios-dataset/mosl_videos_dataset_Diverse/أَبْجَدِيَّةٌ (إِشَارَة 1).mp4,Diverse,أَبْجَدِيَّةٌ,أبجدية,1,3,right,lexical
data/raw/vedios-dataset/mosl_videos_dataset_Diverse/أَبْجَدِيَّةٌ (إِشَارَة 2).mp4,Diverse,أَبْجَدِيَّةٌ,أبجدية,2,6,right,lexical
data/raw/vedios-dataset/mosl_videos_dataset_Diverse/أَبْجَدِيَّةٌ (إِشَارَة 3).mp4,Diverse,أَبْجَدِيَّةٌ,أبجدية,3,6,right,lexical
data/raw/vedios-dataset/mosl_videos_dataset_Diverse/أَبْيَضُ (إِشَارَة 1).mp4,Diverse,أَبْيَضُ,أبيض,1,3,right,lexical
data/raw/vedios-dataset/mosl_videos_dataset_Diverse/أَبْيَضُ (إِشَارَة 2).mp4,Diverse,أَبْيَضُ,أبيض,2,3,right,lexical
data/raw/vedios-dataset/mosl_videos_dataset_Diverse/أَثَاثٌ (إِشَارَة 1).mp4,Diverse,أَثَاثٌ,أثاث,1,0,both,lexical
data/raw/vedios-dataset/mosl_videos_dataset_Diverse/أَثَاثٌ (إِشَارَة 2).mp4,Diverse,أَثَاثٌ,أثاث,2,0,both,lexical
data/raw/vedios-dataset/mosl_videos_dataset_Diverse/أَثَاثٌ (إِشَارَة 3).mp4,Diverse,أَثَاثٌ,أثاث,3,5,both,lexical
data/raw/vedios-dataset/mosl_videos_dataset_Diverse/أَثْنَاءَ (إِشَارَة 1).mp4,Diverse,أَثْنَاءَ,أثناء,1,0,left,lexical
data/raw/vedios-dataset/mosl_videos_dataset_Diverse/أَثْنَاءَ (إِشَارَة 2).mp4,Diverse,أَثْنَاءَ,أثناء,2,3,right,lexical
data/raw/vedios-dataset/mosl_videos_dataset_Diverse/أَثْنَاءَ (إِشَارَة 3).mp4,Diverse,أَثْنَاءَ,أثناء,3,5,both,lexical
data/raw/vedios-dataset/mosl_videos_dataset_Diverse/أَجَازَ.mp4,Diverse,أَجَازَ,أجاز,,8,both,lexical
data/raw/vedios-dataset/mosl_videos_dataset_Diverse/أَجَّلَ (إِشَارَة 1).mp4,Diverse,أَجَّلَ,أجل,1,0,both,lexical
data/raw/vedios-dataset/mosl_videos_dataset_Diverse/أَجَّلَ (إِشَارَة 2).mp4,Diverse,أَجَّلَ,أجل,2,5,left,lexical
data/raw/vedios-dataset/mosl_videos_dataset_Diverse/أَجَّلَ (إِشَارَة 3).mp4,Diverse,أَجَّلَ,أجل,3,0,both,lexical
data/raw/vedios-dataset/mosl_videos_dataset_Diverse/أَجْدَادٌ (إِشَارَة 1).mp4,Diverse,أَجْدَادٌ,أجداد,1,2,both,lexical
data/raw/vedios-dataset/mosl_videos_dataset_Diverse/أَجْدَادٌ (إِشَارَة 2).mp4,Diverse,أَجْدَادٌ,أجداد,2,5,both,lexical
data/raw/vedios-dataset/mosl_videos_dataset_Diverse/أَجْنَبِي (إِشَارَة 1).mp4,Diverse,أَجْنَبِي,أجنبي,1,3,right,lexical
data/raw/vedios-dataset/mosl_videos_dataset_Diverse/أَجْنَبِي (إِشَارَة 2).mp4,Diverse,أَجْنَبِي,أجنبي,2,5,both,lexical
data/raw/vedios-dataset/mosl_videos_dataset_Diverse/أَجْنَبِي (إِشَارَة 3).mp4,Diverse,أَجْنَبِي,أجنبي,3,0,both,lexical
data/raw/vedios-dataset/mosl_videos_dataset_Diverse/أَجْنَبِي (إِشَارَة 4).mp4,Diverse,أَجْنَبِي,أجنبي,4,6,right,lexical
data/raw/vedios-dataset/mosl_videos_dataset_Diverse/أَجْهَشَ (بِالْبُكَاءِ) (إِشَارَة 1).mp4,Diverse,أَجْهَشَ (بِالْبُكَاءِ),أجهش (بالبكاء),1,5,both,lexical
data/raw/vedios-dataset/mosl_videos_dataset_Diverse/أَجْهَشَ (بِالْبُكَاءِ) (إِشَارَة 2).mp4,Diverse,أَجْهَشَ (بِالْبُكَاءِ),أجهش (بالبكاء),2,0,left,lexical
data/raw/vedios-dataset/mosl_videos_dataset_Diverse/أَجْهَشَ (بِالْبُكَاءِ) (إِشَارَة 3).mp4,Diverse,أَجْهَشَ (بِالْبُكَاءِ),أجهش (بالبكاء),3,6,right,lexical
data/raw/vedios-dataset/mosl_videos_dataset_Diverse/أَحَبَّ (إِشَارَة 1).mp4,Diverse,أَحَبَّ,أحب,1,2,right,lexical
data/raw/vedios-dataset/mosl_videos_dataset_Diverse/أَحَبَّ (إِشَارَة 2).mp4,Diverse,أَحَبَّ,أحب,2,5,both,lexical
data/raw/vedios-dataset/mosl_videos_dataset_Diverse/أَحَبَّ (إِشَارَة 3).mp4,Diverse,أَحَبَّ,أحب,3,6,both,lexical
data/raw/vedios-dataset/mosl_videos_dataset_Diverse/أَحَبَّ (إِشَارَة 4).mp4,Diverse,أَحَبَّ,أحب,4,6,both,lexical
data/raw/vedios-dataset/mosl_videos_dataset_Diverse/أَحَبَّ (إِشَارَة 5).mp4,Diverse,أَحَبَّ,أحب,5,4,left,lexical
data/raw/vedios-dataset/mosl_videos_dataset_Diverse/أَحَسَّ (إِشَارَة 1).mp4,Diverse,أَحَسَّ,أحس,1,6,right,lexical
data/raw/vedios-dataset/mosl_videos_dataset_Diverse/أَحَسَّ (إِشَارَة 2).mp4,Diverse,أَحَسَّ,أحس,2,5,left,lexical
data/raw/vedios-dataset/mosl_videos_dataset_Diverse/أَحْضَرَ.mp4,Diverse,أَحْضَرَ,أحضر,,6,right,lexical
data/raw/vedios-dataset/mosl_videos_dataset_Diverse/أَحْمَرُ (إِشَارَة 1).mp4,Diverse,أَحْمَرُ,أحمر,1,3,right,lexical
data/raw/vedios-dataset/mosl_videos_dataset_Diverse/أَحْمَرُ (إِشَارَة 2).mp4,Diverse,أَحْمَرُ,أحمر,2,5,left,lexical
data/raw/vedios-dataset/mosl_videos_dataset_Diverse/أَحْمَرُ الشِّفَاهِ.mp4,Diverse,أَحْمَرُ الشِّفَاهِ,أحمر الشفاه,,3,right,lexical
data/raw/vedios-dataset/mosl_videos_dataset_Diverse/أَحْمَقُ (إِشَارَة 1).mp4,Diverse,أَحْمَقُ,أحمق,1,3,right,lexical
data/raw/vedios-dataset/mosl_videos_dataset_Diverse/أَحْمَقُ (إِشَارَة 2).mp4,Diverse,أَحْمَقُ,أحمق,2,6,right,lexical
data/raw/vedios-dataset/mosl_videos_dataset_Diverse/أَحْمَقُ (إِشَارَة 3).mp4,Diverse,أَحْمَقُ,أحمق,3,3,right,lexical
data/raw/vedios-dataset/mosl_videos_dataset_Diverse/أَحْوَلُ (إِشَارَة 1).mp4,Diverse,أَحْوَلُ,أحول,1,3,right,lexical
data/raw/vedios-dataset/mosl_videos_dataset_Diverse/أَحْوَلُ (إِشَارَة 2).mp4,Diverse,أَحْوَلُ,أحول,2,0,both,lexical
data/raw/vedios-dataset/mosl_videos_dataset_Diverse/أَحْيَانًا (إِشَارَة 1).mp4,Diverse,أَحْيَانًا,أحيانا,1,0,both,lexical
data/raw/vedios-dataset/mosl_videos_dataset_Diverse/أَحْيَانًا (إِشَارَة 2).mp4,Diverse,أَحْيَانًا,أحيانا,2,0,both,lexical
data/raw/vedios-dataset/mosl_videos_dataset_Diverse/أَخٌ (إِشَارَة 1).mp4,Diverse,أَخٌ,أخ,1,2,right,lexical
data/raw/vedios-dataset/mosl_videos_dataset_Diverse/أَخٌ (إِشَارَة 2).mp4,Diverse,أَخٌ,أخ,2,0,both,lexical
data/raw/vedios-dataset/mosl_videos_dataset_Diverse/أَخَذَ (إِشَارَة 1).mp4,Diverse,أَخَذَ,أخذ,1,4,both,lexical
data/raw/vedios-dataset/mosl_videos_dataset_Diverse/أَخَذَ (إِشَارَة 2).mp4,Diverse,أَخَذَ,أخذ,2,0,both,lexical
data/raw/vedios-dataset/mosl_videos_dataset_Diverse/أَخِصَّائِيُّ الأَسْنَانِ.mp4,Diverse,أَخِصَّائِيُّ الأَسْنَانِ,أخصائي الأسنان,,4,both,lexical
data/raw/vedios-dataset/mosl_videos_dataset_Diverse/أَخِصَّائِيُّ الأُذُنِ وَالأَنْفِ وَالـحَنْجَرَةِ.mp4,Diverse,أَخِصَّائِيُّ الأُذُنِ وَالأَنْفِ وَالـحَنْجَرَةِ,أخصائي الأذن والأنف والـحنجرة,,6,right,lexical
data/raw/vedios-dataset/mosl_videos_dataset_Diverse/أَخِصَّائِيُّ الصَّدْرِ.mp4,Diverse,أَخِصَّائِيُّ الصَّدْرِ,أخصائي الصدر,,5,both,lexical
data/raw/vedios-dataset/mosl_videos_dataset_Diverse/أَخِصَّائِيُّ العَظْمِ (إِشَارَة 1).mp4,Diverse,أَخِصَّائِيُّ العَظْمِ,أخصائي العظم,1,0,both,lexical
data/raw/vedios-dataset/mosl_videos_dataset_Diverse/أَخِصَّائِيُّ العَظْمِ (إِشَارَة 2).mp4,Diverse,أَخِصَّائِيُّ العَظْمِ,أخصائي العظم,2,3,right,lexical
data/raw/vedios-dataset/mosl_videos_dataset_Diverse/أَخِصَّائِيُّ العُيُونِ.mp4,Diverse,أَخِصَّائِيُّ العُيُونِ,أخصائي العيون,,3,right,lexical
data/raw/vedios-dataset/mosl_videos_dataset_Diverse/أَخِصَّائِيُّ الكَبِدِ.mp4,Diverse,أَخِصَّائِيُّ الكَبِدِ,أخصائي الكبد,,2,right,lexical
data/raw/vedios-dataset/mosl_videos_dataset_Diverse/أَخِصَّائِيُّ المَعِدَةِ.mp4,Diverse,أَخِصَّائِيُّ المَعِدَةِ,أخصائي المعدة,,3,right,lexical
data/raw/vedios-dataset/mosl_videos_dataset_Diverse/أَخِصَّائِيُّ الوِلادَةِ (إِشَارَة 1).mp4,Diverse,أَخِصَّائِيُّ الوِلادَةِ,أخصائي الولادة,1,5,both,lexical
data/raw/vedios-dataset/mosl_videos_dataset_Diverse/أَخِصَّائِيُّ الوِلادَةِ (إِشَارَة 2).mp4,Diverse,أَخِصَّائِيُّ الوِلادَةِ,أخصائي الولادة,2,0,both,lexical
data/raw/vedios-dataset/mosl_videos_dataset_Diverse/أَخِيرًا (إِشَارَة 1).mp4,Diverse,أَخِيرًا,أخيرا,1,3,right,lexical
data/raw/vedios-dataset/mosl_videos_dataset_Diverse/أَخِيرًا (إِشَارَة 2).mp4,Diverse,أَخِيرًا,أخيرا,2,3,both,lexical
data/raw/vedios-dataset/mosl_videos_dataset_Diverse/أَخِيرٌ (إِشَارَة 1).mp4,Diverse,أَخِيرٌ,أخير,1,3,right,lexical
data/raw/vedios-dataset/mosl_videos_dataset_Diverse/أَخِيرٌ (إِشَارَة 2).mp4,Diverse,أَخِيرٌ,أخير,2,0,both,lexical
data/raw/vedios-dataset/mosl_videos_dataset_Diverse/أَخِيرٌ (إِشَارَة 3).mp4,Diverse,أَخِيرٌ,أخير,3,1,both,lexical
data/raw/vedios-dataset/mosl_videos_dataset_Diverse/أَخْبَرَ (إِشَارَة 1).mp4,Diverse,أَخْبَرَ,أخبر,1,0,both,lexical
data/raw/vedios-dataset/mosl_videos_dataset_Diverse/أَخْبَرَ (إِشَارَة 2).mp4,Diverse,أَخْبَرَ,أخبر,2,1,both,lexical
data/raw/vedios-dataset/mosl_videos_dataset_Diverse/أَخْضَرُ (إِشَارَة 1).mp4,Diverse,أَخْضَرُ,أخضر,1,3,right,lexical
data/raw/vedios-dataset/mosl_videos_dataset_Diverse/أَخْضَرُ (إِشَارَة 2).mp4,Diverse,أَخْضَرُ,أخضر,2,6,right,lexical
data/raw/vedios-dataset/mosl_videos_dataset_Diverse/أَخْطَأَ.mp4,Diverse,أَخْطَأَ,أخطأ,,3,right,lexical
data/raw/vedios-dataset/mosl_videos_dataset_Diverse/أَدَّى (إِشَارَة 1).mp4,Diverse,أَدَّى,أدى,1,5,both,lexical
data/raw/vedios-dataset/mosl_videos_dataset_Diverse/أَدْرَكَ (إِشَارَة 1).mp4,Diverse,أَدْرَكَ,أدرك,1,0,both,lexical
data/raw/vedios-dataset/mosl_videos_dataset_Diverse/أَدْرَكَ (إِشَارَة 2).mp4,Diverse,أَدْرَكَ,أدرك,2,6,right,lexical
data/raw/vedios-dataset/mosl_videos_dataset_Diverse/أَرَادَ (إِشَارَة 1).mp4,Diverse,أَرَادَ,أراد,1,4,left,lexical
data/raw/vedios-dataset/mosl_videos_dataset_Diverse/أَرَادَ (إِشَارَة 2).mp4,Diverse,أَرَادَ,أراد,2,1,both,lexical
data/raw/vedios-dataset/mosl_videos_dataset_Diverse/أَرُزٌّ (إِشَارَة 1).mp4,Diverse,أَرُزٌّ,أرز,1,2,right,lexical
data/raw/vedios-dataset/mosl_videos_dataset_Diverse/أَرُزٌّ (إِشَارَة 2).mp4,Diverse,أَرُزٌّ,أرز,2,0,both,lexical
data/raw/vedios-dataset/mosl_videos_dataset_Diverse/أَرِيكَةٌ (إِشَارَة 1).mp4,Diverse,أَرِيكَةٌ,أريكة,1,0,both,lexical
data/raw/vedios-dataset/mosl_videos_dataset_Diverse/أَرِيكَةٌ (إِشَارَة 2).mp4,Diverse,أَرِيكَةٌ,أريكة,2,1,both,lexical
data/raw/vedios-dataset/mosl_videos_dataset_Diverse/أَرْبَعَة.mp4,Diverse,أَرْبَعَة,أربعة,,4,both,lexical
data/raw/vedios-dataset/mosl_videos_dataset_Diverse/أَرْبِطَةُ الحِذَاءِ (إِشَارَة 1).mp4,Diverse,أَرْبِطَةُ الحِذَاءِ,أربطة الحذاء,1,0,both,lexical
data/raw/vedios-dataset/mosl_videos_dataset_Diverse/أَرْبِطَةُ الحِذَاءِ (إِشَارَة 2).mp4,Diverse,أَرْبِطَةُ الحِذَاءِ,أربطة الحذاء,2,0,left,lexical
data/raw/vedios-dataset/mosl_videos_dataset_Diverse/أَرْبِطَةُ الحِذَاءِ (إِشَارَة 3).mp4,Diverse,أَرْبِطَةُ الحِذَاءِ,أربطة الحذاء,3,1,both,lexical
data/raw/vedios-dataset/mosl_videos_dataset_Diverse/أَرْكَانُ الْإِسْلاَمِ (إِشَارَة 1).mp4,Diverse,أَرْكَانُ الْإِسْلاَمِ,أركان الإسلام,1,3,right,lexical
data/raw/vedios-dataset/mosl_videos_dataset_Diverse/أَرْكَانُ الْإِسْلاَمِ (إِشَارَة 2).mp4,Diverse,أَرْكَانُ الْإِسْلاَمِ,أركان الإسلام,2,0,both,lexical
data/raw/vedios-dataset/mosl_videos_dataset_Diverse/أَرْكَانُ الْإِسْلاَمِ (إِشَارَة 3).mp4,Diverse,أَرْكَانُ الْإِسْلاَمِ,أركان الإسلام,3,1,left,lexical
data/raw/vedios-dataset/mosl_videos_dataset_Diverse/أَرْنَبٌ (إِشَارَة 1).mp4,Diverse,أَرْنَبٌ,أرنب,1,0,both,lexical
data/raw/vedios-dataset/mosl_videos_dataset_Diverse/أَرْنَبٌ (إِشَارَة 2).mp4,Diverse,أَرْنَبٌ,أرنب,2,1,both,lexical
data/raw/vedios-dataset/mosl_videos_dataset_Diverse/أَرْنَبٌ (إِشَارَة 3).mp4,Diverse,أَرْنَبٌ,أرنب,3,4,both,lexical
data/raw/vedios-dataset/mosl_videos_dataset_Diverse/أَزَالَ (إِشَارَة 1).mp4,Diverse,أَزَالَ,أزال,1,4,both,lexical
data/raw/vedios-dataset/mosl_videos_dataset_Diverse/أَزَالَ (إِشَارَة 2).mp4,Diverse,أَزَالَ,أزال,2,0,both,lexical
data/raw/vedios-dataset/mosl_videos_dataset_Diverse/أَزْرَقُ (إِشَارَة 1).mp4,Diverse,أَزْرَقُ,أزرق,1,2,right,lexical
data/raw/vedios-dataset/mosl_videos_dataset_Diverse/أَزْرَقُ (إِشَارَة 2).mp4,Diverse,أَزْرَقُ,أزرق,2,6,right,lexical
data/raw/vedios-dataset/mosl_videos_dataset_Diverse/أَزْرَقُ (إِشَارَة 3).mp4,Diverse,أَزْرَقُ,أزرق,3,6,right,lexical
data/raw/vedios-dataset/mosl_videos_dataset_Diverse/أَسَدٌ (إِشَارَة 1).mp4,Diverse,أَسَدٌ,أسد,1,3,right,lexical
data/raw/vedios-dataset/mosl_videos_dataset_Diverse/أَسَدٌ (إِشَارَة 2).mp4,Diverse,أَسَدٌ,أسد,2,5,both,lexical
data/raw/vedios-dataset/mosl_videos_dataset_Diverse/أَسَّسَ.mp4,Diverse,أَسَّسَ,أسس,,4,both,lexical
data/raw/vedios-dataset/mosl_videos_dataset_Diverse/أَسْفَلُ.mp4,Diverse,أَسْفَلُ,أسفل,,0,both,lexical
data/raw/vedios-dataset/mosl_videos_dataset_Diverse/أَسْوَدُ (إِشَارَة 1).mp4,Diverse,أَسْوَدُ,أسود,1,3,right,lexical
data/raw/vedios-dataset/mosl_videos_dataset_Diverse/أَسْوَدُ (إِشَارَة 2).mp4,Diverse,أَسْوَدُ,أسود,2,3,right,lexical
data/raw/vedios-dataset/mosl_videos_dataset_Diverse/أَسْوَدُ (إِشَارَة 3).mp4,Diverse,أَسْوَدُ,أسود,3,6,right,lexical
data/raw/vedios-dataset/mosl_videos_dataset_Diverse/أَشَاعَ.mp4,Diverse,أَشَاعَ,أشاع,,0,both,lexical
data/raw/vedios-dataset/mosl_videos_dataset_Diverse/أَصَمُّ (إِشَارَة 1).mp4,Diverse,أَصَمُّ,أصم,1,3,right,lexical
data/raw/vedios-dataset/mosl_videos_dataset_Diverse/أَصَمُّ (إِشَارَة 2).mp4,Diverse,أَصَمُّ,أصم,2,7,right,lexical
data/raw/vedios-dataset/mosl_videos_dataset_Diverse/أَصِيلَةُ (إِشَارَة 1).mp4,Diverse,أَصِيلَةُ,أصيلة,1,6,right,lexical
data/raw/vedios-dataset/mosl_videos_dataset_Diverse/أَصِيلَةُ (إِشَارَة 2).mp4,Diverse,أَصِيلَةُ,أصيلة,2,6,right,lexical
data/raw/vedios-dataset/mosl_videos_dataset_Diverse/أَصْبَحَ (إِشَارَة 1).mp4,Diverse,أَصْبَحَ,أصبح,1,0,both,lexical
data/raw/vedios-dataset/mosl_videos_dataset_Diverse/أَصْبَحَ (إِشَارَة 2).mp4,Diverse,أَصْبَحَ,أصبح,2,1,left,lexical
data/raw/vedios-dataset/mosl_videos_dataset_Diverse/أَصْفَرُ (إِشَارَة 1).mp4,Diverse,أَصْفَرُ,أصفر,1,3,right,lexical
data/raw/vedios-dataset/mosl_videos_dataset_Diverse/أَصْفَرُ (إِشَارَة 2).mp4,Diverse,أَصْفَرُ,أصفر,2,3,right,lexical
data/raw/vedios-dataset/mosl_videos_dataset_Diverse/أَصْلَحَ.mp4,Diverse,أَصْلَحَ,أصلح,,5,both,lexical
data/raw/vedios-dataset/mosl_videos_dataset_Diverse/أَصْلَعُ.mp4,Diverse,أَصْلَعُ,أصلع,,5,both,lexical
data/raw/vedios-dataset/mosl_videos_dataset_Diverse/أَضَافَ (إِشَارَة 1).mp4,Diverse,أَضَافَ,أضاف,1,3,both,lexical
data/raw/vedios-dataset/mosl_videos_dataset_Diverse/أَضَافَ (إِشَارَة 2).mp4,Diverse,أَضَافَ,أضاف,2,1,both,lexical
data/raw/vedios-dataset/mosl_videos_dataset_Diverse/أَطْفَأَ (إِشَارَة 1).mp4,Diverse,أَطْفَأَ,أطفأ,1,5,both,lexical
data/raw/vedios-dataset/mosl_videos_dataset_Diverse/أَطْفَأَ (إِشَارَة 2).mp4,Diverse,أَطْفَأَ,أطفأ,2,1,right,lexical
data/raw/vedios-dataset/mosl_videos_dataset_Diverse/أَعَادَ (إِشَارَة 1).mp4,Diverse,أَعَادَ,أعاد,1,0,both,lexical
data/raw/vedios-dataset/mosl_videos_dataset_Diverse/أَعَادَ (إِشَارَة 2).mp4,Diverse,أَعَادَ,أعاد,2,5,both,lexical
data/raw/vedios-dataset/mosl_videos_dataset_Diverse/أَعْزَبُ (إِشَارَة 1).mp4,Diverse,أَعْزَبُ,أعزب,1,4,both,lexical
data/raw/vedios-dataset/mosl_videos_dataset_Diverse/أَعْزَبُ (إِشَارَة 2).mp4,Diverse,أَعْزَبُ,أعزب,2,0,left,lexical
data/raw/vedios-dataset/mosl_videos_dataset_Diverse/أَعْزَبُ (إِشَارَة 3).mp4,Diverse,أَعْزَبُ,أعزب,3,1,both,lexical
data/raw/vedios-dataset/mosl_videos_dataset_Diverse/أَعْطَى.mp4,Diverse,أَعْطَى,أعطى,,3,right,lexical
data/raw/vedios-dataset/mosl_videos_dataset_Diverse/أَعْلَمَ.mp4,Diverse,أَعْلَمَ,أعلم,,0,both,lexical
data/raw/vedios-dataset/mosl_videos_dataset_Diverse/أَعْمَى (إِشَارَة 1).mp4,Diverse,أَعْمَى,أعمى,1,4,both,lexical
data/raw/vedios-dataset/mosl_videos_dataset_Diverse/أَعْمَى (إِشَارَة 2).mp4,Diverse,أَعْمَى,أعمى,2,1,right,lexical
data/raw/vedios-dataset/mosl_videos_dataset_Diverse/أَغْلَقَ.mp4,Diverse,أَغْلَقَ,أغلق,,5,both,lexical
data/raw/vedios-dataset/mosl_videos_dataset_Diverse/أَغْمَضَ.mp4,Diverse,أَغْمَضَ,أغمض,,4,both,lexical
data/raw/vedios-dataset/mosl_videos_dataset_Diverse/أَفْرَغَ.mp4,Diverse,أَفْرَغَ,أفرغ,,5,left,lexical
data/raw/vedios-dataset/mosl_videos_dataset_Diverse/أَفْغَانِسْتَان (إِشَارَة 1).mp4,Diverse,أَفْغَانِسْتَان,أفغانستان,1,6,right,lexical
data/raw/vedios-dataset/mosl_videos_dataset_Diverse/أَفْغَانِسْتَان (إِشَارَة 2).mp4,Diverse,أَفْغَانِسْتَان,أفغانستان,2,7,right,lexical
data/raw/vedios-dataset/mosl_videos_dataset_Diverse/أَقَلُّ.mp4,Diverse,أَقَلُّ,أقل,,5,both,lexical
data/raw/vedios-dataset/mosl_videos_dataset_Diverse/أَقْسَمَ (إِشَارَة 1).mp4,Diverse,أَقْسَمَ,أقسم,1,4,both,lexical
data/raw/vedios-dataset/mosl_videos_dataset_Diverse/أَقْسَمَ (إِشَارَة 2).mp4,Diverse,أَقْسَمَ,أقسم,2,3,right,lexical
data/raw/vedios-dataset/mosl_videos_dataset_Diverse/أَقْسَمَ (إِشَارَة 3).mp4,Diverse,أَقْسَمَ,أقسم,3,1,both,lexical
data/raw/vedios-dataset/mosl_videos_dataset_Diverse/أَكَادِير.mp4,Diverse,أَكَادِير,أكادير,,5,both,lexical
data/raw/vedios-dataset/mosl_videos_dataset_Diverse/أَكَلَ.mp4,Diverse,أَكَلَ,أكل,,6,right,lexical
data/raw/vedios-dataset/mosl_videos_dataset_Diverse/أَكْثَرُ (إِشَارَة 1).mp4,Diverse,أَكْثَرُ,أكثر,1,0,both,lexical
data/raw/vedios-dataset/mosl_videos_dataset_Diverse/أَكْثَرُ (إِشَارَة 2).mp4,Diverse,أَكْثَرُ,أكثر,2,5,both,lexical
data/raw/vedios-dataset/mosl_videos_dataset_Diverse/أَلَمٌ (إِشَارَة 1).mp4,Diverse,أَلَمٌ,ألم,1,6,both,lexical
data/raw/vedios-dataset/mosl_videos_dataset_Diverse/أَلَمٌ (إِشَارَة 2).mp4,Diverse,أَلَمٌ,ألم,2,1,right,lexical
data/raw/vedios-dataset/mosl_videos_dataset_Diverse/أَلْعَابُ الْقُوَى (إِشَارَة 1).mp4,Diverse,أَلْعَابُ الْقُوَى,ألعاب القوى,1,0,both,lexical
data/raw/vedios-dataset/mosl_videos_dataset_Diverse/أَلْعَابُ الْقُوَى (إِشَارَة 2).mp4,Diverse,أَلْعَابُ الْقُوَى,ألعاب القوى,2,0,both,lexical
data/raw/vedios-dataset/mosl_videos_dataset_Diverse/أَلْفُ دِرْهَمٍ.mp4,Diverse,أَلْفُ دِرْهَمٍ,ألف درهم,,6,right,lexical
data/raw/vedios-dataset/mosl_videos_dataset_Diverse/أَمَامَ (إِشَارَة 1).mp4,Diverse,أَمَامَ,أمام,1,0,both,lexical
data/raw/vedios-dataset/mosl_videos_dataset_Diverse/أَمَامَ (إِشَارَة 2).mp4,Diverse,أَمَامَ,أمام,2,0,both,lexical
data/raw/vedios-dataset/mosl_videos_dataset_Diverse/أَمَامَ (إِشَارَة 3).mp4,Diverse,أَمَامَ,أمام,3,0,both,lexical
data/raw/vedios-dataset/mosl_videos_dataset_Diverse/أَمَامَ (إِشَارَة 4).mp4,Diverse,أَمَامَ,أمام,4,1,both,lexical
data/raw/vedios-dataset/mosl_videos_dataset_Diverse/أَمَرَ.mp4,Diverse,أَمَرَ,أمر,,4,both,lexical
data/raw/vedios-dataset/mosl_videos_dataset_Diverse/أَمَلٌ.mp4,Diverse,أَمَلٌ,أمل,,0,both,lexical
data/raw/vedios-dataset/mosl_videos_dataset_Diverse/أَمْسٌ (إِشَارَة 1).mp4,Diverse,أَمْسٌ,أمس,1,6,right,lexical
data/raw/vedios-dataset/mosl_videos_dataset_Diverse/أَمْسٌ (إِشَارَة 2).mp4,Diverse,أَمْسٌ,أمس,2,6,right,lexical
data/raw/vedios-dataset/mosl_videos_dataset_Diverse/أَمْسَكَ.mp4,Diverse,أَمْسَكَ,أمسك,,6,right,lexical
data/raw/vedios-dataset/mosl_videos_dataset_Diverse/أَمْعَاءٌ (إِشَارَة 1).mp4,Diverse,أَمْعَاءٌ,أمعاء,1,6,right,lexical
data/raw/vedios-dataset/mosl_videos_dataset_Diverse/أَمْعَاءٌ (إِشَارَة 2).mp4,Diverse,أَمْعَاءٌ,أمعاء,2,6,both,lexical
data/raw/vedios-dataset/mosl_videos_dataset_Diverse/أَمْعَاءٌ (إِشَارَة 3).mp4,Diverse,أَمْعَاءٌ,أمعاء,3,1,right,lexical
data/raw/vedios-dataset/mosl_videos_dataset_Diverse/أَنَانَس (إِشَارَة 1).mp4,Diverse,أَنَانَس,أنانس,1,4,both,lexical
data/raw/vedios-dataset/mosl_videos_dataset_Diverse/أَنَانَس (إِشَارَة 2).mp4,Diverse,أَنَانَس,أنانس,2,1,both,lexical
data/raw/vedios-dataset/mosl_videos_dataset_Diverse/أَنَّ.mp4,Diverse,أَنَّ,أن,,5,left,lexical
data/raw/vedios-dataset/mosl_videos_dataset_Diverse/أَنِيقٌ (إِشَارَة 1).mp4,Diverse,أَنِيقٌ,أنيق,1,4,both,lexical
data/raw/vedios-dataset/mosl_videos_dataset_Diverse/أَنْفٌ.mp4,Diverse,أَنْفٌ,أنف,,6,right,lexical
data/raw/vedios-dataset/mosl_videos_dataset_Diverse/أَنْقَذَ.mp4,Diverse,أَنْقَذَ,أنقذ,,4,both,lexical
data/raw/vedios-dataset/mosl_videos_dataset_Diverse/أَوَّل مَرَّة (إِشَارَة 1).mp4,Diverse,أَوَّل مَرَّة,أول مرة,1,0,both,lexical
data/raw/vedios-dataset/mosl_videos_dataset_Diverse/أَوَّل مَرَّة (إِشَارَة 2).mp4,Diverse,أَوَّل مَرَّة,أول مرة,2,1,right,lexical
data/raw/vedios-dataset/mosl_videos_dataset_Diverse/أَوَّلاً.mp4,Diverse,أَوَّلاً,أولا,,6,right,lexical
data/raw/vedios-dataset/mosl_videos_dataset_Diverse/أَوْ (إِشَارَة 1).mp4,Diverse,أَوْ,أو,1,5,both,lexical
data/raw/vedios-dataset/mosl_videos_dataset_Diverse/أَوْ (إِشَارَة 2).mp4,Diverse,أَوْ,أو,2,6,right,lexical
data/raw/vedios-dataset/mosl_videos_dataset_Diverse/أَوْقَفَ (إِشَارَة 1).mp4,Diverse,أَوْقَفَ,أوقف,1,0,both,lexical
data/raw/vedios-dataset/mosl_videos_dataset_Diverse/أَوْقَفَ (إِشَارَة 2).mp4,Diverse,أَوْقَفَ,أوقف,2,1,left,lexical
data/raw/vedios-dataset/mosl_videos_dataset_Diverse/أَيْضًا.mp4,Diverse,أَيْضًا,أيضا,,2,right,lexical
data/raw/vedios-dataset/mosl_videos_dataset_Diverse/أَيْنَ (إِشَارَة 1).mp4,Diverse,أَيْنَ,أين,1,4,left,lexical
data/raw/vedios-dataset/mosl_videos_dataset_Diverse/أَيْنَ (إِشَارَة 2).mp4,Diverse,أَيْنَ,أين,2,0,both,lexical
data/raw/vedios-dataset/mosl_videos_dataset_Diverse/أُتُوبِيسٌ (إِشَارَة 1).mp4,Diverse,أُتُوبِيسٌ,أتوبيس,1,3,right,lexical
data/raw/vedios-dataset/mosl_videos_dataset_Diverse/أُتُوبِيسٌ (إِشَارَة 2).mp4,Diverse,أُتُوبِيسٌ,أتوبيس,2,3,right,lexical
data/raw/vedios-dataset/mosl_videos_dataset_Diverse/أُجْرَةٌ (إِشَارَة 1).mp4,Diverse,أُجْرَةٌ,أجرة,1,2,right,lexical
data/raw/vedios-dataset/mosl_videos_dataset_Diverse/أُجْرَةٌ (إِشَارَة 2).mp4,Diverse,أُجْرَةٌ,أجرة,2,6,right,lexical
data/raw/vedios-dataset/mosl_videos_dataset_Diverse/أُخْتٌ.mp4,Diverse,أُخْتٌ,أخت,,3,right,lexical
data/raw/vedios-dataset/mosl_videos_dataset_Diverse/أُذْنٌ.mp4,Diverse,أُذْنٌ,أذن,,3,right,lexical
data/raw/vedios-dataset/mosl_videos_dataset_Diverse/أُرْجُوحَةٌ.mp4,Diverse,أُرْجُوحَةٌ,أرجوحة,,4,left,lexical
data/raw/vedios-dataset/mosl_videos_dataset_Diverse/أُسْبُوعٌ.mp4,Diverse,أُسْبُوعٌ,أسبوع,,0,both,lexical
data/raw/vedios-dataset/mosl_videos_dataset_Diverse/أُسْتَاذٌ (إِشَارَة 1).mp4,Diverse,أُسْتَاذٌ,أستاذ,1,5,both,lexical
data/raw/vedios-dataset/mosl_videos_dataset_Diverse/أُسْتَاذٌ (إِشَارَة 2).mp4,Diverse,أُسْتَاذٌ,أستاذ,2,3,right,lexical
data/raw/vedios-dataset/mosl_videos_dataset_Diverse/أُسْتَاذٌ (إِشَارَة 3).mp4,Diverse,أُسْتَاذٌ,أستاذ,3,1,right,lexical
data/raw/vedios-dataset/mosl_videos_dataset_Diverse/أُسْطُوَانَةٌ.mp4,Diverse,أُسْطُوَانَةٌ,أسطوانة,,0,both,lexical
data/raw/vedios-dataset/mosl_videos_dataset_Diverse/أُطْرُوحَةٌ.mp4,Diverse,أُطْرُوحَةٌ,أطروحة,,0,both,lexical
data/raw/vedios-dataset/mosl_videos_dataset_Diverse/أُكُورْدِيُون.mp4,Diverse,أُكُورْدِيُون,أكورديون,,4,left,lexical
data/raw/vedios-dataset/mosl_videos_dataset_Diverse/أُمٌّ (إِشَارَة 1).mp4,Diverse,أُمٌّ,أم,1,3,right,lexical
data/raw/vedios-dataset/mosl_videos_dataset_Diverse/أُمٌّ (إِشَارَة 2).mp4,Diverse,أُمٌّ,أم,2,6,right,lexical
data/raw/vedios-dataset/mosl_videos_dataset_Diverse/أُمٌّ (إِشَارَة 3).mp4,Diverse,أُمٌّ,أم,3,6,right,lexical
data/raw/vedios-dataset/mosl_videos_dataset_Diverse/أُمٌّ (إِشَارَة 4).mp4,Diverse,أُمٌّ,أم,4,6,right,lexical
data/raw/vedios-dataset/mosl_videos_dataset_Diverse/أُولَمْبِيَاد.mp4,Diverse,أُولَمْبِيَاد,أولمبياد,,0,both,lexical
data/raw/vedios-dataset/mosl_videos_dataset_Diverse/أُيَّلٌ.mp4,Diverse,أُيَّلٌ,أيل,,5,left,lexical
data/raw/vedios-dataset/mosl_videos_dataset_Diverse/اِبْتَسَمَ (إِشَارَة 1).mp4,Diverse,اِبْتَسَمَ,ابتسم,1,5,left,lexical
data/raw/vedios-dataset/mosl_videos_dataset_Diverse/اِبْتَسَمَ (إِشَارَة 2).mp4,Diverse,اِبْتَسَمَ,ابتسم,2,6,right,lexical
data/raw/vedios-dataset/mosl_videos_dataset_Diverse/اِبْنٌ (إِشَارَة 1).mp4,Diverse,اِبْنٌ,ابن,1,6,right,lexical
data/raw/vedios-dataset/mosl_videos_dataset_Diverse/اِبْنٌ (إِشَارَة 2).mp4,Diverse,اِبْنٌ,ابن,2,5,both,lexical
data/raw/vedios-dataset/mosl_videos_dataset_Diverse/اِبْنُ الْعَمِّ (إِشَارَة 1).mp4,Diverse,اِبْنُ الْعَمِّ,ابن العم,1,5,both,lexical
data/raw/vedios-dataset/mosl_videos_dataset_Diverse/اِبْنُ الْعَمِّ (إِشَارَة 2).mp4,Diverse,اِبْنُ الْعَمِّ,ابن العم,2,1,right,lexical
data/raw/vedios-dataset/mosl_videos_dataset_Diverse/اِتَّصَلَ.mp4,Diverse,اِتَّصَلَ,اتصل,,6,right,lexical
data/raw/vedios-dataset/mosl_videos_dataset_Diverse/اِتَّفَقَ.mp4,Diverse,اِتَّفَقَ,اتفق,,5,both,lexical
data/raw/vedios-dataset/mosl_videos_dataset_Diverse/اِتَّهَمَ.mp4,Diverse,اِتَّهَمَ,اتهم,,2,right,lexical
data/raw/vedios-dataset/mosl_videos_dataset_Diverse/اِتِّجَاهٌ.mp4,Diverse,اِتِّجَاهٌ,اتجاه,,3,right,lexical
data/raw/vedios-dataset/mosl_videos_dataset_Diverse/اِتِّحَادٌ (إِشَارَة 1).mp4,Diverse,اِتِّحَادٌ,اتحاد,1,5,both,lexical
data/raw/vedios-dataset/mosl_videos_dataset_Diverse/اِتِّحَادٌ (إِشَارَة 2).mp4,Diverse,اِتِّحَادٌ,اتحاد,2,0,both,lexical
data/raw/vedios-dataset/mosl_videos_dataset_Diverse/اِتِّحَادٌ (إِشَارَة 3).mp4,Diverse,اِتِّحَادٌ,اتحاد,3,0,both,lexical
data/raw/vedios-dataset/mosl_videos_dataset_Diverse/اِثْنَانِ.mp4,Diverse,اِثْنَانِ,اثنان,,3,right,lexical
data/raw/vedios-dataset/mosl_videos_dataset_Diverse/اِجْتِمَاعٌ (إِشَارَة 1).mp4,Diverse,اِجْتِمَاعٌ,اجتماع,1,5,both,lexical
data/raw/vedios-dataset/mosl_videos_dataset_Diverse/اِجْتِمَاعٌ (إِشَارَة 2).mp4,Diverse,اِجْتِمَاعٌ,اجتماع,2,5,both,lexical
data/raw/vedios-dataset/mosl_videos_dataset_Diverse/اِجْتِمَاعٌ (إِشَارَة 3).mp4,Diverse,اِجْتِمَاعٌ,اجتماع,3,1,both,lexical
data/raw/vedios-dataset/mosl_videos_dataset_Diverse/اِحْتَجَّ.mp4,Diverse,اِحْتَجَّ,احتج,,0,both,lexical
data/raw/vedios-dataset/mosl_videos_dataset_Diverse/اِحْتَفَظَ (إِشَارَة 1).mp4,Diverse,اِحْتَفَظَ,احتفظ,1,0,right,lexical
data/raw/vedios-dataset/mosl_videos_dataset_Diverse/اِحْتَفَظَ (إِشَارَة 2).mp4,Diverse,اِحْتَفَظَ,احتفظ,2,0,both,lexical
data/raw/vedios-dataset/mosl_videos_dataset_Diverse/اِحْتَفَظَ (إِشَارَة 3).mp4,Diverse,اِحْتَفَظَ,احتفظ,3,5,both,lexical
data/raw/vedios-dataset/mosl_videos_dataset_Diverse/اِحْتِكَاكٌ.mp4,Diverse,اِحْتِكَاكٌ,احتكاك,,0,both,lexical
data/raw/vedios-dataset/mosl_videos_dataset_Diverse/اِحْذَرْ.mp4,Diverse,اِحْذَرْ,احذر,,0,left,lexical
data/raw/vedios-dataset/mosl_videos_dataset_Diverse/اِخْتَارَ.mp4,Diverse,اِخْتَارَ,اختار,,4,both,lexical
data/raw/vedios-dataset/mosl_videos_dataset_Diverse/اِخْتَبَأَ (إِشَارَة 1).mp4,Diverse,اِخْتَبَأَ,اختبأ,1,4,both,lexical
data/raw/vedios-dataset/mosl_videos_dataset_Diverse/اِخْتَبَأَ (إِشَارَة 2).mp4,Diverse,اِخْتَبَأَ,اختبأ,2,0,both,lexical
data/raw/vedios-dataset/mosl_videos_dataset_Diverse/اِخْتَفَى.mp4,Diverse,اِخْتَفَى,اختفى,,4,left,lexical
data/raw/vedios-dataset/mosl_videos_dataset_Diverse/اِخْتِرَاقٌ (إِشَارَة 1).mp4,Diverse,اِخْتِرَاقٌ,اختراق,1,5,left,lexical
data/raw/vedios-dataset/mosl_videos_dataset_Diverse/اِدَّخَرَ (إِشَارَة 1).mp4,Diverse,اِدَّخَرَ,ادخر,1,0,both,lexical
data/raw/vedios-dataset/mosl_videos_dataset_Diverse/اِدَّخَرَ (إِشَارَة 2).mp4,Diverse,اِدَّخَرَ,ادخر,2,4,both,lexical
data/raw/vedios-dataset/mosl_videos_dataset_Diverse/اِرْتَاحَ (إِشَارَة 1).mp4,Diverse,اِرْتَاحَ,ارتاح,1,5,both,lexical
data/raw/vedios-dataset/mosl_videos_dataset_Diverse/اِرْتَاحَ (إِشَارَة 2).mp4,Diverse,اِرْتَاحَ,ارتاح,2,5,both,lexical
data/raw/vedios-dataset/mosl_videos_dataset_Diverse/اِرْتَاحَ (إِشَارَة 3).mp4,Diverse,اِرْتَاحَ,ارتاح,3,5,both,lexical
data/raw/vedios-dataset/mosl_videos_dataset_Diverse/اِرْتَطَمَ.mp4,Diverse,اِرْتَطَمَ,ارتطم,,0,both,lexical
data/raw/vedios-dataset/mosl_videos_dataset_Diverse/اِسْتَدْعَى (إِشَارَة 1).mp4,Diverse,اِسْتَدْعَى,استدعى,1,6,right,lexical
data/raw/vedios-dataset/mosl_videos_dataset_Diverse/اِسْتَدْعَى (إِشَارَة 2).mp4,Diverse,اِسْتَدْعَى,استدعى,2,0,both,lexical
data/raw/vedios-dataset/mosl_videos_dataset_Diverse/اِسْتَقَرَّ (إِشَارَة 1).mp4,Diverse,اِسْتَقَرَّ,استقر,1,0,left,lexical
data/raw/vedios-dataset/mosl_videos_dataset_Diverse/اِسْتَقْبَلَ (إِشَارَة 1).mp4,Diverse,اِسْتَقْبَلَ,استقبل,1,0,both,lexical
data/raw/vedios-dataset/mosl_videos_dataset_Diverse/اِسْتَمْتَعَ (إِشَارَة 1).mp4,Diverse,اِسْتَمْتَعَ,استمتع,1,0,left,lexical
data/raw/vedios-dataset/mosl_videos_dataset_Diverse/اِسْتَمْتَعَ (إِشَارَة 2).mp4,Diverse,اِسْتَمْتَعَ,استمتع,2,4,both,lexical
data/raw/vedios-dataset/mosl_videos_dataset_Diverse/اِسْتَيْقَظَ.mp4,Diverse,اِسْتَيْقَظَ,استيقظ,,0,both,lexical
data/raw/vedios-dataset/mosl_videos_dataset_Diverse/اِسْتِرَاحَةٌ (إِشَارَة 1).mp4,Diverse,اِسْتِرَاحَةٌ,استراحة,1,0,both,lexical
data/raw/vedios-dataset/mosl_videos_dataset_Diverse/اِسْتِرَاحَةٌ (إِشَارَة 2).mp4,Diverse,اِسْتِرَاحَةٌ,استراحة,2,4,left,lexical
data/raw/vedios-dataset/mosl_videos_dataset_Diverse/اِسْمٌ.mp4,Diverse,اِسْمٌ,اسم,,5,both,lexical
data/raw/vedios-dataset/mosl_videos_dataset_Diverse/اِشْتَرَى.mp4,Diverse,اِشْتَرَى,اشترى,,5,both,lexical
data/raw/vedios-dataset/mosl_videos_dataset_Diverse/اِشْتِرَاكُ الهَاتِفِ.mp4,Diverse,اِشْتِرَاكُ الهَاتِفِ,اشتراك الهاتف,,6,right,lexical
data/raw/vedios-dataset/mosl_videos_dataset_Diverse/اِشْمِئْزَازٌ.mp4,Diverse,اِشْمِئْزَازٌ,اشمئزاز,,0,both,lexical
data/raw/vedios-dataset/mosl_videos_dataset_Diverse/اِعْتَادَ (إِشَارَة 1).mp4,Diverse,اِعْتَادَ,اعتاد,1,5,left,lexical
data/raw/vedios-dataset/mosl_videos_dataset_Diverse/اِعْتَادَ (إِشَارَة 2).mp4,Diverse,اِعْتَادَ,اعتاد,2,0,both,lexical
data/raw/vedios-dataset/mosl_videos_dataset_Diverse/اِعْتَرَضَ.mp4,Diverse,اِعْتَرَضَ,اعترض,,0,both,lexical
data/raw/vedios-dataset/mosl_videos_dataset_Diverse/اِفْتَرَقَ (إِشَارَة 1).mp4,Diverse,اِفْتَرَقَ,افترق,1,5,both,lexical
data/raw/vedios-dataset/mosl_videos_dataset_Diverse/اِقْتِطَاعٌ (إِشَارَة 1).mp4,Diverse,اِقْتِطَاعٌ,اقتطاع,1,5,both,lexical
data/raw/vedios-dataset/mosl_videos_dataset_Diverse/اِقْتِطَاعٌ (إِشَارَة 2).mp4,Diverse,اِقْتِطَاعٌ,اقتطاع,2,5,both,lexical
data/raw/vedios-dataset/mosl_videos_dataset_Diverse/اِكْتَشَفَ.mp4,Diverse,اِكْتَشَفَ,اكتشف,,0,both,lexical
data/raw/vedios-dataset/mosl_videos_dataset_Diverse/اِلْتَحَقَ.mp4,Diverse,اِلْتَحَقَ,التحق,,5,both,lexical
data/raw/vedios-dataset/mosl_videos_dataset_Diverse/اِمْتِحَانٌ (إِشَارَة 1).mp4,Diverse,اِمْتِحَانٌ,امتحان,1,5,both,lexical
data/raw/vedios-dataset/mosl_videos_dataset_Diverse/اِمْتِحَانٌ (إِشَارَة 2).mp4,Diverse,اِمْتِحَانٌ,امتحان,2,1,both,lexical
data/raw/vedios-dataset/mosl_videos_dataset_Diverse/اِنْتَخَبَ.mp4,Diverse,اِنْتَخَبَ,انتخب,,4,both,lexical
data/raw/vedios-dataset/mosl_videos_dataset_Diverse/اِنْتَصَرَ (إِشَارَة 1).mp4,Diverse,اِنْتَصَرَ,انتصر,1,0,both,lexical
data/raw/vedios-dataset/mosl_videos_dataset_Diverse/اِنْتَظَرَ (إِشَارَة 1).mp4,Diverse,اِنْتَظَرَ,انتظر,1,5,both,lexical
data/raw/vedios-dataset/mosl_videos_dataset_Diverse/اِنْتَظَرَ (إِشَارَة 2).mp4,Diverse,اِنْتَظَرَ,انتظر,2,0,left,lexical
data/raw/vedios-dataset/mosl_videos_dataset_Diverse/اِنْتَعَشَ.mp4,Diverse,اِنْتَعَشَ,انتعش,,5,both,lexical
data/raw/vedios-dataset/mosl_videos_dataset_Diverse/اِنْتَقَلَ (إِشَارَة 1).mp4,Diverse,اِنْتَقَلَ,انتقل,1,5,both,lexical
data/raw/vedios-dataset/mosl_videos_dataset_Diverse/اِنْتَقَلَ (إِشَارَة 2).mp4,Diverse,اِنْتَقَلَ,انتقل,2,5,both,lexical
data/raw/vedios-dataset/mosl_videos_dataset_Diverse/اِنْتَهَى (إِشَارَة 1).mp4,Diverse,اِنْتَهَى,انتهى,1,5,both,lexical
data/raw/vedios-dataset/mosl_videos_dataset_Diverse/اِنْتَهَى (إِشَارَة 2).mp4,Diverse,اِنْتَهَى,انتهى,2,1,both,lexical
data/raw/vedios-dataset/mosl_videos_dataset_Diverse/اِنْخَرَطَ (إِشَارَة 1).mp4,Diverse,اِنْخَرَطَ,انخرط,1,5,both,lexical
data/raw/vedios-dataset/mosl_videos_dataset_Diverse/اِنْخَرَطَ (إِشَارَة 2).mp4,Diverse,اِنْخَرَطَ,انخرط,2,0,both,lexical
data/raw/vedios-dataset/mosl_videos_dataset_Diverse/اِنْخِفَاضٌ.mp4,Diverse,اِنْخِفَاضٌ,انخفاض,,5,both,lexical
data/raw/vedios-dataset/mosl_videos_dataset_Diverse/اِنْدَمَجَ.mp4,Diverse,اِنْدَمَجَ,اندمج,,5,left,lexical
data/raw/vedios-dataset/mosl_videos_dataset_Diverse/اِنْسَحَبَ.mp4,Diverse,اِنْسَحَبَ,انسحب,,2,both,lexical
data/raw/vedios-dataset/mosl_videos_dataset_Diverse/اِنْفَجَرَ.mp4,Diverse,اِنْفَجَرَ,انفجر,,0,both,lexical
data/raw/vedios-dataset/mosl_videos_dataset_Diverse/اِنْقِطَاعُ الكَهْرَبَاءِ (إِشَارَة 1).mp4,Diverse,اِنْقِطَاعُ الكَهْرَبَاءِ,انقطاع الكهرباء,1,5,both,lexical
data/raw/vedios-dataset/mosl_videos_dataset_Diverse/اِنْقِطَاعُ الكَهْرَبَاءِ (إِشَارَة 2).mp4,Diverse,اِنْقِطَاعُ الكَهْرَبَاءِ,انقطاع الكهرباء,2,1,both,lexical
data/raw/vedios-dataset/mosl_videos_dataset_Diverse/إِبْرَاهِيمُ عَلَيْهِ السَّلاَمُ.mp4,Diverse,إِبْرَاهِيمُ عَلَيْهِ السَّلاَمُ,إبراهيم عليه السلام,,5,both,lexical
data/raw/vedios-dataset/mosl_videos_dataset_Diverse/إِبْرَةٌ (إِشَارَة 1).mp4,Diverse,إِبْرَةٌ,إبرة,1,0,both,lexical
data/raw/vedios-dataset/mosl_videos_dataset_Diverse/إِبْرَةٌ (إِشَارَة 2).mp4,Diverse,إِبْرَةٌ,إبرة,2,5,both,lexical
data/raw/vedios-dataset/mosl_videos_dataset_Diverse/إِبْرِيقٌ.mp4,Diverse,إِبْرِيقٌ,إبريق,,0,both,lexical
data/raw/vedios-dataset/mosl_videos_dataset_Diverse/إِبْطٌ.mp4,Diverse,إِبْطٌ,إبط,,0,left,lexical
data/raw/vedios-dataset/mosl_videos_dataset_Diverse/إِبْهَامٌ.mp4,Diverse,إِبْهَامٌ,إبهام,,5,both,lexical
data/raw/vedios-dataset/mosl_videos_dataset_Diverse/إِجَّاصٌ.mp4,Diverse,إِجَّاصٌ,إجاص,,5,both,lexical
data/raw/vedios-dataset/mosl_videos_dataset_Diverse/إِجْمَاعٌ (إِشَارَة 1).mp4,Diverse,إِجْمَاعٌ,إجماع,1,0,both,lexical
data/raw/vedios-dataset/mosl_videos_dataset_Diverse/إِجْمَاعٌ (إِشَارَة 2).mp4,Diverse,إِجْمَاعٌ,إجماع,2,0,both,lexical
data/raw/vedios-dataset/mosl_videos_dataset_Diverse/إِدَارَةٌ (إِشَارَة 1).mp4,Diverse,إِدَارَةٌ,إدارة,1,0,left,lexical
data/raw/vedios-dataset/mosl_videos_dataset_Diverse/إِدَارَةٌ (إِشَارَة 2).mp4,Diverse,إِدَارَةٌ,إدارة,2,0,both,lexical
data/raw/vedios-dataset/mosl_videos_dataset_Diverse/إِذاً.mp4,Diverse,إِذاً,إذا,,5,left,lexical
data/raw/vedios-dataset/mosl_videos_dataset_Diverse/إِذَا (إِشَارَة 1).mp4,Diverse,إِذَا,إذا,1,5,both,lexical
data/raw/vedios-dataset/mosl_videos_dataset_Diverse/إِذَا (إِشَارَة 2).mp4,Diverse,إِذَا,إذا,2,2,right,lexical
data/raw/vedios-dataset/mosl_videos_dataset_Diverse/إِذَاعَةٌ (إِشَارَة 1).mp4,Diverse,إِذَاعَةٌ,إذاعة,1,2,right,lexical
data/raw/vedios-dataset/mosl_videos_dataset_Diverse/إِذَاعَةٌ (إِشَارَة 2).mp4,Diverse,إِذَاعَةٌ,إذاعة,2,0,both,lexical
data/raw/vedios-dataset/mosl_videos_dataset_Diverse/إِسْبَانْيَا (إِشَارَة 1).mp4,Diverse,إِسْبَانْيَا,إسبانيا,1,4,both,lexical
data/raw/vedios-dataset/mosl_videos_dataset_Diverse/إِسْبَانْيَا (إِشَارَة 2).mp4,Diverse,إِسْبَانْيَا,إسبانيا,2,0,both,lexical
data/raw/vedios-dataset/mosl_videos_dataset_Diverse/إِسْكَافِيٌّ (إِشَارَة 1).mp4,Diverse,إِسْكَافِيٌّ,إسكافي,1,5,both,lexical
data/raw/vedios-dataset/mosl_videos_dataset_Diverse/إِسْكَافِيٌّ (إِشَارَة 2).mp4,Diverse,إِسْكَافِيٌّ,إسكافي,2,0,both,lexical
data/raw/vedios-dataset/mosl_videos_dataset_Diverse/إِسْكَافِيٌّ (إِشَارَة 3).mp4,Diverse,إِسْكَافِيٌّ,إسكافي,3,1,both,lexical
data/raw/vedios-dataset/mosl_videos_dataset_Diverse/إِشَارَةٌ مَائِلَةٌ مُعَاكِسَةٌ.mp4,Diverse,إِشَارَةٌ مَائِلَةٌ مُعَاكِسَةٌ,إشارة مائلة معاكسة,,6,right,lexical
data/raw/vedios-dataset/mosl_videos_dataset_Diverse/إِشَارَةٌ مَائِلَةٌ.mp4,Diverse,إِشَارَةٌ مَائِلَةٌ,إشارة مائلة,,6,right,lexical
data/raw/vedios-dataset/mosl_videos_dataset_Diverse/إِشَارَةٌ.mp4,Diverse,إِشَارَةٌ,إشارة,,5,both,lexical
data/raw/vedios-dataset/mosl_videos_dataset_Diverse/إِصَابَةٌ (هَدَفٌ) (إِشَارَة 1).mp4,Diverse,إِصَابَةٌ (هَدَفٌ),إصابة (هدف),1,0,both,lexical
data/raw/vedios-dataset/mosl_videos_dataset_Diverse/إِصْبَعٌ.mp4,Diverse,إِصْبَعٌ,إصبع,,5,both,lexical
data/raw/vedios-dataset/mosl_videos_dataset_Diverse/إِصْبَعُ الْقَدَمِ (إِشَارَة 1).mp4,Diverse,إِصْبَعُ الْقَدَمِ,إصبع القدم,1,0,both,lexical
data/raw/vedios-dataset/mosl_videos_dataset_Diverse/إِصْبَعُ الْقَدَمِ (إِشَارَة 2).mp4,Diverse,إِصْبَعُ الْقَدَمِ,إصبع القدم,2,5,both,lexical
data/raw/vedios-dataset/mosl_videos_dataset_Diverse/إِعَاقَةٌ ذِهْنِيَّةٌ (إِشَارَة 1).mp4,Diverse,إِعَاقَةٌ ذِهْنِيَّةٌ,إعاقة ذهنية,1,0,left,lexical
data/raw/vedios-dataset/mosl_videos_dataset_Diverse/إِعَاقَةٌ ذِهْنِيَّةٌ (إِشَارَة 2).mp4,Diverse,إِعَاقَةٌ ذِهْنِيَّةٌ,إعاقة ذهنية,2,1,left,lexical
data/raw/vedios-dataset/mosl_videos_dataset_Diverse/إِفْرِيقْيَا (إِشَارَة 1).mp4,Diverse,إِفْرِيقْيَا,إفريقيا,1,6,right,lexical
data/raw/vedios-dataset/mosl_videos_dataset_Diverse/إِفْرِيقْيَا (إِشَارَة 2).mp4,Diverse,إِفْرِيقْيَا,إفريقيا,2,6,right,lexical
data/raw/vedios-dataset/mosl_videos_dataset_Diverse/إِفْرِيقْيَا (إِشَارَة 3).mp4,Diverse,إِفْرِيقْيَا,إفريقيا,3,6,right,lexical
data/raw/vedios-dataset/mosl_videos_dataset_Diverse/إِلَى (إِشَارَة 1).mp4,Diverse,إِلَى,إلى,1,5,both,lexical
data/raw/vedios-dataset/mosl_videos_dataset_Diverse/إِلَى (إِشَارَة 2).mp4,Diverse,إِلَى,إلى,2,5,both,lexical
data/raw/vedios-dataset/mosl_videos_dataset_Diverse/إِلَى (إِشَارَة 3).mp4,Diverse,إِلَى,إلى,3,4,both,lexical
data/raw/vedios-dataset/mosl_videos_dataset_Diverse/إِمْرَأَةٌ (إِشَارَة 1).mp4,Diverse,إِمْرَأَةٌ,إمرأة,1,6,right,lexical
data/raw/vedios-dataset/mosl_videos_dataset_Diverse/إِمْرَأَةٌ (إِشَارَة 2).mp4,Diverse,إِمْرَأَةٌ,إمرأة,2,5,both,lexical
data/raw/vedios-dataset/mosl_videos_dataset_Diverse/إِمْلاَءٌ (إِشَارَة 1).mp4,Diverse,إِمْلاَءٌ,إملاء,1,0,both,lexical
data/raw/vedios-dataset/mosl_videos_dataset_Diverse/إِمْلاَءٌ (إِشَارَة 2).mp4,Diverse,إِمْلاَءٌ,إملاء,2,0,both,lexical
data/raw/vedios-dataset/mosl_videos_dataset_Diverse/إِمْلاَءٌ (إِشَارَة 3).mp4,Diverse,إِمْلاَءٌ,إملاء,3,5,both,lexical
data/raw/vedios-dataset/mosl_videos_dataset_Diverse/إِنَاءٌ.mp4,Diverse,إِنَاءٌ,إناء,,0,both,lexical
data/raw/vedios-dataset/mosl_videos_dataset_Diverse/إِنْجْلَتِرّا (إِشَارَة 1).mp4,Diverse,إِنْجْلَتِرّا,إنجلترا,1,3,right,lexical
data/raw/vedios-dataset/mosl_videos_dataset_Diverse/إِوَزَّةٌ.mp4,Diverse,إِوَزَّةٌ,إوزة,,5,both,lexical
data/raw/vedios-dataset/mosl_videos_dataset_Diverse/إِيصَالٌ (إِشَارَة 1).mp4,Diverse,إِيصَالٌ,إيصال,1,5,both,lexical
data/raw/vedios-dataset/mosl_videos_dataset_Diverse/إِيصَالٌ (إِشَارَة 2).mp4,Diverse,إِيصَالٌ,إيصال,2,1,both,lexical
data/raw/vedios-dataset/mosl_videos_dataset_Diverse/إِيطَالْيَا (إِشَارَة 1).mp4,Diverse,إِيطَالْيَا,إيطاليا,1,6,right,lexical
data/raw/vedios-dataset/mosl_videos_dataset_Diverse/إِيطَالْيَا (إِشَارَة 2).mp4,Diverse,إِيطَالْيَا,إيطاليا,2,6,right,lexical
data/raw/vedios-dataset/mosl_videos_dataset_Diverse/إِيمَانٌ (إِشَارَة 1).mp4,Diverse,إِيمَانٌ,إيمان,1,5,both,lexical
data/raw/vedios-dataset/mosl_videos_dataset_Diverse/إِيمَانٌ (إِشَارَة 2).mp4,Diverse,إِيمَانٌ,إيمان,2,6,right,lexical
data/raw/vedios-dataset/mosl_videos_dataset_Diverse/إِيمَانٌ (إِشَارَة 3).mp4,Diverse,إِيمَانٌ,إيمان,3,3,right,lexical
data/raw/vedios-dataset/mosl_videos_dataset_Diverse/إِيمَانٌ (إِشَارَة 4).mp4,Diverse,إِيمَانٌ,إيمان,4,5,both,lexical
data/raw/vedios-dataset/mosl_videos_dataset_Diverse/آخَرُ (إِشَارَة 1).mp4,Diverse,آخَرُ,آخر,1,-1,right,lexical
data/raw/vedios-dataset/mosl_videos_dataset_Diverse/آخَرُ (إِشَارَة 2).mp4,Diverse,آخَرُ,آخر,2,-1,right,lexical
data/raw/vedios-dataset/mosl_videos_dataset_Diverse/آسَفِي.mp4,Diverse,آسَفِي,آسفي,,-1,right,lexical
data/raw/vedios-dataset/mosl_videos_dataset_Diverse/آسِفٌ (إِشَارَة 1).mp4,Diverse,آسِفٌ,آسف,1,-1,right,lexical
data/raw/vedios-dataset/mosl_videos_dataset_Diverse/آسِفٌ (إِشَارَة 2).mp4,Diverse,آسِفٌ,آسف,2,-1,right,lexical
data/raw/vedios-dataset/mosl_videos_dataset_Diverse/آلَةٌ حَاسِبَةٌ (إِشَارَة 1).mp4,Diverse,آلَةٌ حَاسِبَةٌ,آلة حاسبة,1,-1,right,lexical
data/raw/vedios-dataset/mosl_videos_dataset_Diverse/آلَةٌ حَاسِبَةٌ (إِشَارَة 2).mp4,Diverse,آلَةٌ حَاسِبَةٌ,آلة حاسبة,2,-1,right,lexical
data/raw/vedios-dataset/mosl_videos_dataset_Diverse/آلَةٌ كَاتِبَةٌ.mp4,Diverse,آلَةٌ كَاتِبَةٌ,آلة كاتبة,,-1,right,lexical
data/raw/vedios-dataset/mosl_videos_dataset_Diverse/آلَةُ التَّحَكُّمِ.mp4,Diverse,آلَةُ التَّحَكُّمِ,آلة التحكم,,-1,right,lexical
data/raw/vedios-dataset/mosl_videos_dataset_Diverse/آلَةُ التَّصْبينِ.mp4,Diverse,آلَةُ التَّصْبينِ,آلة التصبين,,-1,right,lexical
data/raw/vedios-dataset/mosl_videos_dataset_Diverse/آلَةُ الحِلاَقَةِ (إِشَارَة 1).mp4,Diverse,آلَةُ الحِلاَقَةِ,آلة الحلاقة,1,-1,right,lexical
data/raw/vedios-dataset/mosl_videos_dataset_Diverse/آلَةُ الحِلاَقَةِ (إِشَارَة 2).mp4,Diverse,آلَةُ الحِلاَقَةِ,آلة الحلاقة,2,-1,right,lexical
data/raw/vedios-dataset/mosl_videos_dataset_Diverse/آلَةُ تَصْويرٍ.mp4,Diverse,آلَةُ تَصْويرٍ,آلة تصوير,,-1,right,lexical
data/raw/vedios-dataset/mosl_videos_dataset_Diverse/آلَةُ حِلَاقَةٍ كَهْرَبَائِيَّةٌ.mp4,Diverse,آلَةُ حِلَاقَةٍ كَهْرَبَائِيَّةٌ,آلة حلاقة كهربائية,,-1,right,lexical
data/raw/vedios-dataset/mosl_videos_dataset_Diverse/آلَةُ خِيَاطَةٍ.mp4,Diverse,آلَةُ خِيَاطَةٍ,آلة خياطة,,-1,right,lexical
data/raw/vedios-dataset/mosl_videos_dataset_Diverse/آلَةُ قِيَاسِ الوَزْنِ (إِشَارَة 1).mp4,Diverse,آلَةُ قِيَاسِ الوَزْنِ,آلة قياس الوزن,1,-1,right,lexical
data/raw/vedios-dataset/mosl_videos_dataset_Diverse/آلَةُ قِيَاسِ الوَزْنِ (إِشَارَة 2).mp4,Diverse,آلَةُ قِيَاسِ الوَزْنِ,آلة قياس الوزن,2,-1,right,lexical
data/raw/vedios-dataset/mosl_videos_dataset_Diverse/بَابٌ.mp4,Diverse,بَابٌ,باب,,0,both,lexical
data/raw/vedios-dataset/mosl_videos_dataset_Diverse/بَادِيَةٌ (إِشَارَة 1).mp4,Diverse,بَادِيَةٌ,بادية,1,5,both,lexical
data/raw/vedios-dataset/mosl_videos_dataset_Diverse/بَادِيَةٌ (إِشَارَة 2).mp4,Diverse,بَادِيَةٌ,بادية,2,1,both,lexical
data/raw/vedios-dataset/mosl_videos_dataset_Diverse/بَاذِنْجَانٌ (إِشَارَة 1).mp4,Diverse,بَاذِنْجَانٌ,باذنجان,1,0,both,lexical
data/raw/vedios-dataset/mosl_videos_dataset_Diverse/بَاذِنْجَانٌ (إِشَارَة 2).mp4,Diverse,بَاذِنْجَانٌ,باذنجان,2,0,both,lexical
data/raw/vedios-dataset/mosl_videos_dataset_Diverse/بَارِدٌ.mp4,Diverse,بَارِدٌ,بارد,,3,right,lexical
data/raw/vedios-dataset/mosl_videos_dataset_Diverse/بَازِلاَّء (إِشَارَة 1).mp4,Diverse,بَازِلاَّء,بازلاء,1,5,left,lexical
data/raw/vedios-dataset/mosl_videos_dataset_Diverse/بَازِلاَّء (إِشَارَة 2).mp4,Diverse,بَازِلاَّء,بازلاء,2,0,both,lexical
data/raw/vedios-dataset/mosl_videos_dataset_Diverse/بَاعَ (إِشَارَة 1).mp4,Diverse,بَاعَ,باع,1,0,left,lexical
data/raw/vedios-dataset/mosl_videos_dataset_Diverse/بَاعَ (إِشَارَة 2).mp4,Diverse,بَاعَ,باع,2,0,left,lexical
data/raw/vedios-dataset/mosl_videos_dataset_Diverse/بَاقَةُ وَرْدٍ.mp4,Diverse,بَاقَةُ وَرْدٍ,باقة ورد,,0,both,lexical
data/raw/vedios-dataset/mosl_videos_dataset_Diverse/بَاكَالُورْيَا (إِشَارَة 1).mp4,Diverse,بَاكَالُورْيَا,باكالوريا,1,5,both,lexical
data/raw/vedios-dataset/mosl_videos_dataset_Diverse/بَاكِراً.mp4,Diverse,بَاكِراً,باكرا,,6,right,lexical
data/raw/vedios-dataset/mosl_videos_dataset_Diverse/بَالُون.mp4,Diverse,بَالُون,بالون,,4,both,lexical
data/raw/vedios-dataset/mosl_videos_dataset_Diverse/بَائِعُ الصُّحُفِ (إِشَارَة 1).mp4,Diverse,بَائِعُ الصُّحُفِ,بائع الصحف,1,4,left,lexical
data/raw/vedios-dataset/mosl_videos_dataset_Diverse/بَائِعُ الصُّحُفِ (إِشَارَة 2).mp4,Diverse,بَائِعُ الصُّحُفِ,بائع الصحف,2,1,left,lexical
data/raw/vedios-dataset/mosl_videos_dataset_Diverse/بَبَّغَاءٌ (إِشَارَة 1).mp4,Diverse,بَبَّغَاءٌ,ببغاء,1,3,right,lexical
data/raw/vedios-dataset/mosl_videos_dataset_Diverse/بَبَّغَاءٌ (إِشَارَة 2).mp4,Diverse,بَبَّغَاءٌ,ببغاء,2,5,left,lexical
data/raw/vedios-dataset/mosl_videos_dataset_Diverse/بَحْرٌ (إِشَارَة 1).mp4,Diverse,بَحْرٌ,بحر,1,5,both,lexical
data/raw/vedios-dataset/mosl_videos_dataset_Diverse/بَدَأَ (إِشَارَة 1).mp4,Diverse,بَدَأَ,بدأ,1,3,right,lexical
data/raw/vedios-dataset/mosl_videos_dataset_Diverse/بَدَأَ (إِشَارَة 2).mp4,Diverse,بَدَأَ,بدأ,2,6,right,lexical
data/raw/vedios-dataset/mosl_videos_dataset_Diverse/بَدِينٌ.mp4,Diverse,بَدِينٌ,بدين,,5,left,lexical
data/raw/vedios-dataset/mosl_videos_dataset_Diverse/بَرٌّ.mp4,Diverse,بَرٌّ,بر,,0,both,lexical
data/raw/vedios-dataset/mosl_videos_dataset_Diverse/بَرَدٌ.mp4,Diverse,بَرَدٌ,برد,,0,both,lexical
data/raw/vedios-dataset/mosl_videos_dataset_Diverse/بَرَّادُ الشَّاي.mp4,Diverse,بَرَّادُ الشَّاي,براد الشاي,,4,both,lexical
data/raw/vedios-dataset/mosl_videos_dataset_Diverse/بَرْقٌ.mp4,Diverse,بَرْقٌ,برق,,3,right,lexical
data/raw/vedios-dataset/mosl_videos_dataset_Diverse/بَسْطِيلَة.mp4,Diverse,بَسْطِيلَة,بسطيلة,,0,both,lexical
data/raw/vedios-dataset/mosl_videos_dataset_Diverse/بَصَقَ.mp4,Diverse,بَصَقَ,بصق,,3,right,lexical
data/raw/vedios-dataset/mosl_videos_dataset_Diverse/بَصَلَةٌ.mp4,Diverse,بَصَلَةٌ,بصلة,,0,both,lexical
data/raw/vedios-dataset/mosl_videos_dataset_Diverse/بَصْمَةٌ.mp4,Diverse,بَصْمَةٌ,بصمة,,0,both,lexical
data/raw/vedios-dataset/mosl_videos_dataset_Diverse/بَطَاطِسٌ مُحَمَّرَةٌ (إِشَارَة 1).mp4,Diverse,بَطَاطِسٌ مُحَمَّرَةٌ,بطاطس محمرة,1,0,both,lexical
data/raw/vedios-dataset/mosl_videos_dataset_Diverse/بَطَاطِسُ (إِشَارَة 1).mp4,Diverse,بَطَاطِسُ,بطاطس,1,0,both,lexical
data/raw/vedios-dataset/mosl_videos_dataset_Diverse/بَطَلٌ.mp4,Diverse,بَطَلٌ,بطل,,3,right,lexical
data/raw/vedios-dataset/mosl_videos_dataset_Diverse/بَطَّاريَّةٌ.mp4,Diverse,بَطَّاريَّةٌ,بطارية,,3,right,lexical
data/raw/vedios-dataset/mosl_videos_dataset_Diverse/بَطَّةٌ.mp4,Diverse,بَطَّةٌ,بطة,,5,both,lexical
data/raw/vedios-dataset/mosl_videos_dataset_Diverse/بَطْنٌ (إِشَارَة 1).mp4,Diverse,بَطْنٌ,بطن,1,0,both,lexical
data/raw/vedios-dataset/mosl_videos_dataset_Diverse/بَطْنٌ (إِشَارَة 2).mp4,Diverse,بَطْنٌ,بطن,2,5,left,lexical
data/raw/vedios-dataset/mosl_videos_dataset_Diverse/بَعَثَ (إِشَارَة 1).mp4,Diverse,بَعَثَ,بعث,1,2,right,lexical
data/raw/vedios-dataset/mosl_videos_dataset_Diverse/بَعَثَ (إِشَارَة 2).mp4,Diverse,بَعَثَ,بعث,2,5,both,lexical
data/raw/vedios-dataset/mosl_videos_dataset_Diverse/بَعَثَ (إِشَارَة 3).mp4,Diverse,بَعَثَ,بعث,3,3,right,lexical
data/raw/vedios-dataset/mosl_videos_dataset_Diverse/بَعِيدٌ.mp4,Diverse,بَعِيدٌ,بعيد,,5,both,lexical
data/raw/vedios-dataset/mosl_videos_dataset_Diverse/بَعْدَ (إِشَارَة 1).mp4,Diverse,بَعْدَ,بعد,1,3,right,lexical
data/raw/vedios-dataset/mosl_videos_dataset_Diverse/بَعْدَ (إِشَارَة 2).mp4,Diverse,بَعْدَ,بعد,2,5,both,lexical
data/raw/vedios-dataset/mosl_videos_dataset_Diverse/بَعْدَ (إِشَارَة 3).mp4,Diverse,بَعْدَ,بعد,3,6,right,lexical
data/raw/vedios-dataset/mosl_videos_dataset_Diverse/بَعْضُ (إِشَارَة 1).mp4,Diverse,بَعْضُ,بعض,1,3,right,lexical
data/raw/vedios-dataset/mosl_videos_dataset_Diverse/بَقَرَةٌ (إِشَارَة 1).mp4,Diverse,بَقَرَةٌ,بقرة,1,0,both,lexical
data/raw/vedios-dataset/mosl_videos_dataset_Diverse/بَقَرَةٌ (إِشَارَة 2).mp4,Diverse,بَقَرَةٌ,بقرة,2,0,both,lexical
data/raw/vedios-dataset/mosl_videos_dataset_Diverse/بَقِيَ.mp4,Diverse,بَقِيَ,بقي,,4,left,lexical
data/raw/vedios-dataset/mosl_videos_dataset_Diverse/بَكَى.mp4,Diverse,بَكَى,بكى,,3,right,lexical
data/raw/vedios-dataset/mosl_videos_dataset_Diverse/بَلْ (وَلَكِنْ) (إِشَارَة 1).mp4,Diverse,بَلْ (وَلَكِنْ),بل (ولكن),1,6,right,lexical
data/raw/vedios-dataset/mosl_videos_dataset_Diverse/بَلْ (وَلَكِنْ) (إِشَارَة 2).mp4,Diverse,بَلْ (وَلَكِنْ),بل (ولكن),2,6,right,lexical
data/raw/vedios-dataset/mosl_videos_dataset_Diverse/بَلْغَارْيَا (إِشَارَة 1).mp4,Diverse,بَلْغَارْيَا,بلغاريا,1,3,right,lexical
data/raw/vedios-dataset/mosl_videos_dataset_Diverse/بَلْغَارْيَا (إِشَارَة 2).mp4,Diverse,بَلْغَارْيَا,بلغاريا,2,6,right,lexical
data/raw/vedios-dataset/mosl_videos_dataset_Diverse/بَلْغَةٌ.mp4,Diverse,بَلْغَةٌ,بلغة,,0,both,lexical
data/raw/vedios-dataset/mosl_videos_dataset_Diverse/بَوْصَلَةٌ.mp4,Diverse,بَوْصَلَةٌ,بوصلة,,0,both,lexical
data/raw/vedios-dataset/mosl_videos_dataset_Diverse/بَئِيس.mp4,Diverse,بَئِيس,بئيس,,5,both,lexical
data/raw/vedios-dataset/mosl_videos_dataset_Diverse/بَيْضٌ.mp4,Diverse,بَيْضٌ,بيض,,5,both,lexical
data/raw/vedios-dataset/mosl_videos_dataset_Diverse/بُخَارُ الْمَاءِ (إِشَارَة 1).mp4,Diverse,بُخَارُ الْمَاءِ,بخار الماء,1,0,both,lexical
data/raw/vedios-dataset/mosl_videos_dataset_Diverse/بُخَارُ الْمَاءِ (إِشَارَة 2).mp4,Diverse,بُخَارُ الْمَاءِ,بخار الماء,2,4,left,lexical
data/raw/vedios-dataset/mosl_videos_dataset_Diverse/بُرْتُقَالٌ.mp4,Diverse,بُرْتُقَالٌ,برتقال,,5,both,lexical
data/raw/vedios-dataset/mosl_videos_dataset_Diverse/بُرْغِيٌّ.mp4,Diverse,بُرْغِيٌّ,برغي,,0,both,lexical
data/raw/vedios-dataset/mosl_videos_dataset_Diverse/بُهْلُولٌ.mp4,Diverse,بُهْلُولٌ,بهلول,,5,both,lexical
data/raw/vedios-dataset/mosl_videos_dataset_Diverse/بُولَنْدَا.mp4,Diverse,بُولَنْدَا,بولندا,,6,right,lexical
data/raw/vedios-dataset/mosl_videos_dataset_Diverse/بُومَةٌ (إِشَارَة 1).mp4,Diverse,بُومَةٌ,بومة,1,5,both,lexical
data/raw/vedios-dataset/mosl_videos_dataset_Diverse/بُومَةٌ (إِشَارَة 2).mp4,Diverse,بُومَةٌ,بومة,2,2,both,lexical
data/raw/vedios-dataset/mosl_videos_dataset_Diverse/بِتْرُولٌ.mp4,Diverse,بِتْرُولٌ,بترول,,0,both,lexical
data/raw/vedios-dataset/mosl_videos_dataset_Diverse/بِذْلَةٌ.mp4,Diverse,بِذْلَةٌ,بذلة,,4,left,lexical
data/raw/vedios-dataset/mosl_videos_dataset_Diverse/بِسْكَوِيت (إِشَارَة 1).mp4,Diverse,بِسْكَوِيت,بسكويت,1,0,both,lexical
data/raw/vedios-dataset/mosl_videos_dataset_Diverse/بِسْكَوِيت (إِشَارَة 2).mp4,Diverse,بِسْكَوِيت,بسكويت,2,5,left,lexical
data/raw/vedios-dataset/mosl_videos_dataset_Diverse/بِطَاقَةٌ (إِشَارَة 1).mp4,Diverse,بِطَاقَةٌ,بطاقة,1,0,left,lexical
data/raw/vedios-dataset/mosl_videos_dataset_Diverse/بِطَالَةٌ.mp4,Diverse,بِطَالَةٌ,بطالة,,5,both,lexical
data/raw/vedios-dataset/mosl_videos_dataset_Diverse/بِطْرِيقٌ.mp4,Diverse,بِطْرِيقٌ,بطريق,,5,both,lexical
data/raw/vedios-dataset/mosl_videos_dataset_Diverse/بِمَاذَا.mp4,Diverse,بِمَاذَا,بماذا,,5,both,lexical
data/raw/vedios-dataset/mosl_videos_dataset_Diverse/بِنْتٌ.mp4,Diverse,بِنْتٌ,بنت,,6,right,lexical
data/raw/vedios-dataset/mosl_videos_dataset_Diverse/بِيتْزَا (إِشَارَة 1).mp4,Diverse,بِيتْزَا,بيتزا,1,5,left,lexical
data/raw/vedios-dataset/mosl_videos_dataset_Diverse/بِيتْزَا (إِشَارَة 2).mp4,Diverse,بِيتْزَا,بيتزا,2,0,left,lexical
data/raw/vedios-dataset/mosl_videos_dataset_Diverse/بِيتْزَا (إِشَارَة 3).mp4,Diverse,بِيتْزَا,بيتزا,3,5,both,lexical
data/raw/vedios-dataset/mosl_videos_dataset_Diverse/بِيكَار.mp4,Diverse,بِيكَار,بيكار,,5,both,lexical
data/raw/vedios-dataset/mosl_videos_dataset_Diverse/بِيَانُو.mp4,Diverse,بِيَانُو,بيانو,,0,left,lexical
data/raw/vedios-dataset/mosl_videos_dataset_Diverse/بِئْرٌ.mp4,Diverse,بِئْرٌ,بئر,,3,both,lexical
data/raw/vedios-dataset/mosl_videos_dataset_Diverse/بْرَايِل.mp4,Diverse,بْرَايِل,برايل,,0,both,lexical
data/raw/vedios-dataset/mosl_videos_dataset_Diverse/بْلَاسْتِيك.mp4,Diverse,بْلَاسْتِيك,بلاستيك,,0,both,lexical
data/raw/vedios-dataset/mosl_videos_dataset_Diverse/تَاجٌ.mp4,Diverse,تَاجٌ,تاج,,5,both,lexical
data/raw/vedios-dataset/mosl_videos_dataset_Diverse/تَارِيخٌ.mp4,Diverse,تَارِيخٌ,تاريخ,,0,both,lexical
data/raw/vedios-dataset/mosl_videos_dataset_Diverse/تَاوْرِيرْت.mp4,Diverse,تَاوْرِيرْت,تاوريرت,,0,both,lexical
data/raw/vedios-dataset/mosl_videos_dataset_Diverse/تَأَسَّفَ.mp4,Diverse,تَأَسَّفَ,تأسف,,4,both,lexical
data/raw/vedios-dataset/mosl_videos_dataset_Diverse/تَأَكَّدَ.mp4,Diverse,تَأَكَّدَ,تأكد,,5,both,lexical
data/raw/vedios-dataset/mosl_videos_dataset_Diverse/تَأْشِيرَةٌ.mp4,Diverse,تَأْشِيرَةٌ,تأشيرة,,5,both,lexical
data/raw/vedios-dataset/mosl_videos_dataset_Diverse/تَبادَلَ.mp4,Diverse,تَبادَلَ,تبادل,,5,both,lexical
data/raw/vedios-dataset/mosl_videos_dataset_Diverse/تَبِعَ.mp4,Diverse,تَبِعَ,تبع,,5,both,lexical
data/raw/vedios-dataset/mosl_videos_dataset_Diverse/تَجْذِيفٌ.mp4,Diverse,تَجْذِيفٌ,تجذيف,,4,left,lexical
data/raw/vedios-dataset/mosl_videos_dataset_Diverse/تَخَلَّى.mp4,Diverse,تَخَلَّى,تخلى,,2,both,lexical
data/raw/vedios-dataset/mosl_videos_dataset_Diverse/تَخْدِيرٌ.mp4,Diverse,تَخْدِيرٌ,تخدير,,0,both,lexical
data/raw/vedios-dataset/mosl_videos_dataset_Diverse/تَخْطِيطُ الصَّدَى.mp4,Diverse,تَخْطِيطُ الصَّدَى,تخطيط الصدى,,4,left,lexical
data/raw/vedios-dataset/mosl_videos_dataset_Diverse/تَخْفِيضٌ (إِشَارَة 1).mp4,Diverse,تَخْفِيضٌ,تخفيض,1,0,both,lexical
data/raw/vedios-dataset/mosl_videos_dataset_Diverse/تَخْفِيضٌ (إِشَارَة 2).mp4,Diverse,تَخْفِيضٌ,تخفيض,2,0,both,lexical
data/raw/vedios-dataset/mosl_videos_dataset_Diverse/تَذَكَّرَ (إِشَارَة 1).mp4,Diverse,تَذَكَّرَ,تذكر,1,3,right,lexical
data/raw/vedios-dataset/mosl_videos_dataset_Diverse/تَذَكَّرَ (إِشَارَة 2).mp4,Diverse,تَذَكَّرَ,تذكر,2,5,both,lexical
data/raw/vedios-dataset/mosl_videos_dataset_Diverse/تَرَكَ (اَلْمَكَانَ).mp4,Diverse,تَرَكَ (اَلْمَكَانَ),ترك (المكان),,0,both,lexical
data/raw/vedios-dataset/mosl_videos_dataset_Diverse/تَرْبِيَةٌ (إِشَارَة 1).mp4,Diverse,تَرْبِيَةٌ,تربية,1,0,both,lexical
data/raw/vedios-dataset/mosl_videos_dataset_Diverse/تَرْبِيَةٌ (إِشَارَة 2).mp4,Diverse,تَرْبِيَةٌ,تربية,2,5,both,lexical
data/raw/vedios-dataset/mosl_videos_dataset_Diverse/تَرْقِيَةٌ.mp4,Diverse,تَرْقِيَةٌ,ترقية,,3,right,lexical
data/raw/vedios-dataset/mosl_videos_dataset_Diverse/تَسَلُّقُ الجِبَالِ.mp4,Diverse,تَسَلُّقُ الجِبَالِ,تسلق الجبال,,4,both,lexical
data/raw/vedios-dataset/mosl_videos_dataset_Diverse/تَسَوُّسُ الأَسْنَانِ (إِشَارَة 1).mp4,Diverse,تَسَوُّسُ الأَسْنَانِ,تسوس الأسنان,1,3,right,lexical
data/raw/vedios-dataset/mosl_videos_dataset_Diverse/تَشَاجَرَ (إِشَارَة 1).mp4,Diverse,تَشَاجَرَ,تشاجر,1,4,left,lexical
data/raw/vedios-dataset/mosl_videos_dataset_Diverse/تَشَنُّجٌ (إِشَارَة 1).mp4,Diverse,تَشَنُّجٌ,تشنج,1,3,right,lexical
data/raw/vedios-dataset/mosl_videos_dataset_Diverse/تَشَهُّد.mp4,Diverse,تَشَهُّد,تشهد,,6,right,lexical
data/raw/vedios-dataset/mosl_videos_dataset_Diverse/تَشْجِيعٌ.mp4,Diverse,تَشْجِيعٌ,تشجيع,,0,both,lexical
data/raw/vedios-dataset/mosl_videos_dataset_Diverse/تَعَادَلَ.mp4,Diverse,تَعَادَلَ,تعادل,,0,both,lexical
data/raw/vedios-dataset/mosl_videos_dataset_Diverse/تَعْبِيرٌ شَفَوِي (إِشَارَة 1).mp4,Diverse,تَعْبِيرٌ شَفَوِي,تعبير شفوي,1,0,both,lexical
data/raw/vedios-dataset/mosl_videos_dataset_Diverse/تَعْبِيرٌ كِتَابِي (إِشَارَة 1).mp4,Diverse,تَعْبِيرٌ كِتَابِي,تعبير كتابي,1,0,left,lexical
data/raw/vedios-dataset/mosl_videos_dataset_Diverse/تَعْبِيرُ الوَجْهِ.mp4,Diverse,تَعْبِيرُ الوَجْهِ,تعبير الوجه,,4,left,lexical
data/raw/vedios-dataset/mosl_videos_dataset_Diverse/تَعْلِيمٌ (إِشَارَة 1).mp4,Diverse,تَعْلِيمٌ,تعليم,1,5,both,lexical
data/raw/vedios-dataset/mosl_videos_dataset_Diverse/تَفَاهَمَ.mp4,Diverse,تَفَاهَمَ,تفاهم,,5,both,lexical
data/raw/vedios-dataset/mosl_videos_dataset_Diverse/تَقَاعُد (إِشَارَة 1).mp4,Diverse,تَقَاعُد,تقاعد,1,0,left,lexical
data/raw/vedios-dataset/mosl_videos_dataset_Diverse/تَقَدَّمَ.mp4,Diverse,تَقَدَّمَ,تقدم,,4,both,lexical
data/raw/vedios-dataset/mosl_videos_dataset_Diverse/تَقَيَّأَ.mp4,Diverse,تَقَيَّأَ,تقيأ,,3,right,lexical
data/raw/vedios-dataset/mosl_videos_dataset_Diverse/تَقْرِيبًا.mp4,Diverse,تَقْرِيبًا,تقريبا,,0,both,lexical
data/raw/vedios-dataset/mosl_videos_dataset_Diverse/تَكَلَّمَ.mp4,Diverse,تَكَلَّمَ,تكلم,,3,right,lexical
data/raw/vedios-dataset/mosl_videos_dataset_Diverse/تَكْوِينٌ.mp4,Diverse,تَكْوِينٌ,تكوين,,0,both,lexical
data/raw/vedios-dataset/mosl_videos_dataset_Diverse/تَلٌّ.mp4,Diverse,تَلٌّ,تل,,0,both,lexical
data/raw/vedios-dataset/mosl_videos_dataset_Diverse/تَلْخِيصٌ (إِشَارَة 1).mp4,Diverse,تَلْخِيصٌ,تلخيص,1,0,both,lexical
data/raw/vedios-dataset/mosl_videos_dataset_Diverse/تَلْخِيصٌ (إِشَارَة 2).mp4,Diverse,تَلْخِيصٌ,تلخيص,2,0,both,lexical
data/raw/vedios-dataset/mosl_videos_dataset_Diverse/تَلْقِيحٌ.mp4,Diverse,تَلْقِيحٌ,تلقيح,,3,right,lexical
data/raw/vedios-dataset/mosl_videos_dataset_Diverse/تَمْرِينٌ (إِشَارَة 1).mp4,Diverse,تَمْرِينٌ,تمرين,1,0,both,lexical
data/raw/vedios-dataset/mosl_videos_dataset_Diverse/تَمْرِينٌ (إِشَارَة 2).mp4,Diverse,تَمْرِينٌ,تمرين,2,0,both,lexical
data/raw/vedios-dataset/mosl_videos_dataset_Diverse/تَنُّورَة (إِشَارَة 1).mp4,Diverse,تَنُّورَة,تنورة,1,0,both,lexical
data/raw/vedios-dataset/mosl_videos_dataset_Diverse/تَنْظِيفُ (الْبَيْتِ).mp4,Diverse,تَنْظِيفُ (الْبَيْتِ),تنظيف (البيت),,0,both,lexical
data/raw/vedios-dataset/mosl_videos_dataset_Diverse/تَوَابِل.mp4,Diverse,تَوَابِل,توابل,,6,right,lexical
data/raw/vedios-dataset/mosl_videos_dataset_Diverse/تَوَحُّد (إِشَارَة 1).mp4,Diverse,تَوَحُّد,توحد,1,0,both,lexical
data/raw/vedios-dataset/mosl_videos_dataset_Diverse/تَوَسَّطَ (إِشَارَة 1).mp4,Diverse,تَوَسَّطَ,توسط,1,5,both,lexical
data/raw/vedios-dataset/mosl_videos_dataset_Diverse/تَوْأَمٌ (إِشَارَة 1).mp4,Diverse,تَوْأَمٌ,توأم,1,3,right,lexical
data/raw/vedios-dataset/mosl_videos_dataset_Diverse/تَوْقِيعٌ.mp4,Diverse,تَوْقِيعٌ,توقيع,,5,both,lexical
data/raw/vedios-dataset/mosl_videos_dataset_Diverse/تُرَابٌ.mp4,Diverse,تُرَابٌ,تراب,,4,left,lexical
data/raw/vedios-dataset/mosl_videos_dataset_Diverse/تُرْكْيَا.mp4,Diverse,تُرْكْيَا,تركيا,,2,right,lexical
data/raw/vedios-dataset/mosl_videos_dataset_Diverse/تُفَّاحَةٌ.mp4,Diverse,تُفَّاحَةٌ,تفاحة,,3,right,lexical
data/raw/vedios-dataset/mosl_videos_dataset_Diverse/تُونُسُ.mp4,Diverse,تُونُسُ,تونس,,6,right,lexical
data/raw/vedios-dataset/mosl_videos_dataset_Diverse/تُوُفِّيَ (إِشَارَة 1).mp4,Diverse,تُوُفِّيَ,توفي,1,6,right,lexical
data/raw/vedios-dataset/mosl_videos_dataset_Diverse/تِطْوَان.mp4,Diverse,تِطْوَان,تطوان,,2,right,lexical
data/raw/vedios-dataset/mosl_videos_dataset_Diverse/تِلْفَازٌ.mp4,Diverse,تِلْفَازٌ,تلفاز,,0,left,lexical
data/raw/vedios-dataset/mosl_videos_dataset_Diverse/تِلْفَازُ بْلَازْمَا.mp4,Diverse,تِلْفَازُ بْلَازْمَا,تلفاز بلازما,,4,left,lexical
data/raw/vedios-dataset/mosl_videos_dataset_Diverse/تِلْمِيذٌ (إِشَارَة 1).mp4,Diverse,تِلْمِيذٌ,تلميذ,1,0,both,lexical
data/raw/vedios-dataset/mosl_videos_dataset_Diverse/تِلْمِيذٌ (إِشَارَة 2).mp4,Diverse,تِلْمِيذٌ,تلميذ,2,0,both,lexical
data/raw/vedios-dataset/mosl_videos_dataset_Diverse/تِمْسَاحٌ.mp4,Diverse,تِمْسَاحٌ,تمساح,,0,both,lexical
data/raw/vedios-dataset/mosl_videos_dataset_Diverse/ث (إِشَارَة 1).mp4,Diverse,ث,ث,1,6,right,lexical
data/raw/vedios-dataset/mosl_videos_dataset_Diverse/ث (إِشَارَة 2).mp4,Diverse,ث,ث,2,4,left,lexical
data/raw/vedios-dataset/mosl_videos_dataset_Diverse/ثَانٍ.mp4,Diverse,ثَانٍ,ثان,,0,left,lexical
data/raw/vedios-dataset/mosl_videos_dataset_Diverse/ثَرْثَارٌ.mp4,Diverse,ثَرْثَارٌ,ثرثار,,3,right,lexical
data/raw/vedios-dataset/mosl_videos_dataset_Diverse/ثَعْلَبٌ (إِشَارَة 1).mp4,Diverse,ثَعْلَبٌ,ثعلب,1,6,right,lexical
data/raw/vedios-dataset/mosl_videos_dataset_Diverse/ثَقَافَةٌ.mp4,Diverse,ثَقَافَةٌ,ثقافة,,5,both,lexical
data/raw/vedios-dataset/mosl_videos_dataset_Diverse/ثَقِيلٌ.mp4,Diverse,ثَقِيلٌ,ثقيل,,4,both,lexical
data/raw/vedios-dataset/mosl_videos_dataset_Diverse/ثَلاَّجَةٌ (إِشَارَة 1).mp4,Diverse,ثَلاَّجَةٌ,ثلاجة,1,3,right,lexical
data/raw/vedios-dataset/mosl_videos_dataset_Diverse/ثَلْجٌ (إِشَارَة 1).mp4,Diverse,ثَلْجٌ,ثلج,1,5,both,lexical
data/raw/vedios-dataset/mosl_videos_dataset_Diverse/ثَمَنٌ (إِشَارَة 1).mp4,Diverse,ثَمَنٌ,ثمن,1,5,both,lexical
data/raw/vedios-dataset/mosl_videos_dataset_Diverse/ثَوْبٌ (إِشَارَة 1).mp4,Diverse,ثَوْبٌ,ثوب,1,5,both,lexical
data/raw/vedios-dataset/mosl_videos_dataset_Diverse/ثَوْرٌ أَمْرِيكِيٌّ.mp4,Diverse,ثَوْرٌ أَمْرِيكِيٌّ,ثور أمريكي,,0,both,lexical
data/raw/vedios-dataset/mosl_videos_dataset_Diverse/ثَوْرَةُ الْمَلِكِ وَالشَّعْبِ.mp4,Diverse,ثَوْرَةُ الْمَلِكِ وَالشَّعْبِ,ثورة الملك والشعب,,3,right,lexical
data/raw/vedios-dataset/mosl_videos_dataset_Diverse/ثُرَيَّا.mp4,Diverse,ثُرَيَّا,ثريا,,0,both,lexical
data/raw/vedios-dataset/mosl_videos_dataset_Diverse/ثُعْبَانٌ (إِشَارَة 1).mp4,Diverse,ثُعْبَانٌ,ثعبان,1,6,right,lexical
data/raw/vedios-dataset/mosl_videos_dataset_Diverse/ثُلُثٌ.mp4,Diverse,ثُلُثٌ,ثلث,,0,both,lexical
data/raw/vedios-dataset/mosl_videos_dataset_Diverse/ثُمَّ (إِشَارَة 1).mp4,Diverse,ثُمَّ,ثم,1,4,right,lexical
data/raw/vedios-dataset/mosl_videos_dataset_Diverse/ثُمَّ (إِشَارَة 2).mp4,Diverse,ثُمَّ,ثم,2,4,right,lexical
data/raw/vedios-dataset/mosl_videos_dataset_Diverse/جَاءَ (إِشَارَة 1).mp4,Diverse,جَاءَ,جاء,1,3,right,lexical
data/raw/vedios-dataset/mosl_videos_dataset_Diverse/جَارٌ (إِشَارَة 1).mp4,Diverse,جَارٌ,جار,1,0,both,lexical
data/raw/vedios-dataset/mosl_videos_dataset_Diverse/جَافٌّ (إِشَارَة 1).mp4,Diverse,جَافٌّ,جاف,1,4,left,lexical
data/raw/vedios-dataset/mosl_videos_dataset_Diverse/جَاكِيت.mp4,Diverse,جَاكِيت,جاكيت,,6,right,lexical
data/raw/vedios-dataset/mosl_videos_dataset_Diverse/جَالَ (إِشَارَة 1).mp4,Diverse,جَالَ,جال,1,0,both,lexical
data/raw/vedios-dataset/mosl_videos_dataset_Diverse/جَامِعَةٌ (إِشَارَة 1).mp4,Diverse,جَامِعَةٌ,جامعة,1,3,right,lexical
data/raw/vedios-dataset/mosl_videos_dataset_Diverse/جَانِبٌ.mp4,Diverse,جَانِبٌ,جانب,,1,both,lexical
data/raw/vedios-dataset/mosl_videos_dataset_Diverse/جَاهِلٌ.mp4,Diverse,جَاهِلٌ,جاهل,,2,right,lexical
data/raw/vedios-dataset/mosl_videos_dataset_Diverse/جَائِزَةٌ.mp4,Diverse,جَائِزَةٌ,جائزة,,5,both,lexical
data/raw/vedios-dataset/mosl_videos_dataset_Diverse/جَائِع (إِشَارَة 1).mp4,Diverse,جَائِع,جائع,1,6,both,lexical
data/raw/vedios-dataset/mosl_videos_dataset_Diverse/جَبَلٌ.mp4,Diverse,جَبَلٌ,جبل,,5,both,lexical
data/raw/vedios-dataset/mosl_videos_dataset_Diverse/جَبْهَةٌ.mp4,Diverse,جَبْهَةٌ,جبهة,,6,right,lexical
data/raw/vedios-dataset/mosl_videos_dataset_Diverse/جَدٌّ.mp4,Diverse,جَدٌّ,جد,,6,right,lexical
data/raw/vedios-dataset/mosl_videos_dataset_Diverse/جَدَّةٌ.mp4,Diverse,جَدَّةٌ,جدة,,6,right,lexical
data/raw/vedios-dataset/mosl_videos_dataset_Diverse/جَدِيدٌ (إِشَارَة 1).mp4,Diverse,جَدِيدٌ,جديد,1,5,left,lexical
data/raw/vedios-dataset/mosl_videos_dataset_Diverse/جَدِيدٌ (إِشَارَة 2).mp4,Diverse,جَدِيدٌ,جديد,2,1,both,lexical
data/raw/vedios-dataset/mosl_videos_dataset_Diverse/جَدْيٌّ.mp4,Diverse,جَدْيٌّ,جدي,,6,right,lexical
data/raw/vedios-dataset/mosl_videos_dataset_Diverse/جَذَّابٌ.mp4,Diverse,جَذَّابٌ,جذاب,,6,both,lexical
data/raw/vedios-dataset/mosl_videos_dataset_Diverse/جَذْرُ الشَّجَرَةِ (إِشَارَة 1).mp4,Diverse,جَذْرُ الشَّجَرَةِ,جذر الشجرة,1,4,both,lexical
data/raw/vedios-dataset/mosl_videos_dataset_Diverse/جَرَادٌ.mp4,Diverse,جَرَادٌ,جراد,,5,both,lexical
data/raw/vedios-dataset/mosl_videos_dataset_Diverse/جَرَسٌ مُضِيءٌ.mp4,Diverse,جَرَسٌ مُضِيءٌ,جرس مضيء,,3,right,lexical
data/raw/vedios-dataset/mosl_videos_dataset_Diverse/جَرَسٌ.mp4,Diverse,جَرَسٌ,جرس,,3,right,lexical
data/raw/vedios-dataset/mosl_videos_dataset_Diverse/جَرَى.mp4,Diverse,جَرَى,جرى,,5,both,lexical
data/raw/vedios-dataset/mosl_videos_dataset_Diverse/جَرَّ.mp4,Diverse,جَرَّ,جر,,5,left,lexical
data/raw/vedios-dataset/mosl_videos_dataset_Diverse/جَرَّارٌ.mp4,Diverse,جَرَّارٌ,جرار,,0,left,lexical
data/raw/vedios-dataset/mosl_videos_dataset_Diverse/جَرَّافَةٌ.mp4,Diverse,جَرَّافَةٌ,جرافة,,5,both,lexical
data/raw/vedios-dataset/mosl_videos_dataset_Diverse/جَرِيدَةٌ (إِشَارَة 1).mp4,Diverse,جَرِيدَةٌ,جريدة,1,5,both,lexical
data/raw/vedios-dataset/mosl_videos_dataset_Diverse/جَرِيدَةٌ (إِشَارَة 2).mp4,Diverse,جَرِيدَةٌ,جريدة,2,5,both,lexical
data/raw/vedios-dataset/mosl_videos_dataset_Diverse/جَزَرٌ.mp4,Diverse,جَزَرٌ,جزر,,5,both,lexical
data/raw/vedios-dataset/mosl_videos_dataset_Diverse/جَزَّارٌ.mp4,Diverse,جَزَّارٌ,جزار,,4,left,lexical
data/raw/vedios-dataset/mosl_videos_dataset_Diverse/جَزَّازَةُ الْعُشْبِ.mp4,Diverse,جَزَّازَةُ الْعُشْبِ,جزازة العشب,,0,left,lexical
data/raw/vedios-dataset/mosl_videos_dataset_Diverse/جَفَافٌ (إِشَارَة 1).mp4,Diverse,جَفَافٌ,جفاف,1,0,both,lexical
data/raw/vedios-dataset/mosl_videos_dataset_Diverse/جَفَافٌ (إِشَارَة 2).mp4,Diverse,جَفَافٌ,جفاف,2,0,both,lexical
data/raw/vedios-dataset/mosl_videos_dataset_Diverse/جَفْنٌ (إِشَارَة 1).mp4,Diverse,جَفْنٌ,جفن,1,3,right,lexical
data/raw/vedios-dataset/mosl_videos_dataset_Diverse/جَلَسَ (إِشَارَة 1).mp4,Diverse,جَلَسَ,جلس,1,0,both,lexical
data/raw/vedios-dataset/mosl_videos_dataset_Diverse/جَلَسَ (إِشَارَة 2).mp4,Diverse,جَلَسَ,جلس,2,1,left,lexical
data/raw/vedios-dataset/mosl_videos_dataset_Diverse/جَلِيسَةُ أَطْفَال (إِشَارَة 1).mp4,Diverse,جَلِيسَةُ أَطْفَال,جليسة أطفال,1,5,both,lexical
data/raw/vedios-dataset/mosl_videos_dataset_Diverse/جَمَارِكُ (إِشَارَة 1).mp4,Diverse,جَمَارِكُ,جمارك,1,3,both,lexical
data/raw/vedios-dataset/mosl_videos_dataset_Diverse/جَمَارِكُ (إِشَارَة 2).mp4,Diverse,جَمَارِكُ,جمارك,2,5,right,lexical
data/raw/vedios-dataset/mosl_videos_dataset_Diverse/جَمَاعَةٌ حَضَرِيَّةٌ (إِشَارَة 1).mp4,Diverse,جَمَاعَةٌ حَضَرِيَّةٌ,جماعة حضرية,1,6,right,lexical
data/raw/vedios-dataset/mosl_videos_dataset_Diverse/جَمَاعَةٌ قَرَوِيَّةٌ (إِشَارَة 1).mp4,Diverse,جَمَاعَةٌ قَرَوِيَّةٌ,جماعة قروية,1,5,both,lexical
data/raw/vedios-dataset/mosl_videos_dataset_Diverse/جَمَاعَةٌ قَرَوِيَّةٌ (إِشَارَة 2).mp4,Diverse,جَمَاعَةٌ قَرَوِيَّةٌ,جماعة قروية,2,5,left,lexical
data/raw/vedios-dataset/mosl_videos_dataset_Diverse/جَمَعَ (إِشَارَة 1).mp4,Diverse,جَمَعَ,جمع,1,5,both,lexical
data/raw/vedios-dataset/mosl_videos_dataset_Diverse/جَمَلٌ.mp4,Diverse,جَمَلٌ,جمل,,6,right,lexical
data/raw/vedios-dataset/mosl_videos_dataset_Diverse/جَمِيلٌ (إِشَارَة 1).mp4,Diverse,جَمِيلٌ,جميل,1,6,right,lexical
data/raw/vedios-dataset/mosl_videos_dataset_Diverse/جَمِيلٌ (إِشَارَة 2).mp4,Diverse,جَمِيلٌ,جميل,2,2,right,lexical
data/raw/vedios-dataset/mosl_videos_dataset_Diverse/جَمْعِيَّةٌ.mp4,Diverse,جَمْعِيَّةٌ,جمعية,,5,both,lexical
data/raw/vedios-dataset/mosl_videos_dataset_Diverse/جَمْعِيَّةُ آبَاءِ وَأَوْلِيَاءِ التَّلاَمِيذِ.mp4,Diverse,جَمْعِيَّةُ آبَاءِ وَأَوْلِيَاءِ التَّلاَمِيذِ,جمعية آباء وأولياء التلاميذ,,-1,right,lexical
data/raw/vedios-dataset/mosl_videos_dataset_Diverse/جَنَاحُ طَائِرَةٍ.mp4,Diverse,جَنَاحُ طَائِرَةٍ,جناح طائرة,,6,right,lexical
data/raw/vedios-dataset/mosl_videos_dataset_Diverse/جَنَازَةٌ.mp4,Diverse,جَنَازَةٌ,جنازة,,0,both,lexical
data/raw/vedios-dataset/mosl_videos_dataset_Diverse/جَنُوبٌ.mp4,Diverse,جَنُوبٌ,جنوب,,4,both,lexical
data/raw/vedios-dataset/mosl_videos_dataset_Diverse/جَوٌّ.mp4,Diverse,جَوٌّ,جو,,5,left,lexical
data/raw/vedios-dataset/mosl_videos_dataset_Diverse/جَوَابٌ (إِشَارَة 1).mp4,Diverse,جَوَابٌ,جواب,1,4,both,lexical
data/raw/vedios-dataset/mosl_videos_dataset_Diverse/جَوَابٌ (إِشَارَة 2).mp4,Diverse,جَوَابٌ,جواب,2,6,right,lexical
data/raw/vedios-dataset/mosl_videos_dataset_Diverse/جَوَازُ سَفَرٍ.mp4,Diverse,جَوَازُ سَفَرٍ,جواز سفر,,4,both,lexical
data/raw/vedios-dataset/mosl_videos_dataset_Diverse/جَوْزَةُ الهِنْد.mp4,Diverse,جَوْزَةُ الهِنْد,جوزة الهند,,0,both,lexical
data/raw/vedios-dataset/mosl_videos_dataset_Diverse/جَيِّدٌ.mp4,Diverse,جَيِّدٌ,جيد,,3,right,lexical
data/raw/vedios-dataset/mosl_videos_dataset_Diverse/جَيْبٌ.mp4,Diverse,جَيْبٌ,جيب,,2,both,lexical
data/raw/vedios-dataset/mosl_videos_dataset_Diverse/جَيْشٌ.mp4,Diverse,جَيْشٌ,جيش,,3,right,lexical
data/raw/vedios-dataset/mosl_videos_dataset_Diverse/جُبْنٌ أَحْمَرُ.mp4,Diverse,جُبْنٌ أَحْمَرُ,جبن أحمر,,5,both,lexical
data/raw/vedios-dataset/mosl_videos_dataset_Diverse/جُبْنَةٌ.mp4,Diverse,جُبْنَةٌ,جبنة,,5,both,lexical
data/raw/vedios-dataset/mosl_videos_dataset_Diverse/جُرْحٌ.mp4,Diverse,جُرْحٌ,جرح,,5,both,lexical
data/raw/vedios-dataset/mosl_videos_dataset_Diverse/جُغْرَافْيَا.mp4,Diverse,جُغْرَافْيَا,جغرافيا,,2,both,lexical
data/raw/vedios-dataset/mosl_videos_dataset_Diverse/جُمْلَةٌ.mp4,Diverse,جُمْلَةٌ,جملة,,0,left,lexical
data/raw/vedios-dataset/mosl_videos_dataset_Diverse/جِرَاحَةٌ (إِشَارَة 1).mp4,Diverse,جِرَاحَةٌ,جراحة,1,3,right,lexical
data/raw/vedios-dataset/mosl_videos_dataset_Diverse/جِسْرٌ.mp4,Diverse,جِسْرٌ,جسر,,0,both,lexical
data/raw/vedios-dataset/mosl_videos_dataset_Diverse/جِسْمٌ.mp4,Diverse,جِسْمٌ,جسم,,0,both,lexical
data/raw/vedios-dataset/mosl_videos_dataset_Diverse/جِلْبَابٌ.mp4,Diverse,جِلْبَابٌ,جلباب,,0,both,lexical
data/raw/vedios-dataset/mosl_videos_dataset_Diverse/جِنْسٌ.mp4,Diverse,جِنْسٌ,جنس,,7,right,lexical
data/raw/vedios-dataset/mosl_videos_dataset_Diverse/جِهَازُ عَرْضٍ.mp4,Diverse,جِهَازُ عَرْضٍ,جهاز عرض,,0,both,lexical
data/raw/vedios-dataset/mosl_videos_dataset_Diverse/جِيلُ الشَّعْرِ.mp4,Diverse,جِيلُ الشَّعْرِ,جيل الشعر,,0,both,lexical
data/raw/vedios-dataset/mosl_videos_dataset_Diverse/جِينْز (إِشَارَة 1).mp4,Diverse,جِينْز,جينز,1,3,both,lexical
data/raw/vedios-dataset/mosl_videos_dataset_Diverse/حَاجِبٌ.mp4,Diverse,حَاجِبٌ,حاجب,,6,right,lexical
data/raw/vedios-dataset/mosl_videos_dataset_Diverse/حَاجِزٌ.mp4,Diverse,حَاجِزٌ,حاجز,,4,both,lexical
data/raw/vedios-dataset/mosl_videos_dataset_Diverse/حَادِثَةُ (سَيْرٍ).mp4,Diverse,حَادِثَةُ (سَيْرٍ),حادثة (سير),,5,left,lexical
data/raw/vedios-dataset/mosl_videos_dataset_Diverse/حَاذِقٌ.mp4,Diverse,حَاذِقٌ,حاذق,,4,both,lexical
data/raw/vedios-dataset/mosl_videos_dataset_Diverse/حَارٌّ.mp4,Diverse,حَارٌّ,حار,,6,right,lexical
data/raw/vedios-dataset/mosl_videos_dataset_Diverse/حَارِسٌ (إِشَارَة 1).mp4,Diverse,حَارِسٌ,حارس,1,0,left,lexical
data/raw/vedios-dataset/mosl_videos_dataset_Diverse/حَارِسٌ شَخْصِي.mp4,Diverse,حَارِسٌ شَخْصِي,حارس شخصي,,0,both,lexical
data/raw/vedios-dataset/mosl_videos_dataset_Diverse/حَارِسُ المَرْمَى (إِشَارَة 1).mp4,Diverse,حَارِسُ المَرْمَى,حارس المرمى,1,0,both,lexical
data/raw/vedios-dataset/mosl_videos_dataset_Diverse/حَاسُوبٌ مَحْمُولٌ.mp4,Diverse,حَاسُوبٌ مَحْمُولٌ,حاسوب محمول,,5,both,lexical
data/raw/vedios-dataset/mosl_videos_dataset_Diverse/حَاضِرٌ.mp4,Diverse,حَاضِرٌ,حاضر,,0,both,lexical
data/raw/vedios-dataset/mosl_videos_dataset_Diverse/حَافَظَ (عَلَى الشَّيْءِ).mp4,Diverse,حَافَظَ (عَلَى الشَّيْءِ),حافظ (على الشيء),,5,both,lexical
data/raw/vedios-dataset/mosl_videos_dataset_Diverse/حَافِلَةٌ.mp4,Diverse,حَافِلَةٌ,حافلة,,5,both,lexical
data/raw/vedios-dataset/mosl_videos_dataset_Diverse/حَامِلٌ.mp4,Diverse,حَامِلٌ,حامل,,6,right,lexical
data/raw/vedios-dataset/mosl_videos_dataset_Diverse/حَائِطٌ.mp4,Diverse,حَائِطٌ,حائط,,4,both,lexical
data/raw/vedios-dataset/mosl_videos_dataset_Diverse/حَبَّار.mp4,Diverse,حَبَّار,حبار,,5,both,lexical
data/raw/vedios-dataset/mosl_videos_dataset_Diverse/حَبُّ الشَّبَابِ (إِشَارَة 1).mp4,Diverse,حَبُّ الشَّبَابِ,حب الشباب,1,5,both,lexical
data/raw/vedios-dataset/mosl_videos_dataset_Diverse/حَجَرٌ (إِشَارَة 1).mp4,Diverse,حَجَرٌ,حجر,1,6,right,lexical
data/raw/vedios-dataset/mosl_videos_dataset_Diverse/حَدِيدٌ (إِشَارَة 1).mp4,Diverse,حَدِيدٌ,حديد,1,5,both,lexical
data/raw/vedios-dataset/mosl_videos_dataset_Diverse/حَدِيقَةٌ (إِشَارَة 1).mp4,Diverse,حَدِيقَةٌ,حديقة,1,0,both,lexical
data/raw/vedios-dataset/mosl_videos_dataset_Diverse/حَدِيقَةٌ (إِشَارَة 2).mp4,Diverse,حَدِيقَةٌ,حديقة,2,5,left,lexical
data/raw/vedios-dataset/mosl_videos_dataset_Diverse/حَدِيقَةُ الحَيَوَانَاتِ (إِشَارَة 1).mp4,Diverse,حَدِيقَةُ الحَيَوَانَاتِ,حديقة الحيوانات,1,5,both,lexical
data/raw/vedios-dataset/mosl_videos_dataset_Diverse/حَذِرٌ.mp4,Diverse,حَذِرٌ,حذر,,0,both,lexical
data/raw/vedios-dataset/mosl_videos_dataset_Diverse/حَرَارَةٌ.mp4,Diverse,حَرَارَةٌ,حرارة,,3,right,lexical
data/raw/vedios-dataset/mosl_videos_dataset_Diverse/حَرِيرَة.mp4,Diverse,حَرِيرَة,حريرة,,0,both,lexical
data/raw/vedios-dataset/mosl_videos_dataset_Diverse/حَرِيقٌ.mp4,Diverse,حَرِيقٌ,حريق,,5,both,lexical
data/raw/vedios-dataset/mosl_videos_dataset_Diverse/حَزِينٌ (إِشَارَة 1).mp4,Diverse,حَزِينٌ,حزين,1,3,right,lexical
data/raw/vedios-dataset/mosl_videos_dataset_Diverse/حَزِينٌ (إِشَارَة 2).mp4,Diverse,حَزِينٌ,حزين,2,6,right,lexical
data/raw/vedios-dataset/mosl_videos_dataset_Diverse/حَشَرَةٌ.mp4,Diverse,حَشَرَةٌ,حشرة,,5,both,lexical
data/raw/vedios-dataset/mosl_videos_dataset_Diverse/حَصَّالَةٌ.mp4,Diverse,حَصَّالَةٌ,حصالة,,0,both,lexical
data/raw/vedios-dataset/mosl_videos_dataset_Diverse/حَفَّارَةٌ.mp4,Diverse,حَفَّارَةٌ,حفارة,,0,both,lexical
data/raw/vedios-dataset/mosl_videos_dataset_Diverse/حَفَّاظَةٌ.mp4,Diverse,حَفَّاظَةٌ,حفاظة,,0,both,lexical
data/raw/vedios-dataset/mosl_videos_dataset_Diverse/حَفْلٌ (إِشَارَة 1).mp4,Diverse,حَفْلٌ,حفل,1,0,both,lexical
data/raw/vedios-dataset/mosl_videos_dataset_Diverse/حَفْلٌ (إِشَارَة 2).mp4,Diverse,حَفْلٌ,حفل,2,0,both,lexical
data/raw/vedios-dataset/mosl_videos_dataset_Diverse/حَق (إِشَارَة 1).mp4,Diverse,حَق,حق,1,5,both,lexical
data/raw/vedios-dataset/mosl_videos_dataset_Diverse/حَقِيبَةٌ.mp4,Diverse,حَقِيبَةٌ,حقيبة,,3,right,lexical
data/raw/vedios-dataset/mosl_videos_dataset_Diverse/حَقِيبَةُ الجَيْبِ.mp4,Diverse,حَقِيبَةُ الجَيْبِ,حقيبة الجيب,,5,both,lexical
data/raw/vedios-dataset/mosl_videos_dataset_Diverse/حَقِيبَةُ الظَّهْرِ.mp4,Diverse,حَقِيبَةُ الظَّهْرِ,حقيبة الظهر,,5,both,lexical
data/raw/vedios-dataset/mosl_videos_dataset_Diverse/حَقِيبَةُ اليَدِ.mp4,Diverse,حَقِيبَةُ اليَدِ,حقيبة اليد,,6,right,lexical
data/raw/vedios-dataset/mosl_videos_dataset_Diverse/حَقِيرٌ.mp4,Diverse,حَقِيرٌ,حقير,,4,both,lexical
data/raw/vedios-dataset/mosl_videos_dataset_Diverse/حَكَمُ مُبَارَاةٍ (إِشَارَة 1).mp4,Diverse,حَكَمُ مُبَارَاةٍ,حكم مباراة,1,6,right,lexical
data/raw/vedios-dataset/mosl_videos_dataset_Diverse/حَكَى (إِشَارَة 1).mp4,Diverse,حَكَى,حكى,1,4,left,lexical
data/raw/vedios-dataset/mosl_videos_dataset_Diverse/حَكِيمٌ.mp4,Diverse,حَكِيمٌ,حكيم,,3,right,lexical
data/raw/vedios-dataset/mosl_videos_dataset_Diverse/حَلَزُونٌ (إِشَارَة 1).mp4,Diverse,حَلَزُونٌ,حلزون,1,0,both,lexical
data/raw/vedios-dataset/mosl_videos_dataset_Diverse/حَلَقَةُ أُذُنٍ.mp4,Diverse,حَلَقَةُ أُذُنٍ,حلقة أذن,,3,right,lexical
data/raw/vedios-dataset/mosl_videos_dataset_Diverse/حَلِيبٌ.mp4,Diverse,حَلِيبٌ,حليب,,0,both,lexical
data/raw/vedios-dataset/mosl_videos_dataset_Diverse/حَلْوَى.mp4,Diverse,حَلْوَى,حلوى,,2,right,lexical
data/raw/vedios-dataset/mosl_videos_dataset_Diverse/حَمَاسٌ (إِشَارَة 1).mp4,Diverse,حَمَاسٌ,حماس,1,0,both,lexical
data/raw/vedios-dataset/mosl_videos_dataset_Diverse/حَمَامَةٌ.mp4,Diverse,حَمَامَةٌ,حمامة,,5,both,lexical
data/raw/vedios-dataset/mosl_videos_dataset_Diverse/حَمَلٌ.mp4,Diverse,حَمَلٌ,حمل,,0,both,lexical
data/raw/vedios-dataset/mosl_videos_dataset_Diverse/حَمَلَ.mp4,Diverse,حَمَلَ,حمل,,2,both,lexical
data/raw/vedios-dataset/mosl_videos_dataset_Diverse/حَمَّامٌ.mp4,Diverse,حَمَّامٌ,حمام,,0,left,lexical
data/raw/vedios-dataset/mosl_videos_dataset_Diverse/حَنْجَرَةٌ مُلْتَهِبَةٌ.mp4,Diverse,حَنْجَرَةٌ مُلْتَهِبَةٌ,حنجرة ملتهبة,,0,both,lexical
data/raw/vedios-dataset/mosl_videos_dataset_Diverse/حَوْضُ اسْتِحْمَامٍ.mp4,Diverse,حَوْضُ اسْتِحْمَامٍ,حوض استحمام,,5,both,lexical
data/raw/vedios-dataset/mosl_videos_dataset_Diverse/حَيٌّ (سَكَنِيٌّ).mp4,Diverse,حَيٌّ (سَكَنِيٌّ),حي (سكني),,0,both,lexical
data/raw/vedios-dataset/mosl_videos_dataset_Diverse/حَيَاةٌ.mp4,Diverse,حَيَاةٌ,حياة,,5,left,lexical
data/raw/vedios-dataset/mosl_videos_dataset_Diverse/حَيَوَانٌ (إِشَارَة 1).mp4,Diverse,حَيَوَانٌ,حيوان,1,4,both,lexical
data/raw/vedios-dataset/mosl_videos_dataset_Diverse/حَيَوَانٌ (إِشَارَة 2).mp4,Diverse,حَيَوَانٌ,حيوان,2,7,right,lexical
data/raw/vedios-dataset/mosl_videos_dataset_Diverse/حُبُوبٌ.mp4,Diverse,حُبُوبٌ,حبوب,,5,both,lexical
data/raw/vedios-dataset/mosl_videos_dataset_Diverse/حُجَّةٌ.mp4,Diverse,حُجَّةٌ,حجة,,5,both,lexical
data/raw/vedios-dataset/mosl_videos_dataset_Diverse/حُجْرَةُ نَوْم.mp4,Diverse,حُجْرَةُ نَوْم,حجرة نوم,,0,both,lexical
data/raw/vedios-dataset/mosl_videos_dataset_Diverse/حُرٌّ (إِشَارَة 1).mp4,Diverse,حُرٌّ,حر,1,0,left,lexical
data/raw/vedios-dataset/mosl_videos_dataset_Diverse/حُرٌّ (إِشَارَة 2).mp4,Diverse,حُرٌّ,حر,2,5,both,lexical
data/raw/vedios-dataset/mosl_videos_dataset_Diverse/حُكُومَةٌ.mp4,Diverse,حُكُومَةٌ,حكومة,,3,right,lexical
data/raw/vedios-dataset/mosl_videos_dataset_Diverse/حُلْوٌ (إِشَارَة 1).mp4,Diverse,حُلْوٌ,حلو,1,6,right,lexical
data/raw/vedios-dataset/mosl_videos_dataset_Diverse/حُوت.mp4,Diverse,حُوت,حوت,,3,right,lexical
data/raw/vedios-dataset/mosl_videos_dataset_Diverse/حِذَاءٌ (إِشَارَة 1).mp4,Diverse,حِذَاءٌ,حذاء,1,5,both,lexical
data/raw/vedios-dataset/mosl_videos_dataset_Diverse/حِذَاءٌ بِرَقَبَةٍ (إِشَارَة 1).mp4,Diverse,حِذَاءٌ بِرَقَبَةٍ,حذاء برقبة,1,5,both,lexical
data/raw/vedios-dataset/mosl_videos_dataset_Diverse/حِذَاءٌ رِيَاضِيٌّ (إِشَارَة 1).mp4,Diverse,حِذَاءٌ رِيَاضِيٌّ,حذاء رياضي,1,5,both,lexical
data/raw/vedios-dataset/mosl_videos_dataset_Diverse/حِصَانٌ (إِشَارَة 1).mp4,Diverse,حِصَانٌ,حصان,1,0,both,lexical
data/raw/vedios-dataset/mosl_videos_dataset_Diverse/حِصَانٌ (إِشَارَة 2).mp4,Diverse,حِصَانٌ,حصان,2,0,both,lexical
data/raw/vedios-dataset/mosl_videos_dataset_Diverse/حِمَارٌ (إِشَارَة 1).mp4,Diverse,حِمَارٌ,حمار,1,5,left,lexical
data/raw/vedios-dataset/mosl_videos_dataset_Diverse/حِمَارٌ وَحْشِيٌّ (إِشَارَة 1).mp4,Diverse,حِمَارٌ وَحْشِيٌّ,حمار وحشي,1,0,both,lexical
data/raw/vedios-dataset/mosl_videos_dataset_Diverse/حِمَارٌ وَحْشِيٌّ (إِشَارَة 2).mp4,Diverse,حِمَارٌ وَحْشِيٌّ,حمار وحشي,2,2,both,lexical
data/raw/vedios-dataset/mosl_videos_dataset_Diverse/حِمَارٌ وَحْشِيٌّ (إِشَارَة 3).mp4,Diverse,حِمَارٌ وَحْشِيٌّ,حمار وحشي,3,5,both,lexical
data/raw/vedios-dataset/mosl_videos_dataset_Diverse/حِمَايَةٌ (إِشَارَة 1).mp4,Diverse,حِمَايَةٌ,حماية,1,5,left,lexical
data/raw/vedios-dataset/mosl_videos_dataset_Diverse/حِمَايَةٌ (إِشَارَة 2).mp4,Diverse,حِمَايَةٌ,حماية,2,5,both,lexical
data/raw/vedios-dataset/mosl_videos_dataset_Diverse/حِمَّصٌ.mp4,Diverse,حِمَّصٌ,حمص,,3,right,lexical
data/raw/vedios-dataset/mosl_videos_dataset_Diverse/حِمْيَةٌ (إِشَارَة 1).mp4,Diverse,حِمْيَةٌ,حمية,1,0,both,lexical
data/raw/vedios-dataset/mosl_videos_dataset_Diverse/حِنَّاءٌ.mp4,Diverse,حِنَّاءٌ,حناء,,5,both,lexical
data/raw/vedios-dataset/mosl_videos_dataset_Diverse/حِوَارٌ (إِشَارَة 1).mp4,Diverse,حِوَارٌ,حوار,1,5,left,lexical
data/raw/vedios-dataset/mosl_videos_dataset_Diverse/خَاتَمٌ.mp4,Diverse,خَاتَمٌ,خاتم,,5,both,lexical
data/raw/vedios-dataset/mosl_videos_dataset_Diverse/خَادِمٌ.mp4,Diverse,خَادِمٌ,خادم,,0,both,lexical
data/raw/vedios-dataset/mosl_videos_dataset_Diverse/خَارِجَ.mp4,Diverse,خَارِجَ,خارج,,5,both,lexical
data/raw/vedios-dataset/mosl_videos_dataset_Diverse/خَالَةٌ.mp4,Diverse,خَالَةٌ,خالة,,3,right,lexical
data/raw/vedios-dataset/mosl_videos_dataset_Diverse/خَائِفٌ (إِشَارَة 1).mp4,Diverse,خَائِفٌ,خائف,1,5,left,lexical
data/raw/vedios-dataset/mosl_videos_dataset_Diverse/خَبَّأَ.mp4,Diverse,خَبَّأَ,خبأ,,5,both,lexical
data/raw/vedios-dataset/mosl_videos_dataset_Diverse/خَجُولٌ.mp4,Diverse,خَجُولٌ,خجول,,6,right,lexical
data/raw/vedios-dataset/mosl_videos_dataset_Diverse/خَدٌّ.mp4,Diverse,خَدٌّ,خد,,6,right,lexical
data/raw/vedios-dataset/mosl_videos_dataset_Diverse/خَدَشَ.mp4,Diverse,خَدَشَ,خدش,,0,both,lexical
data/raw/vedios-dataset/mosl_videos_dataset_Diverse/خَدَعَ (إِشَارَة 1).mp4,Diverse,خَدَعَ,خدع,1,5,both,lexical
data/raw/vedios-dataset/mosl_videos_dataset_Diverse/خَدَعَ (إِشَارَة 2).mp4,Diverse,خَدَعَ,خدع,2,6,right,lexical
data/raw/vedios-dataset/mosl_videos_dataset_Diverse/خَدَعَ (إِشَارَة 3).mp4,Diverse,خَدَعَ,خدع,3,5,both,lexical
data/raw/vedios-dataset/mosl_videos_dataset_Diverse/خَرَجَ (إِشَارَة 1).mp4,Diverse,خَرَجَ,خرج,1,6,right,lexical
data/raw/vedios-dataset/mosl_videos_dataset_Diverse/خَرَجَ (إِشَارَة 2).mp4,Diverse,خَرَجَ,خرج,2,5,both,lexical
data/raw/vedios-dataset/mosl_videos_dataset_Diverse/خَرَجَ (إِشَارَة 3).mp4,Diverse,خَرَجَ,خرج,3,1,left,lexical
data/raw/vedios-dataset/mosl_videos_dataset_Diverse/خَرَزٌ.mp4,Diverse,خَرَزٌ,خرز,,5,both,lexical
data/raw/vedios-dataset/mosl_videos_dataset_Diverse/خَرُوفٌ.mp4,Diverse,خَرُوفٌ,خروف,,4,left,lexical
data/raw/vedios-dataset/mosl_videos_dataset_Diverse/خَرِيرٌ (إِشَارَة 1).mp4,Diverse,خَرِيرٌ,خرير,1,0,both,lexical
data/raw/vedios-dataset/mosl_videos_dataset_Diverse/خَرِيرٌ (إِشَارَة 2).mp4,Diverse,خَرِيرٌ,خرير,2,7,right,lexical
data/raw/vedios-dataset/mosl_videos_dataset_Diverse/خَسِرَ (إِشَارَة 1).mp4,Diverse,خَسِرَ,خسر,1,2,both,lexical
data/raw/vedios-dataset/mosl_videos_dataset_Diverse/خَسِرَ (إِشَارَة 2).mp4,Diverse,خَسِرَ,خسر,2,2,right,lexical
data/raw/vedios-dataset/mosl_videos_dataset_Diverse/خَشَبٌ.mp4,Diverse,خَشَبٌ,خشب,,5,both,lexical
data/raw/vedios-dataset/mosl_videos_dataset_Diverse/خَطَأٌ.mp4,Diverse,خَطَأٌ,خطأ,,6,right,lexical
data/raw/vedios-dataset/mosl_videos_dataset_Diverse/خَفَقَانُ (القَلْبِ).mp4,Diverse,خَفَقَانُ (القَلْبِ),خفقان (القلب),,6,right,lexical
data/raw/vedios-dataset/mosl_videos_dataset_Diverse/خَلٌّ.mp4,Diverse,خَلٌّ,خل,,3,right,lexical
data/raw/vedios-dataset/mosl_videos_dataset_Diverse/خَلْفَ (إِشَارَة 1).mp4,Diverse,خَلْفَ,خلف,1,2,right,lexical
data/raw/vedios-dataset/mosl_videos_dataset_Diverse/خَمْرٌ.mp4,Diverse,خَمْرٌ,خمر,,3,right,lexical
data/raw/vedios-dataset/mosl_videos_dataset_Diverse/خَمْسَة.mp4,Diverse,خَمْسَة,خمسة,,4,left,lexical
data/raw/vedios-dataset/mosl_videos_dataset_Diverse/خَمْسَةُ آلاَفِ دِرْهَمٍ.mp4,Diverse,خَمْسَةُ آلاَفِ دِرْهَمٍ,خمسة آلاف درهم,,-1,right,lexical
data/raw/vedios-dataset/mosl_videos_dataset_Diverse/خَمْسَةُ دَراهِمَ.mp4,Diverse,خَمْسَةُ دَراهِمَ,خمسة دراهم,,7,right,lexical
data/raw/vedios-dataset/mosl_videos_dataset_Diverse/خَمْسُ مِئَةِ دِرْهَمٍ.mp4,Diverse,خَمْسُ مِئَةِ دِرْهَمٍ,خمس مئة درهم,,7,right,lexical
data/raw/vedios-dataset/mosl_videos_dataset_Diverse/خَمْسُونَ دِرْهَمًا.mp4,Diverse,خَمْسُونَ دِرْهَمًا,خمسون درهما,,7,right,lexical
data/raw/vedios-dataset/mosl_videos_dataset_Diverse/خَوْخٌ (إِشَارَة 1).mp4,Diverse,خَوْخٌ,خوخ,1,0,both,lexical
data/raw/vedios-dataset/mosl_videos_dataset_Diverse/خَيْطٌ.mp4,Diverse,خَيْطٌ,خيط,,5,both,lexical
data/raw/vedios-dataset/mosl_videos_dataset_Diverse/خَيْمَةٌ (إِشَارَة 1).mp4,Diverse,خَيْمَةٌ,خيمة,1,5,both,lexical
data/raw/vedios-dataset/mosl_videos_dataset_Diverse/خُبْزٌ (إِشَارَة 1).mp4,Diverse,خُبْزٌ,خبز,1,5,both,lexical
data/raw/vedios-dataset/mosl_videos_dataset_Diverse/خُرِيبْكَة.mp4,Diverse,خُرِيبْكَة,خريبكة,,6,right,lexical
data/raw/vedios-dataset/mosl_videos_dataset_Diverse/خُرْشُوفٌ.mp4,Diverse,خُرْشُوفٌ,خرشوف,,5,both,lexical
data/raw/vedios-dataset/mosl_videos_dataset_Diverse/خُنْفُسَاءٌ.mp4,Diverse,خُنْفُسَاءٌ,خنفساء,,0,right,lexical
data/raw/vedios-dataset/mosl_videos_dataset_Diverse/خُوذَةٌ.mp4,Diverse,خُوذَةٌ,خوذة,,5,left,lexical
data/raw/vedios-dataset/mosl_videos_dataset_Diverse/خِتَان.mp4,Diverse,خِتَان,ختان,,6,both,lexical
data/raw/vedios-dataset/mosl_videos_dataset_Diverse/خِزَانَةٌ.mp4,Diverse,خِزَانَةٌ,خزانة,,0,both,lexical
data/raw/vedios-dataset/mosl_videos_dataset_Diverse/خِنَّوْصٌ (إِشَارَة 1).mp4,Diverse,خِنَّوْصٌ,خنوص,1,6,both,lexical
data/raw/vedios-dataset/mosl_videos_dataset_Diverse/خِنْزِيرٌ (إِشَارَة 1).mp4,Diverse,خِنْزِيرٌ,خنزير,1,6,right,lexical
data/raw/vedios-dataset/mosl_videos_dataset_Diverse/خِنْزِيرٌ بَرِّي.mp4,Diverse,خِنْزِيرٌ بَرِّي,خنزير بري,,0,both,lexical
data/raw/vedios-dataset/mosl_videos_dataset_Diverse/خِيَاطَةٌ.mp4,Diverse,خِيَاطَةٌ,خياطة,,0,right,lexical
data/raw/vedios-dataset/mosl_videos_dataset_Diverse/دَاخِلَ.mp4,Diverse,دَاخِلَ,داخل,,5,both,lexical
data/raw/vedios-dataset/mosl_videos_dataset_Diverse/دَارُ الشَّبَابِ (إِشَارَة 1).mp4,Diverse,دَارُ الشَّبَابِ,دار الشباب,1,4,both,lexical
data/raw/vedios-dataset/mosl_videos_dataset_Diverse/دَارُ سَكِّ النُّقُودِ (إِشَارَة 1).mp4,Diverse,دَارُ سَكِّ النُّقُودِ,دار سك النقود,1,0,both,lexical
data/raw/vedios-dataset/mosl_videos_dataset_Diverse/دَبَّاسَةٌ.mp4,Diverse,دَبَّاسَةٌ,دباسة,,0,both,lexical
data/raw/vedios-dataset/mosl_videos_dataset_Diverse/دَجَاجٌ بَلَدِيٌّ.mp4,Diverse,دَجَاجٌ بَلَدِيٌّ,دجاج بلدي,,4,both,lexical
data/raw/vedios-dataset/mosl_videos_dataset_Diverse/دَجَاجَةٌ (إِشَارَة 1).mp4,Diverse,دَجَاجَةٌ,دجاجة,1,6,right,lexical
data/raw/vedios-dataset/mosl_videos_dataset_Diverse/دَجَاجَةٌ (إِشَارَة 2).mp4,Diverse,دَجَاجَةٌ,دجاجة,2,0,left,lexical
data/raw/vedios-dataset/mosl_videos_dataset_Diverse/دَخَلَ.mp4,Diverse,دَخَلَ,دخل,,5,both,lexical
data/raw/vedios-dataset/mosl_videos_dataset_Diverse/دَخَّنَ.mp4,Diverse,دَخَّنَ,دخن,,3,right,lexical
data/raw/vedios-dataset/mosl_videos_dataset_Diverse/دَرَجٌ.mp4,Diverse,دَرَجٌ,درج,,4,right,lexical
data/raw/vedios-dataset/mosl_videos_dataset_Diverse/دَرَسَ (إِشَارَة 1).mp4,Diverse,دَرَسَ,درس,1,5,both,lexical
data/raw/vedios-dataset/mosl_videos_dataset_Diverse/دَرَسَ (إِشَارَة 2).mp4,Diverse,دَرَسَ,درس,2,1,both,lexical
data/raw/vedios-dataset/mosl_videos_dataset_Diverse/دَرَّاجَةٌ نَارِيَّةٌ.mp4,Diverse,دَرَّاجَةٌ نَارِيَّةٌ,دراجة نارية,,0,left,lexical
data/raw/vedios-dataset/mosl_videos_dataset_Diverse/دَرَّاجَةٌ هَوَائِيَّةٌ.mp4,Diverse,دَرَّاجَةٌ هَوَائِيَّةٌ,دراجة هوائية,,0,both,lexical
data/raw/vedios-dataset/mosl_videos_dataset_Diverse/دَرْسٌ (إِشَارَة 1).mp4,Diverse,دَرْسٌ,درس,1,0,both,lexical
data/raw/vedios-dataset/mosl_videos_dataset_Diverse/دَشَّنَ.mp4,Diverse,دَشَّنَ,دشن,,5,both,lexical
data/raw/vedios-dataset/mosl_videos_dataset_Diverse/دَغْدَغَ.mp4,Diverse,دَغْدَغَ,دغدغ,,4,left,lexical
data/raw/vedios-dataset/mosl_videos_dataset_Diverse/دَفَعَ.mp4,Diverse,دَفَعَ,دفع,,4,both,lexical
data/raw/vedios-dataset/mosl_videos_dataset_Diverse/دَفْتَرٌ (إِشَارَة 1).mp4,Diverse,دَفْتَرٌ,دفتر,1,0,both,lexical
data/raw/vedios-dataset/mosl_videos_dataset_Diverse/دَفْتَرٌ (إِشَارَة 2).mp4,Diverse,دَفْتَرٌ,دفتر,2,0,both,lexical
data/raw/vedios-dataset/mosl_videos_dataset_Diverse/دَفْتَرٌ (إِشَارَة 3).mp4,Diverse,دَفْتَرٌ,دفتر,3,1,both,lexical
data/raw/vedios-dataset/mosl_videos_dataset_Diverse/دَلْوٌ.mp4,Diverse,دَلْوٌ,دلو,,5,both,lexical
data/raw/vedios-dataset/mosl_videos_dataset_Diverse/دَمٌ (إِشَارَة 1).mp4,Diverse,دَمٌ,دم,1,6,right,lexical
data/raw/vedios-dataset/mosl_videos_dataset_Diverse/دَمٌ (إِشَارَة 2).mp4,Diverse,دَمٌ,دم,2,6,right,lexical
data/raw/vedios-dataset/mosl_videos_dataset_Diverse/دَمٌ (إِشَارَة 3).mp4,Diverse,دَمٌ,دم,3,1,left,lexical
data/raw/vedios-dataset/mosl_videos_dataset_Diverse/دَهِشَ.mp4,Diverse,دَهِشَ,دهش,,5,both,lexical
data/raw/vedios-dataset/mosl_videos_dataset_Diverse/دَوَاءٌ.mp4,Diverse,دَوَاءٌ,دواء,,5,both,lexical
data/raw/vedios-dataset/mosl_videos_dataset_Diverse/دُبٌّ (إِشَارَة 1).mp4,Diverse,دُبٌّ,دب,1,5,left,lexical
data/raw/vedios-dataset/mosl_videos_dataset_Diverse/دُبٌّ (إِشَارَة 2).mp4,Diverse,دُبٌّ,دب,2,1,both,lexical
data/raw/vedios-dataset/mosl_videos_dataset_Diverse/دُرْجٌ.mp4,Diverse,دُرْجٌ,درج,,5,both,lexical
data/raw/vedios-dataset/mosl_videos_dataset_Diverse/دُلْفِينٌ.mp4,Diverse,دُلْفِينٌ,دلفين,,6,right,lexical
data/raw/vedios-dataset/mosl_videos_dataset_Diverse/دُمْلُجٌ.mp4,Diverse,دُمْلُجٌ,دملج,,2,right,lexical
data/raw/vedios-dataset/mosl_videos_dataset_Diverse/دُمْيَةٌ (إِشَارَة 1).mp4,Diverse,دُمْيَةٌ,دمية,1,5,both,lexical
data/raw/vedios-dataset/mosl_videos_dataset_Diverse/دُمْيَةٌ (إِشَارَة 2).mp4,Diverse,دُمْيَةٌ,دمية,2,5,both,lexical
data/raw/vedios-dataset/mosl_videos_dataset_Diverse/دُمْيَةُ دُبٍّ.mp4,Diverse,دُمْيَةُ دُبٍّ,دمية دب,,0,both,lexical
data/raw/vedios-dataset/mosl_videos_dataset_Diverse/دُودَةٌ (إِشَارَة 1).mp4,Diverse,دُودَةٌ,دودة,1,6,right,lexical
data/raw/vedios-dataset/mosl_videos_dataset_Diverse/دُولاَرٌ.mp4,Diverse,دُولاَرٌ,دولار,,6,right,lexical
data/raw/vedios-dataset/mosl_videos_dataset_Diverse/دِبْلُومٌ.mp4,Diverse,دِبْلُومٌ,دبلوم,,4,both,lexical
data/raw/vedios-dataset/mosl_videos_dataset_Diverse/دِرْهَمٌ (إِشَارَة 1).mp4,Diverse,دِرْهَمٌ,درهم,1,4,both,lexical
data/raw/vedios-dataset/mosl_videos_dataset_Diverse/دِرْهَمٌ (إِشَارَة 2).mp4,Diverse,دِرْهَمٌ,درهم,2,1,both,lexical
data/raw/vedios-dataset/mosl_videos_dataset_Diverse/دِفَاعٌ (إِشَارَة 1).mp4,Diverse,دِفَاعٌ,دفاع,1,5,both,lexical
data/raw/vedios-dataset/mosl_videos_dataset_Diverse/دِفَاعٌ (إِشَارَة 2).mp4,Diverse,دِفَاعٌ,دفاع,2,5,both,lexical
data/raw/vedios-dataset/mosl_videos_dataset_Diverse/دِفَاعٌ (إِشَارَة 3).mp4,Diverse,دِفَاعٌ,دفاع,3,1,both,lexical
data/raw/vedios-dataset/mosl_videos_dataset_Diverse/دِمَاغٌ (إِشَارَة 1).mp4,Diverse,دِمَاغٌ,دماغ,1,7,right,lexical
data/raw/vedios-dataset/mosl_videos_dataset_Diverse/دِمَاغٌ (إِشَارَة 2).mp4,Diverse,دِمَاغٌ,دماغ,2,2,left,lexical
data/raw/vedios-dataset/mosl_videos_dataset_Diverse/دِهَان.mp4,Diverse,دِهَان,دهان,,5,both,lexical
data/raw/vedios-dataset/mosl_videos_dataset_Diverse/دِيكٌ (إِشَارَة 1).mp4,Diverse,دِيكٌ,ديك,1,6,right,lexical
data/raw/vedios-dataset/mosl_videos_dataset_Diverse/دِيكٌ (إِشَارَة 2).mp4,Diverse,دِيكٌ,ديك,2,6,right,lexical
data/raw/vedios-dataset/mosl_videos_dataset_Diverse/دِيكٌ رُومِيٌّ.mp4,Diverse,دِيكٌ رُومِيٌّ,ديك رومي,,6,right,lexical
data/raw/vedios-dataset/mosl_videos_dataset_Diverse/ذَاقَ.mp4,Diverse,ذَاقَ,ذاق,,4,both,lexical
data/raw/vedios-dataset/mosl_videos_dataset_Diverse/ذَاكِرَةٌ.mp4,Diverse,ذَاكِرَةٌ,ذاكرة,,2,both,lexical
data/raw/vedios-dataset/mosl_videos_dataset_Diverse/ذَقْنٌ.mp4,Diverse,ذَقْنٌ,ذقن,,4,both,lexical
data/raw/vedios-dataset/mosl_videos_dataset_Diverse/ذَهَابًا وَإِيَّابًا.mp4,Diverse,ذَهَابًا وَإِيَّابًا,ذهابا وإيابا,,6,right,lexical
data/raw/vedios-dataset/mosl_videos_dataset_Diverse/ذَهَبٌ (إِشَارَة 1).mp4,Diverse,ذَهَبٌ,ذهب,1,5,both,lexical
data/raw/vedios-dataset/mosl_videos_dataset_Diverse/ذَهَبٌ (إِشَارَة 2).mp4,Diverse,ذَهَبٌ,ذهب,2,1,right,lexical
data/raw/vedios-dataset/mosl_videos_dataset_Diverse/ذَهَبَ.mp4,Diverse,ذَهَبَ,ذهب,,3,right,lexical
data/raw/vedios-dataset/mosl_videos_dataset_Diverse/ذَيْلٌ.mp4,Diverse,ذَيْلٌ,ذيل,,5,both,lexical
data/raw/vedios-dataset/mosl_videos_dataset_Diverse/ذُبَابَةٌ (إِشَارَة 1).mp4,Diverse,ذُبَابَةٌ,ذبابة,1,4,right,lexical
data/raw/vedios-dataset/mosl_videos_dataset_Diverse/ذُرَةٌ.mp4,Diverse,ذُرَةٌ,ذرة,,0,both,lexical
data/raw/vedios-dataset/mosl_videos_dataset_Diverse/ذِرَاعٌ.mp4,Diverse,ذِرَاعٌ,ذراع,,4,both,lexical
data/raw/vedios-dataset/mosl_videos_dataset_Diverse/ذِئْبٌ.mp4,Diverse,ذِئْبٌ,ذئب,,6,right,lexical
data/raw/vedios-dataset/mosl_videos_dataset_Diverse/رَاجَعَ (إِشَارَة 1).mp4,Diverse,رَاجَعَ,راجع,1,6,right,lexical
data/raw/vedios-dataset/mosl_videos_dataset_Diverse/رَاجَعَ (إِشَارَة 2).mp4,Diverse,رَاجَعَ,راجع,2,1,both,lexical
data/raw/vedios-dataset/mosl_videos_dataset_Diverse/رَاجِلٌ.mp4,Diverse,رَاجِلٌ,راجل,,4,left,lexical
data/raw/vedios-dataset/mosl_videos_dataset_Diverse/رَاشِدٌ (إِشَارَة 1).mp4,Diverse,رَاشِدٌ,راشد,1,6,right,lexical
data/raw/vedios-dataset/mosl_videos_dataset_Diverse/رَاشِدٌ (إِشَارَة 2).mp4,Diverse,رَاشِدٌ,راشد,2,7,right,lexical
data/raw/vedios-dataset/mosl_videos_dataset_Diverse/رَاقَبَ (إِشَارَة 1).mp4,Diverse,رَاقَبَ,راقب,1,0,both,lexical
data/raw/vedios-dataset/mosl_videos_dataset_Diverse/رَاقَبَ (إِشَارَة 2).mp4,Diverse,رَاقَبَ,راقب,2,1,both,lexical
data/raw/vedios-dataset/mosl_videos_dataset_Diverse/رَأَى.mp4,Diverse,رَأَى,رأى,,3,right,lexical
data/raw/vedios-dataset/mosl_videos_dataset_Diverse/رَأْسٌ (إِشَارَة 1).mp4,Diverse,رَأْسٌ,رأس,1,6,right,lexical
data/raw/vedios-dataset/mosl_videos_dataset_Diverse/رَأْسٌ (إِشَارَة 2).mp4,Diverse,رَأْسٌ,رأس,2,1,right,lexical
data/raw/vedios-dataset/mosl_videos_dataset_Diverse/رَبِحَ.mp4,Diverse,رَبِحَ,ربح,,5,both,lexical
data/raw/vedios-dataset/mosl_videos_dataset_Diverse/رَجُلٌ (إِشَارَة 1).mp4,Diverse,رَجُلٌ,رجل,1,3,right,lexical
data/raw/vedios-dataset/mosl_videos_dataset_Diverse/رَسْمٌ.mp4,Diverse,رَسْمٌ,رسم,,0,both,lexical
data/raw/vedios-dataset/mosl_videos_dataset_Diverse/رَشَّ.mp4,Diverse,رَشَّ,رش,,6,both,lexical
data/raw/vedios-dataset/mosl_videos_dataset_Diverse/رَشْفَةٌ.mp4,Diverse,رَشْفَةٌ,رشفة,,5,both,lexical
data/raw/vedios-dataset/mosl_videos_dataset_Diverse/رَشْوَةٌ (إِشَارَة 1).mp4,Diverse,رَشْوَةٌ,رشوة,1,5,both,lexical
data/raw/vedios-dataset/mosl_videos_dataset_Diverse/رَصَّاصٌ.mp4,Diverse,رَصَّاصٌ,رصاص,,0,both,lexical
data/raw/vedios-dataset/mosl_videos_dataset_Diverse/رَضَّاعَةٌ.mp4,Diverse,رَضَّاعَةٌ,رضاعة,,6,right,lexical
data/raw/vedios-dataset/mosl_videos_dataset_Diverse/رَضِيعٌ (إِشَارَة 1).mp4,Diverse,رَضِيعٌ,رضيع,1,0,left,lexical
data/raw/vedios-dataset/mosl_videos_dataset_Diverse/رَعْدٌ.mp4,Diverse,رَعْدٌ,رعد,,0,both,lexical
data/raw/vedios-dataset/mosl_videos_dataset_Diverse/رَفَضَ.mp4,Diverse,رَفَضَ,رفض,,6,right,lexical
data/raw/vedios-dataset/mosl_videos_dataset_Diverse/رَقَائِقُ بَطَاطِسٍ مَقْلِيَّةٍ (إِشَارَة 1).mp4,Diverse,رَقَائِقُ بَطَاطِسٍ مَقْلِيَّةٍ,رقائق بطاطس مقلية,1,0,both,lexical
data/raw/vedios-dataset/mosl_videos_dataset_Diverse/رَقَائِقُ حُبُوبِ الْإِفْطَارِ.mp4,Diverse,رَقَائِقُ حُبُوبِ الْإِفْطَارِ,رقائق حبوب الإفطار,,5,both,lexical
data/raw/vedios-dataset/mosl_videos_dataset_Diverse/رَقَصَ.mp4,Diverse,رَقَصَ,رقص,,5,both,lexical
data/raw/vedios-dataset/mosl_videos_dataset_Diverse/رَكَلَ.mp4,Diverse,رَكَلَ,ركل,,5,both,lexical
data/raw/vedios-dataset/mosl_videos_dataset_Diverse/رَكَّزَ.mp4,Diverse,رَكَّزَ,ركز,,5,both,lexical
data/raw/vedios-dataset/mosl_videos_dataset_Diverse/رَكِبَ.mp4,Diverse,رَكِبَ,ركب,,0,both,lexical
data/raw/vedios-dataset/mosl_videos_dataset_Diverse/رَمَادِيٌّ (إِشَارَة 1).mp4,Diverse,رَمَادِيٌّ,رمادي,1,2,right,lexical
data/raw/vedios-dataset/mosl_videos_dataset_Diverse/رَمَضَانُ (إِشَارَة 1).mp4,Diverse,رَمَضَانُ,رمضان,1,3,right,lexical
data/raw/vedios-dataset/mosl_videos_dataset_Diverse/رَمَضَانُ (إِشَارَة 2).mp4,Diverse,رَمَضَانُ,رمضان,2,7,right,lexical
data/raw/vedios-dataset/mosl_videos_dataset_Diverse/رَمْزٌ (إِشَارَة 1).mp4,Diverse,رَمْزٌ,رمز,1,0,both,lexical
data/raw/vedios-dataset/mosl_videos_dataset_Diverse/رَمْلٌ.mp4,Diverse,رَمْلٌ,رمل,,5,both,lexical
data/raw/vedios-dataset/mosl_videos_dataset_Diverse/رَمْيُ الرُّمْحِ.mp4,Diverse,رَمْيُ الرُّمْحِ,رمي الرمح,,6,both,lexical
data/raw/vedios-dataset/mosl_videos_dataset_Diverse/رَوْضَةُ أَطْفَالٍ.mp4,Diverse,رَوْضَةُ أَطْفَالٍ,روضة أطفال,,0,both,lexical
data/raw/vedios-dataset/mosl_videos_dataset_Diverse/رَئِيسُ المَطْبَخِ (إِشَارَة 1).mp4,Diverse,رَئِيسُ المَطْبَخِ,رئيس المطبخ,1,0,both,lexical
data/raw/vedios-dataset/mosl_videos_dataset_Diverse/رَئِيسُ جَوْقَة.mp4,Diverse,رَئِيسُ جَوْقَة,رئيس جوقة,,0,both,lexical
data/raw/vedios-dataset/mosl_videos_dataset_Diverse/رُبَّمَا.mp4,Diverse,رُبَّمَا,ربما,,4,left,lexical
data/raw/vedios-dataset/mosl_videos_dataset_Diverse/رُخْصَةُ السِّيَاقَةِ.mp4,Diverse,رُخْصَةُ السِّيَاقَةِ,رخصة السياقة,,5,left,lexical
data/raw/vedios-dataset/mosl_videos_dataset_Diverse/رُكْبَةٌ.mp4,Diverse,رُكْبَةٌ,ركبة,,4,both,lexical
data/raw/vedios-dataset/mosl_videos_dataset_Diverse/رُكْنٌ.mp4,Diverse,رُكْنٌ,ركن,,5,left,lexical
data/raw/vedios-dataset/mosl_videos_dataset_Diverse/رُمَّان (إِشَارَة 1).mp4,Diverse,رُمَّان,رمان,1,0,both,lexical
data/raw/vedios-dataset/mosl_videos_dataset_Diverse/رُوحٌ (إِشَارَة 1).mp4,Diverse,رُوحٌ,روح,1,6,right,lexical
data/raw/vedios-dataset/mosl_videos_dataset_Diverse/رِجْلٌ.mp4,Diverse,رِجْلٌ,رجل,,0,both,lexical
data/raw/vedios-dataset/mosl_videos_dataset_Diverse/رِزْقٌ (إِشَارَة 1).mp4,Diverse,رِزْقٌ,رزق,1,4,left,lexical
data/raw/vedios-dataset/mosl_videos_dataset_Diverse/رِيحٌ.mp4,Diverse,رِيحٌ,ريح,,4,both,lexical
data/raw/vedios-dataset/mosl_videos_dataset_Diverse/رِيَاضَةٌ.mp4,Diverse,رِيَاضَةٌ,رياضة,,5,both,lexical
data/raw/vedios-dataset/mosl_videos_dataset_Diverse/رِيَاضِيَّاتٌ.mp4,Diverse,رِيَاضِيَّاتٌ,رياضيات,,5,left,lexical
data/raw/vedios-dataset/mosl_videos_dataset_Diverse/رِئَةٌ.mp4,Diverse,رِئَةٌ,رئة,,4,both,lexical
data/raw/vedios-dataset/mosl_videos_dataset_Diverse/زَارَ (إِشَارَة 1).mp4,Diverse,زَارَ,زار,1,3,right,lexical
data/raw/vedios-dataset/mosl_videos_dataset_Diverse/زَارَ (إِشَارَة 2).mp4,Diverse,زَارَ,زار,2,2,both,lexical
data/raw/vedios-dataset/mosl_videos_dataset_Diverse/زَائِد.mp4,Diverse,زَائِد,زائد,,5,both,lexical
data/raw/vedios-dataset/mosl_videos_dataset_Diverse/زَبَادِي.mp4,Diverse,زَبَادِي,زبادي,,5,both,lexical
data/raw/vedios-dataset/mosl_videos_dataset_Diverse/زَبِيب (إِشَارَة 1).mp4,Diverse,زَبِيب,زبيب,1,5,both,lexical
data/raw/vedios-dataset/mosl_videos_dataset_Diverse/زَرَافَةٌ (إِشَارَة 1).mp4,Diverse,زَرَافَةٌ,زرافة,1,0,both,lexical
data/raw/vedios-dataset/mosl_videos_dataset_Diverse/زَرَافَةٌ (إِشَارَة 2).mp4,Diverse,زَرَافَةٌ,زرافة,2,0,left,lexical
data/raw/vedios-dataset/mosl_videos_dataset_Diverse/زَرَعَ (إِشَارَة 1).mp4,Diverse,زَرَعَ,زرع,1,6,right,lexical
data/raw/vedios-dataset/mosl_videos_dataset_Diverse/زَرَعَ (إِشَارَة 2).mp4,Diverse,زَرَعَ,زرع,2,0,both,lexical
data/raw/vedios-dataset/mosl_videos_dataset_Diverse/زَرْبِيَّةٌ (إِشَارَة 1).mp4,Diverse,زَرْبِيَّةٌ,زربية,1,0,both,lexical
data/raw/vedios-dataset/mosl_videos_dataset_Diverse/زَرْعٌ.mp4,Diverse,زَرْعٌ,زرع,,0,both,lexical
data/raw/vedios-dataset/mosl_videos_dataset_Diverse/زَكَاةُ الْفِطْرِ (إِشَارَة 1).mp4,Diverse,زَكَاةُ الْفِطْرِ,زكاة الفطر,1,4,both,lexical
data/raw/vedios-dataset/mosl_videos_dataset_Diverse/زَلِّيجٌ (إِشَارَة 1).mp4,Diverse,زَلِّيجٌ,زليج,1,5,left,lexical
data/raw/vedios-dataset/mosl_videos_dataset_Diverse/زَمِيلُ (الْقِسْمِ) (إِشَارَة 1).mp4,Diverse,زَمِيلُ (الْقِسْمِ),زميل (القسم),1,4,both,lexical
data/raw/vedios-dataset/mosl_videos_dataset_Diverse/زَهْرَةٌ (إِشَارَة 1).mp4,Diverse,زَهْرَةٌ,زهرة,1,4,both,lexical
data/raw/vedios-dataset/mosl_videos_dataset_Diverse/زَهْرَةٌ (إِشَارَة 2).mp4,Diverse,زَهْرَةٌ,زهرة,2,2,right,lexical
data/raw/vedios-dataset/mosl_videos_dataset_Diverse/زَوَاجٌ.mp4,Diverse,زَوَاجٌ,زواج,,0,both,lexical
data/raw/vedios-dataset/mosl_videos_dataset_Diverse/زَيْتُون (إِشَارَة 1).mp4,Diverse,زَيْتُون,زيتون,1,0,both,lexical
data/raw/vedios-dataset/mosl_videos_dataset_Diverse/زُبْدَةٌ.mp4,Diverse,زُبْدَةٌ,زبدة,,5,both,lexical
data/raw/vedios-dataset/mosl_videos_dataset_Diverse/زُجَاجٌ (إِشَارَة 1).mp4,Diverse,زُجَاجٌ,زجاج,1,5,both,lexical
data/raw/vedios-dataset/mosl_videos_dataset_Diverse/زُحْلُوقَةٌ.mp4,Diverse,زُحْلُوقَةٌ,زحلوقة,,5,both,lexical
data/raw/vedios-dataset/mosl_videos_dataset_Diverse/زُكَامٌ (إِشَارَة 1).mp4,Diverse,زُكَامٌ,زكام,1,3,right,lexical
data/raw/vedios-dataset/mosl_videos_dataset_Diverse/زِرٌّ.mp4,Diverse,زِرٌّ,زر,,3,right,lexical
data/raw/vedios-dataset/mosl_videos_dataset_Diverse/سَابِقاً (إِشَارَة 1).mp4,Diverse,سَابِقاً,سابقا,1,2,both,lexical
data/raw/vedios-dataset/mosl_videos_dataset_Diverse/سَاحَةُ الْمَدْرَسَةِ.mp4,Diverse,سَاحَةُ الْمَدْرَسَةِ,ساحة المدرسة,,5,both,lexical
data/raw/vedios-dataset/mosl_videos_dataset_Diverse/سَاحِرٌ (إِشَارَة 1).mp4,Diverse,سَاحِرٌ,ساحر,1,5,both,lexical
data/raw/vedios-dataset/mosl_videos_dataset_Diverse/سَاخِنٌ (إِشَارَة 1).mp4,Diverse,سَاخِنٌ,ساخن,1,6,right,lexical
data/raw/vedios-dataset/mosl_videos_dataset_Diverse/سَاخِنٌ (إِشَارَة 2).mp4,Diverse,سَاخِنٌ,ساخن,2,5,right,lexical
data/raw/vedios-dataset/mosl_videos_dataset_Diverse/سَاعَةُ حَائِط.mp4,Diverse,سَاعَةُ حَائِط,ساعة حائط,,5,right,lexical
data/raw/vedios-dataset/mosl_videos_dataset_Diverse/سَاعَةُ يَد (إِشَارَة 1).mp4,Diverse,سَاعَةُ يَد,ساعة يد,1,5,both,lexical
data/raw/vedios-dataset/mosl_videos_dataset_Diverse/سَاعَدَ (إِشَارَة 1).mp4,Diverse,سَاعَدَ,ساعد,1,5,both,lexical
data/raw/vedios-dataset/mosl_videos_dataset_Diverse/سَافَرَ (إِشَارَة 1).mp4,Diverse,سَافَرَ,سافر,1,4,both,lexical
data/raw/vedios-dataset/mosl_videos_dataset_Diverse/سَاهٍ.mp4,Diverse,سَاهٍ,ساه,,3,right,lexical
data/raw/vedios-dataset/mosl_videos_dataset_Diverse/سَأَلَ (إِشَارَة 1).mp4,Diverse,سَأَلَ,سأل,1,2,right,lexical
data/raw/vedios-dataset/mosl_videos_dataset_Diverse/سَبَبٌ.mp4,Diverse,سَبَبٌ,سبب,,5,both,lexical
data/raw/vedios-dataset/mosl_videos_dataset_Diverse/سَبَحَ.mp4,Diverse,سَبَحَ,سبح,,4,both,lexical
data/raw/vedios-dataset/mosl_videos_dataset_Diverse/سَبُّورَةٌ (إِشَارَة 1).mp4,Diverse,سَبُّورَةٌ,سبورة,1,0,both,lexical
data/raw/vedios-dataset/mosl_videos_dataset_Diverse/سَجَّادَةُ الصَّلَاةِ.mp4,Diverse,سَجَّادَةُ الصَّلَاةِ,سجادة الصلاة,,5,both,lexical
data/raw/vedios-dataset/mosl_videos_dataset_Diverse/سَحَابَةٌ (إِشَارَة 1).mp4,Diverse,سَحَابَةٌ,سحابة,1,2,both,lexical
data/raw/vedios-dataset/mosl_videos_dataset_Diverse/سَحَابَةٌ (إِشَارَة 2).mp4,Diverse,سَحَابَةٌ,سحابة,2,2,both,lexical
data/raw/vedios-dataset/mosl_videos_dataset_Diverse/سَخَّانُ مِيَاه.mp4,Diverse,سَخَّانُ مِيَاه,سخان مياه,,6,right,lexical
data/raw/vedios-dataset/mosl_videos_dataset_Diverse/سَخِرَ (إِشَارَة 1).mp4,Diverse,سَخِرَ,سخر,1,3,right,lexical
data/raw/vedios-dataset/mosl_videos_dataset_Diverse/سَرَطَانٌ (حَيَوَانٌ بَحْرِيٌّ).mp4,Diverse,سَرَطَانٌ (حَيَوَانٌ بَحْرِيٌّ),سرطان (حيوان بحري),,0,left,lexical
data/raw/vedios-dataset/mosl_videos_dataset_Diverse/سَرِيرٌ.mp4,Diverse,سَرِيرٌ,سرير,,5,left,lexical
data/raw/vedios-dataset/mosl_videos_dataset_Diverse/سَرِيرُ طِفْلٍ (إِشَارَة 1).mp4,Diverse,سَرِيرُ طِفْلٍ,سرير طفل,1,0,both,lexical
data/raw/vedios-dataset/mosl_videos_dataset_Diverse/سَرِيعٌ.mp4,Diverse,سَرِيعٌ,سريع,,3,right,lexical
data/raw/vedios-dataset/mosl_videos_dataset_Diverse/سَطَّرَ.mp4,Diverse,سَطَّرَ,سطر,,5,right,lexical
data/raw/vedios-dataset/mosl_videos_dataset_Diverse/سَطْحٌ.mp4,Diverse,سَطْحٌ,سطح,,0,both,lexical
data/raw/vedios-dataset/mosl_videos_dataset_Diverse/سَفِينَةٌ.mp4,Diverse,سَفِينَةٌ,سفينة,,5,both,lexical
data/raw/vedios-dataset/mosl_videos_dataset_Diverse/سَقَطَ.mp4,Diverse,سَقَطَ,سقط,,5,both,lexical
data/raw/vedios-dataset/mosl_videos_dataset_Diverse/سَقْفٌ.mp4,Diverse,سَقْفٌ,سقف,,4,both,lexical
data/raw/vedios-dataset/mosl_videos_dataset_Diverse/سَكَتَ (إِشَارَة 1).mp4,Diverse,سَكَتَ,سكت,1,3,right,lexical
data/raw/vedios-dataset/mosl_videos_dataset_Diverse/سَكَنَ (إِشَارَة 1).mp4,Diverse,سَكَنَ,سكن,1,5,both,lexical
data/raw/vedios-dataset/mosl_videos_dataset_Diverse/سَكْسُوفُون.mp4,Diverse,سَكْسُوفُون,سكسوفون,,0,both,lexical
data/raw/vedios-dataset/mosl_videos_dataset_Diverse/سَلَا.mp4,Diverse,سَلَا,سلا,,5,both,lexical
data/raw/vedios-dataset/mosl_videos_dataset_Diverse/سَلَطَةٌ.mp4,Diverse,سَلَطَةٌ,سلطة,,4,both,lexical
data/raw/vedios-dataset/mosl_videos_dataset_Diverse/سَلَّفَ (إِشَارَة 1).mp4,Diverse,سَلَّفَ,سلف,1,0,both,lexical
data/raw/vedios-dataset/mosl_videos_dataset_Diverse/سَلَّفَ (إِشَارَة 3).mp4,Diverse,سَلَّفَ,سلف,3,0,both,lexical
data/raw/vedios-dataset/mosl_videos_dataset_Diverse/سَلَّمَ (عَلَى).mp4,Diverse,سَلَّمَ (عَلَى),سلم (على),,4,right,lexical
data/raw/vedios-dataset/mosl_videos_dataset_Diverse/سَمَاءٌ (إِشَارَة 1).mp4,Diverse,سَمَاءٌ,سماء,1,5,both,lexical
data/raw/vedios-dataset/mosl_videos_dataset_Diverse/سَمَكٌ (إِشَارَة 1).mp4,Diverse,سَمَكٌ,سمك,1,6,right,lexical
data/raw/vedios-dataset/mosl_videos_dataset_Diverse/سَمَكُ الرَّاي (إِشَارَة 1).mp4,Diverse,سَمَكُ الرَّاي,سمك الراي,1,5,both,lexical
data/raw/vedios-dataset/mosl_videos_dataset_Diverse/سَمَكُ الْقِرْشِ (إِشَارَة 1).mp4,Diverse,سَمَكُ الْقِرْشِ,سمك القرش,1,0,both,lexical
data/raw/vedios-dataset/mosl_videos_dataset_Diverse/سَمَّاعَةُ الطَّبِيبِ.mp4,Diverse,سَمَّاعَةُ الطَّبِيبِ,سماعة الطبيب,,6,both,lexical
data/raw/vedios-dataset/mosl_videos_dataset_Diverse/سَمَّاعَةُ الْأَصَمِّ.mp4,Diverse,سَمَّاعَةُ الْأَصَمِّ,سماعة الأصم,,6,right,lexical
data/raw/vedios-dataset/mosl_videos_dataset_Diverse/سَمِعَ (إِشَارَة 1).mp4,Diverse,سَمِعَ,سمع,1,6,right,lexical
data/raw/vedios-dataset/mosl_videos_dataset_Diverse/سَمِعَ (إِشَارَة 2).mp4,Diverse,سَمِعَ,سمع,2,6,right,lexical
data/raw/vedios-dataset/mosl_videos_dataset_Diverse/سَنَةٌ.mp4,Diverse,سَنَةٌ,سنة,,5,both,lexical
data/raw/vedios-dataset/mosl_videos_dataset_Diverse/سَنَوِيٌّ.mp4,Diverse,سَنَوِيٌّ,سنوي,,0,both,lexical
data/raw/vedios-dataset/mosl_videos_dataset_Diverse/سَنُون.mp4,Diverse,سَنُون,سنون,,4,left,lexical
data/raw/vedios-dataset/mosl_videos_dataset_Diverse/سَنْدَوِيش.mp4,Diverse,سَنْدَوِيش,سندويش,,5,both,lexical
data/raw/vedios-dataset/mosl_videos_dataset_Diverse/سَهْلٌ (إِشَارَة 1).mp4,Diverse,سَهْلٌ,سهل,1,6,right,lexical
data/raw/vedios-dataset/mosl_videos_dataset_Diverse/سَهْلٌ (إِشَارَة 2).mp4,Diverse,سَهْلٌ,سهل,2,3,right,lexical
data/raw/vedios-dataset/mosl_videos_dataset_Diverse/سَهْمٌ.mp4,Diverse,سَهْمٌ,سهم,,0,both,lexical
data/raw/vedios-dataset/mosl_videos_dataset_Diverse/سَيَّارَةٌ.mp4,Diverse,سَيَّارَةٌ,سيارة,,0,both,lexical
data/raw/vedios-dataset/mosl_videos_dataset_Diverse/سَيَّارَةُ الإِسْعَافِ (إِشَارَة 1).mp4,Diverse,سَيَّارَةُ الإِسْعَافِ,سيارة الإسعاف,1,6,right,lexical
data/raw/vedios-dataset/mosl_videos_dataset_Diverse/سَيَّارَةُ الْمَطَافِئِ.mp4,Diverse,سَيَّارَةُ الْمَطَافِئِ,سيارة المطافئ,,4,both,lexical
data/raw/vedios-dataset/mosl_videos_dataset_Diverse/سَيَّارَةُ أُجْرَةٍ (إِشَارَة 1).mp4,Diverse,سَيَّارَةُ أُجْرَةٍ,سيارة أجرة,1,5,both,lexical
data/raw/vedios-dataset/mosl_videos_dataset_Diverse/سَيِّئٌ (قَبِيحٌ).mp4,Diverse,سَيِّئٌ (قَبِيحٌ),سيئ (قبيح),,6,right,lexical
data/raw/vedios-dataset/mosl_videos_dataset_Diverse/سَيِّئَةٌ (إِشَارَة 1).mp4,Diverse,سَيِّئَةٌ,سيئة,1,6,right,lexical
data/raw/vedios-dataset/mosl_videos_dataset_Diverse/سُدًى (غَيْرُ مُجْدٍ).mp4,Diverse,سُدًى (غَيْرُ مُجْدٍ),سدى (غير مجد),,6,right,lexical
data/raw/vedios-dataset/mosl_videos_dataset_Diverse/سُدُسٌ.mp4,Diverse,سُدُسٌ,سدس,,0,both,lexical
data/raw/vedios-dataset/mosl_videos_dataset_Diverse/سُرَّةٌ.mp4,Diverse,سُرَّةٌ,سرة,,1,right,lexical
data/raw/vedios-dataset/mosl_videos_dataset_Diverse/سُعَالٌ.mp4,Diverse,سُعَالٌ,سعال,,6,right,lexical
data/raw/vedios-dataset/mosl_videos_dataset_Diverse/سُكَّرٌ (إِشَارَة 1).mp4,Diverse,سُكَّرٌ,سكر,1,5,both,lexical
data/raw/vedios-dataset/mosl_videos_dataset_Diverse/سُكَّرٌ (إِشَارَة 2).mp4,Diverse,سُكَّرٌ,سكر,2,7,right,lexical
data/raw/vedios-dataset/mosl_videos_dataset_Diverse/سُلٌّ.mp4,Diverse,سُلٌّ,سل,,0,both,lexical
data/raw/vedios-dataset/mosl_videos_dataset_Diverse/سُلَحْفَاةٌ (إِشَارَة 1).mp4,Diverse,سُلَحْفَاةٌ,سلحفاة,1,0,both,lexical
data/raw/vedios-dataset/mosl_videos_dataset_Diverse/سُلَحْفَاةٌ بَحْرِيَّةٌ (إِشَارَة 1).mp4,Diverse,سُلَحْفَاةٌ بَحْرِيَّةٌ,سلحفاة بحرية,1,0,both,lexical
data/raw/vedios-dataset/mosl_videos_dataset_Diverse/سُلَّمٌ مُتَحَرِّكٌ.mp4,Diverse,سُلَّمٌ مُتَحَرِّكٌ,سلم متحرك,,0,both,lexical
data/raw/vedios-dataset/mosl_videos_dataset_Diverse/سُلَّمٌ.mp4,Diverse,سُلَّمٌ,سلم,,5,both,lexical
data/raw/vedios-dataset/mosl_videos_dataset_Diverse/سُورَةٌ.mp4,Diverse,سُورَةٌ,سورة,,5,both,lexical
data/raw/vedios-dataset/mosl_videos_dataset_Diverse/سُوسْتَة.mp4,Diverse,سُوسْتَة,سوستة,,6,right,lexical
data/raw/vedios-dataset/mosl_videos_dataset_Diverse/سُوقٌ (إِشَارَة 1).mp4,Diverse,سُوقٌ,سوق,1,0,right,lexical
data/raw/vedios-dataset/mosl_videos_dataset_Diverse/سُوقٌ (إِشَارَة 2).mp4,Diverse,سُوقٌ,سوق,2,0,left,lexical
data/raw/vedios-dataset/mosl_videos_dataset_Diverse/سُوقٌ (إِشَارَة 3).mp4,Diverse,سُوقٌ,سوق,3,0,both,lexical
data/raw/vedios-dataset/mosl_videos_dataset_Diverse/سُوقٌ (إِشَارَة 4).mp4,Diverse,سُوقٌ,سوق,4,4,both,lexical
data/raw/vedios-dataset/mosl_videos_dataset_Diverse/سُوقٌ (إِشَارَة 5).mp4,Diverse,سُوقٌ,سوق,5,5,both,lexical
data/raw/vedios-dataset/mosl_videos_dataset_Diverse/سُؤَالٌ (إِشَارَة 1).mp4,Diverse,سُؤَالٌ,سؤال,1,3,right,lexical
data/raw/vedios-dataset/mosl_videos_dataset_Diverse/سِتَارٌ.mp4,Diverse,سِتَارٌ,ستار,,5,both,lexical
data/raw/vedios-dataset/mosl_videos_dataset_Diverse/سِجْنٌ (إِشَارَة 1).mp4,Diverse,سِجْنٌ,سجن,1,5,both,lexical
data/raw/vedios-dataset/mosl_videos_dataset_Diverse/سِرْوَالٌ قَصِيرٌ.mp4,Diverse,سِرْوَالٌ قَصِيرٌ,سروال قصير,,0,left,lexical
data/raw/vedios-dataset/mosl_videos_dataset_Diverse/سِرْوَالٌ.mp4,Diverse,سِرْوَالٌ,سروال,,0,both,lexical
data/raw/vedios-dataset/mosl_videos_dataset_Diverse/سِفَارَةٌ (إِشَارَة 1).mp4,Diverse,سِفَارَةٌ,سفارة,1,5,both,lexical
data/raw/vedios-dataset/mosl_videos_dataset_Diverse/سِكِّينٌ.mp4,Diverse,سِكِّينٌ,سكين,,0,both,lexical
data/raw/vedios-dataset/mosl_videos_dataset_Diverse/سِنٌّ.mp4,Diverse,سِنٌّ,سن,,3,right,lexical
data/raw/vedios-dataset/mosl_videos_dataset_Diverse/سِنْجَابٌ.mp4,Diverse,سِنْجَابٌ,سنجاب,,5,both,lexical
data/raw/vedios-dataset/mosl_videos_dataset_Diverse/سِيجَارَةٌ.mp4,Diverse,سِيجَارَةٌ,سيجارة,,6,right,lexical
data/raw/vedios-dataset/mosl_videos_dataset_Diverse/سِيدَا (إِشَارَة 1).mp4,Diverse,سِيدَا,سيدا,1,6,right,lexical
data/raw/vedios-dataset/mosl_videos_dataset_Diverse/سِيَاجٌ.mp4,Diverse,سِيَاجٌ,سياج,,5,both,lexical
data/raw/vedios-dataset/mosl_videos_dataset_Diverse/شَابٌّ (إِشَارَة 1).mp4,Diverse,شَابٌّ,شاب,1,4,left,lexical
data/raw/vedios-dataset/mosl_videos_dataset_Diverse/شَاحِنَةٌ.mp4,Diverse,شَاحِنَةٌ,شاحنة,,0,both,lexical
data/raw/vedios-dataset/mosl_videos_dataset_Diverse/شَارَكَ.mp4,Diverse,شَارَكَ,شارك,,5,both,lexical
data/raw/vedios-dataset/mosl_videos_dataset_Diverse/شَارِعٌ (إِشَارَة 1).mp4,Diverse,شَارِعٌ,شارع,1,0,both,lexical
data/raw/vedios-dataset/mosl_videos_dataset_Diverse/شَاطِرٌ (إِشَارَة 1).mp4,Diverse,شَاطِرٌ,شاطر,1,6,right,lexical
data/raw/vedios-dataset/mosl_videos_dataset_Diverse/شَاطِرٌ (إِشَارَة 2).mp4,Diverse,شَاطِرٌ,شاطر,2,0,right,lexical
data/raw/vedios-dataset/mosl_videos_dataset_Diverse/شَاطِئٌ.mp4,Diverse,شَاطِئٌ,شاطئ,,0,both,lexical
data/raw/vedios-dataset/mosl_videos_dataset_Diverse/شَامْبُو.mp4,Diverse,شَامْبُو,شامبو,,0,both,lexical
data/raw/vedios-dataset/mosl_videos_dataset_Diverse/شَايٌ.mp4,Diverse,شَايٌ,شاي,,6,right,lexical
data/raw/vedios-dataset/mosl_videos_dataset_Diverse/شَبِيهٌ (إِشَارَة 1).mp4,Diverse,شَبِيهٌ,شبيه,1,5,left,lexical
data/raw/vedios-dataset/mosl_videos_dataset_Diverse/شَبِيهٌ (إِشَارَة 2).mp4,Diverse,شَبِيهٌ,شبيه,2,0,both,lexical
data/raw/vedios-dataset/mosl_videos_dataset_Diverse/شَبِيهٌ (إِشَارَة 3).mp4,Diverse,شَبِيهٌ,شبيه,3,5,both,lexical
data/raw/vedios-dataset/mosl_videos_dataset_Diverse/شَجَرَةٌ.mp4,Diverse,شَجَرَةٌ,شجرة,,5,both,lexical
data/raw/vedios-dataset/mosl_videos_dataset_Diverse/شَجَرَةُ الْأَرْزِ.mp4,Diverse,شَجَرَةُ الْأَرْزِ,شجرة الأرز,,4,left,lexical
data/raw/vedios-dataset/mosl_videos_dataset_Diverse/شَخْصٌ.mp4,Diverse,شَخْصٌ,شخص,,6,right,lexical
data/raw/vedios-dataset/mosl_videos_dataset_Diverse/شَرِبَ.mp4,Diverse,شَرِبَ,شرب,,6,right,lexical
data/raw/vedios-dataset/mosl_videos_dataset_Diverse/شَرِكَةٌ.mp4,Diverse,شَرِكَةٌ,شركة,,0,both,lexical
data/raw/vedios-dataset/mosl_videos_dataset_Diverse/شَرْطَةٌ.mp4,Diverse,شَرْطَةٌ,شرطة,,6,right,lexical
data/raw/vedios-dataset/mosl_videos_dataset_Diverse/شَرْقٌ.mp4,Diverse,شَرْقٌ,شرق,,5,both,lexical
data/raw/vedios-dataset/mosl_videos_dataset_Diverse/شَطْرَنْجٌ (إِشَارَة 1).mp4,Diverse,شَطْرَنْجٌ,شطرنج,1,5,both,lexical
data/raw/vedios-dataset/mosl_videos_dataset_Diverse/شَعَرَ.mp4,Diverse,شَعَرَ,شعر,,0,both,lexical
data/raw/vedios-dataset/mosl_videos_dataset_Diverse/شَعْبَانُ (إِشَارَة 1).mp4,Diverse,شَعْبَانُ,شعبان,1,5,both,lexical
data/raw/vedios-dataset/mosl_videos_dataset_Diverse/شَعْرٌ.mp4,Diverse,شَعْرٌ,شعر,,4,both,lexical
data/raw/vedios-dataset/mosl_videos_dataset_Diverse/شَعْرِيَّة.mp4,Diverse,شَعْرِيَّة,شعرية,,2,left,lexical
data/raw/vedios-dataset/mosl_videos_dataset_Diverse/شَفَةٌ.mp4,Diverse,شَفَةٌ,شفة,,3,right,lexical
data/raw/vedios-dataset/mosl_videos_dataset_Diverse/شَفَّاف (إِشَارَة 1).mp4,Diverse,شَفَّاف,شفاف,1,5,both,lexical
data/raw/vedios-dataset/mosl_videos_dataset_Diverse/شَفَّاف (إِشَارَة 2).mp4,Diverse,شَفَّاف,شفاف,2,2,both,lexical
data/raw/vedios-dataset/mosl_videos_dataset_Diverse/شَفْشَاوْن (إِشَارَة 1).mp4,Diverse,شَفْشَاوْن,شفشاون,1,6,right,lexical
data/raw/vedios-dataset/mosl_videos_dataset_Diverse/شَقِيقٌ.mp4,Diverse,شَقِيقٌ,شقيق,,5,both,lexical
data/raw/vedios-dataset/mosl_videos_dataset_Diverse/شَقِيٌّ (إِشَارَة 1).mp4,Diverse,شَقِيٌّ,شقي,1,0,right,lexical
data/raw/vedios-dataset/mosl_videos_dataset_Diverse/شَلَلٌ نِصْفِيٌّ (إِشَارَة 1).mp4,Diverse,شَلَلٌ نِصْفِيٌّ,شلل نصفي,1,5,both,lexical
data/raw/vedios-dataset/mosl_videos_dataset_Diverse/شَلَّالٌ.mp4,Diverse,شَلَّالٌ,شلال,,5,both,lexical
data/raw/vedios-dataset/mosl_videos_dataset_Diverse/شَمَالٌ.mp4,Diverse,شَمَالٌ,شمال,,0,both,lexical
data/raw/vedios-dataset/mosl_videos_dataset_Diverse/شَمَّ.mp4,Diverse,شَمَّ,شم,,3,right,lexical
data/raw/vedios-dataset/mosl_videos_dataset_Diverse/شَمْسٌ.mp4,Diverse,شَمْسٌ,شمس,,3,right,lexical
data/raw/vedios-dataset/mosl_videos_dataset_Diverse/شَمْسِيَّةٌ (إِشَارَة 1).mp4,Diverse,شَمْسِيَّةٌ,شمسية,1,0,both,lexical
data/raw/vedios-dataset/mosl_videos_dataset_Diverse/شَمْعَةٌ (إِشَارَة 1).mp4,Diverse,شَمْعَةٌ,شمعة,1,6,right,lexical
data/raw/vedios-dataset/mosl_videos_dataset_Diverse/شَهَادَةُ الْعَمَلِ.mp4,Diverse,شَهَادَةُ الْعَمَلِ,شهادة العمل,,0,both,lexical
data/raw/vedios-dataset/mosl_videos_dataset_Diverse/شَهْرٌ (إِشَارَة 1).mp4,Diverse,شَهْرٌ,شهر,1,6,right,lexical
data/raw/vedios-dataset/mosl_videos_dataset_Diverse/شَهْرٌ (إِشَارَة 2).mp4,Diverse,شَهْرٌ,شهر,2,5,both,lexical
data/raw/vedios-dataset/mosl_videos_dataset_Diverse/شَوْكَةُ أَكْلٍ.mp4,Diverse,شَوْكَةُ أَكْلٍ,شوكة أكل,,5,both,lexical
data/raw/vedios-dataset/mosl_videos_dataset_Diverse/شَيْطَانٌ.mp4,Diverse,شَيْطَانٌ,شيطان,,4,both,lexical
data/raw/vedios-dataset/mosl_videos_dataset_Diverse/شُجَاعٌ (إِشَارَة 1).mp4,Diverse,شُجَاعٌ,شجاع,1,0,both,lexical
data/raw/vedios-dataset/mosl_videos_dataset_Diverse/شُرُوقٌ (إِشَارَة 1).mp4,Diverse,شُرُوقٌ,شروق,1,4,left,lexical
data/raw/vedios-dataset/mosl_videos_dataset_Diverse/شُرْبَةٌ (إِشَارَة 1).mp4,Diverse,شُرْبَةٌ,شربة,1,4,right,lexical
data/raw/vedios-dataset/mosl_videos_dataset_Diverse/شُرْطِيٌّ (إِشَارَة 1).mp4,Diverse,شُرْطِيٌّ,شرطي,1,6,right,lexical
data/raw/vedios-dataset/mosl_videos_dataset_Diverse/شُرْطِيٌّ (إِشَارَة 2).mp4,Diverse,شُرْطِيٌّ,شرطي,2,3,right,lexical
data/raw/vedios-dataset/mosl_videos_dataset_Diverse/شُرْطِيٌّ (إِشَارَة 3).mp4,Diverse,شُرْطِيٌّ,شرطي,3,2,right,lexical
data/raw/vedios-dataset/mosl_videos_dataset_Diverse/شُرْطِيٌّ (إِشَارَة 4).mp4,Diverse,شُرْطِيٌّ,شرطي,4,6,right,lexical
data/raw/vedios-dataset/mosl_videos_dataset_Diverse/شُرْفَةٌ (إِشَارَة 1).mp4,Diverse,شُرْفَةٌ,شرفة,1,4,left,lexical
data/raw/vedios-dataset/mosl_videos_dataset_Diverse/شُكْرًا (إِشَارَة 1).mp4,Diverse,شُكْرًا,شكرا,1,6,right,lexical
data/raw/vedios-dataset/mosl_videos_dataset_Diverse/شُكْرًا (إِشَارَة 2).mp4,Diverse,شُكْرًا,شكرا,2,2,right,lexical
data/raw/vedios-dataset/mosl_videos_dataset_Diverse/شُوكُولَاتَةٌ.mp4,Diverse,شُوكُولَاتَةٌ,شوكولاتة,,4,left,lexical
data/raw/vedios-dataset/mosl_videos_dataset_Diverse/شِفَاءٌ (إِشَارَة 1).mp4,Diverse,شِفَاءٌ,شفاء,1,0,both,lexical
data/raw/vedios-dataset/mosl_videos_dataset_Diverse/شِفَاهِيٌّ.mp4,Diverse,شِفَاهِيٌّ,شفاهي,,6,right,lexical
data/raw/vedios-dataset/mosl_videos_dataset_Diverse/صَابُونٌ.mp4,Diverse,صَابُونٌ,صابون,,5,both,lexical
data/raw/vedios-dataset/mosl_videos_dataset_Diverse/صَالُونٌ.mp4,Diverse,صَالُونٌ,صالون,,0,both,lexical
data/raw/vedios-dataset/mosl_videos_dataset_Diverse/صَائِغٌ.mp4,Diverse,صَائِغٌ,صائغ,,5,left,lexical
data/raw/vedios-dataset/mosl_videos_dataset_Diverse/صَبَاحٌ (إِشَارَة 1).mp4,Diverse,صَبَاحٌ,صباح,1,4,both,lexical
data/raw/vedios-dataset/mosl_videos_dataset_Diverse/صَبَاحٌ (إِشَارَة 2).mp4,Diverse,صَبَاحٌ,صباح,2,0,both,lexical
data/raw/vedios-dataset/mosl_videos_dataset_Diverse/صَبَاحُ الْخَيْرِ (إِشَارَة 1).mp4,Diverse,صَبَاحُ الْخَيْرِ,صباح الخير,1,6,right,lexical
data/raw/vedios-dataset/mosl_videos_dataset_Diverse/صَبَاحُ الْخَيْرِ (إِشَارَة 2).mp4,Diverse,صَبَاحُ الْخَيْرِ,صباح الخير,2,1,both,lexical
data/raw/vedios-dataset/mosl_videos_dataset_Diverse/صَبَاحُ الْخَيْرِ (إِشَارَة 3).mp4,Diverse,صَبَاحُ الْخَيْرِ,صباح الخير,3,0,both,lexical
data/raw/vedios-dataset/mosl_videos_dataset_Diverse/صَبَاحُ الْخَيْرِ (إِشَارَة 4).mp4,Diverse,صَبَاحُ الْخَيْرِ,صباح الخير,4,3,right,lexical
data/raw/vedios-dataset/mosl_videos_dataset_Diverse/صَبَّنَ.mp4,Diverse,صَبَّنَ,صبن,,0,both,lexical
data/raw/vedios-dataset/mosl_videos_dataset_Diverse/صَحِيحٌ.mp4,Diverse,صَحِيحٌ,صحيح,,6,right,lexical
data/raw/vedios-dataset/mosl_videos_dataset_Diverse/صَحْرَاءُ (إِشَارَة 1).mp4,Diverse,صَحْرَاءُ,صحراء,1,0,left,lexical
data/raw/vedios-dataset/mosl_videos_dataset_Diverse/صَحْنٌ.mp4,Diverse,صَحْنٌ,صحن,,0,both,lexical
data/raw/vedios-dataset/mosl_videos_dataset_Diverse/صَخْرَةٌ (إِشَارَة 1).mp4,Diverse,صَخْرَةٌ,صخرة,1,5,both,lexical
data/raw/vedios-dataset/mosl_videos_dataset_Diverse/صَدَقَةٌ (إِشَارَة 1).mp4,Diverse,صَدَقَةٌ,صدقة,1,0,both,lexical
data/raw/vedios-dataset/mosl_videos_dataset_Diverse/صَدِيقٌ.mp4,Diverse,صَدِيقٌ,صديق,,5,both,lexical
data/raw/vedios-dataset/mosl_videos_dataset_Diverse/صَدِيقَةٌ.mp4,Diverse,صَدِيقَةٌ,صديقة,,5,both,lexical
data/raw/vedios-dataset/mosl_videos_dataset_Diverse/صَدْرٌ (إِشَارَة 1).mp4,Diverse,صَدْرٌ,صدر,1,0,left,lexical
data/raw/vedios-dataset/mosl_videos_dataset_Diverse/صَدْرِيَّةٌ.mp4,Diverse,صَدْرِيَّةٌ,صدرية,,0,both,lexical
data/raw/vedios-dataset/mosl_videos_dataset_Diverse/صَعِدَ.mp4,Diverse,صَعِدَ,صعد,,4,right,lexical
data/raw/vedios-dataset/mosl_videos_dataset_Diverse/صَعْبٌ.mp4,Diverse,صَعْبٌ,صعب,,6,right,lexical
data/raw/vedios-dataset/mosl_videos_dataset_Diverse/صَغِيرٌ.mp4,Diverse,صَغِيرٌ,صغير,,5,both,lexical
data/raw/vedios-dataset/mosl_videos_dataset_Diverse/صَفٌّ.mp4,Diverse,صَفٌّ,صف,,5,both,lexical
data/raw/vedios-dataset/mosl_videos_dataset_Diverse/صَفَدٌ.mp4,Diverse,صَفَدٌ,صفد,,4,both,lexical
data/raw/vedios-dataset/mosl_videos_dataset_Diverse/صَفَرَ (صَفِير).mp4,Diverse,صَفَرَ (صَفِير),صفر (صفير),,5,both,lexical
data/raw/vedios-dataset/mosl_videos_dataset_Diverse/صَفَّارَةٌ.mp4,Diverse,صَفَّارَةٌ,صفارة,,3,right,lexical
data/raw/vedios-dataset/mosl_videos_dataset_Diverse/صَفَّقَ (تَصْفِيقُ الصُّمِّ).mp4,Diverse,صَفَّقَ (تَصْفِيقُ الصُّمِّ),صفق (تصفيق الصم),,0,both,lexical
data/raw/vedios-dataset/mosl_videos_dataset_Diverse/صَفَّقَ.mp4,Diverse,صَفَّقَ,صفق,,0,both,lexical
data/raw/vedios-dataset/mosl_videos_dataset_Diverse/صَفْحَةٌ.mp4,Diverse,صَفْحَةٌ,صفحة,,5,both,lexical
data/raw/vedios-dataset/mosl_videos_dataset_Diverse/صَقْرٌ.mp4,Diverse,صَقْرٌ,صقر,,2,both,lexical
data/raw/vedios-dataset/mosl_videos_dataset_Diverse/صَلَاةٌ (إِشَارَة 1).mp4,Diverse,صَلَاةٌ,صلاة,1,5,both,lexical
data/raw/vedios-dataset/mosl_videos_dataset_Diverse/صَلْبٌ.mp4,Diverse,صَلْبٌ,صلب,,5,both,lexical
data/raw/vedios-dataset/mosl_videos_dataset_Diverse/صَوْتٌ.mp4,Diverse,صَوْتٌ,صوت,,3,right,lexical
data/raw/vedios-dataset/mosl_videos_dataset_Diverse/صَوْمَعَةٌ.mp4,Diverse,صَوْمَعَةٌ,صومعة,,4,left,lexical
data/raw/vedios-dataset/mosl_videos_dataset_Diverse/صُنْبُورٌ.mp4,Diverse,صُنْبُورٌ,صنبور,,3,right,lexical
data/raw/vedios-dataset/mosl_videos_dataset_Diverse/صُنْدُوقٌ (إِشَارَة 1).mp4,Diverse,صُنْدُوقٌ,صندوق,1,5,both,lexical
data/raw/vedios-dataset/mosl_videos_dataset_Diverse/صُنْدُوقُ قُمَامَةٍ (إِشَارَة 1).mp4,Diverse,صُنْدُوقُ قُمَامَةٍ,صندوق قمامة,1,4,left,lexical
data/raw/vedios-dataset/mosl_videos_dataset_Diverse/صُورَةٌ فُوتُوغْرَافِيَةٌ.mp4,Diverse,صُورَةٌ فُوتُوغْرَافِيَةٌ,صورة فوتوغرافية,,6,both,lexical
data/raw/vedios-dataset/mosl_videos_dataset_Diverse/صُوفٌ.mp4,Diverse,صُوفٌ,صوف,,5,left,lexical
data/raw/vedios-dataset/mosl_videos_dataset_Diverse/صُول.mp4,Diverse,صُول,صول,,0,both,lexical
data/raw/vedios-dataset/mosl_videos_dataset_Diverse/صِحَّةٌ.mp4,Diverse,صِحَّةٌ,صحة,,0,both,lexical
data/raw/vedios-dataset/mosl_videos_dataset_Diverse/صِنَّارَةٌ (إِشَارَة 1).mp4,Diverse,صِنَّارَةٌ,صنارة,1,2,right,lexical
data/raw/vedios-dataset/mosl_videos_dataset_Diverse/صِينِيَّةٌ.mp4,Diverse,صِينِيَّةٌ,صينية,,0,both,lexical
data/raw/vedios-dataset/mosl_videos_dataset_Diverse/ضَابِطُ شُرْطَةٍ.mp4,Diverse,ضَابِطُ شُرْطَةٍ,ضابط شرطة,,6,right,lexical
data/raw/vedios-dataset/mosl_videos_dataset_Diverse/ضَبَابٌ.mp4,Diverse,ضَبَابٌ,ضباب,,0,both,lexical
data/raw/vedios-dataset/mosl_videos_dataset_Diverse/ضَبْعٌ (إِشَارَة 1).mp4,Diverse,ضَبْعٌ,ضبع,1,7,both,lexical
data/raw/vedios-dataset/mosl_videos_dataset_Diverse/ضَبْعٌ (إِشَارَة 2).mp4,Diverse,ضَبْعٌ,ضبع,2,2,both,lexical
data/raw/vedios-dataset/mosl_videos_dataset_Diverse/ضَجِيجٌ.mp4,Diverse,ضَجِيجٌ,ضجيج,,5,both,lexical
data/raw/vedios-dataset/mosl_videos_dataset_Diverse/ضَحِكَ.mp4,Diverse,ضَحِكَ,ضحك,,3,right,lexical
data/raw/vedios-dataset/mosl_videos_dataset_Diverse/ضَرَبَ.mp4,Diverse,ضَرَبَ,ضرب,,6,right,lexical
data/raw/vedios-dataset/mosl_videos_dataset_Diverse/ضَرِيبَةٌ (إِشَارَة 1).mp4,Diverse,ضَرِيبَةٌ,ضريبة,1,3,both,lexical
data/raw/vedios-dataset/mosl_videos_dataset_Diverse/ضَرِيحُ مُحَمَّدٍ الْخَامِسِ.mp4,Diverse,ضَرِيحُ مُحَمَّدٍ الْخَامِسِ,ضريح محمد الخامس,,3,both,lexical
data/raw/vedios-dataset/mosl_videos_dataset_Diverse/ضَرْبٌ (الْأَعْدَاد).mp4,Diverse,ضَرْبٌ (الْأَعْدَاد),ضرب (الأعداد),,0,both,lexical
data/raw/vedios-dataset/mosl_videos_dataset_Diverse/ضَوْءُ السَّيَّارَة.mp4,Diverse,ضَوْءُ السَّيَّارَة,ضوء السيارة,,0,both,lexical
data/raw/vedios-dataset/mosl_videos_dataset_Diverse/ضُعْفُ البَصَر (إِشَارَة 1).mp4,Diverse,ضُعْفُ البَصَر,ضعف البصر,1,6,right,lexical
data/raw/vedios-dataset/mosl_videos_dataset_Diverse/ضُعْفُ البَصَر (إِشَارَة 2).mp4,Diverse,ضُعْفُ البَصَر,ضعف البصر,2,4,left,lexical
data/raw/vedios-dataset/mosl_videos_dataset_Diverse/ضِدَّ (إِشَارَة 1).mp4,Diverse,ضِدَّ,ضد,1,0,both,lexical
data/raw/vedios-dataset/mosl_videos_dataset_Diverse/ضِدَّ (إِشَارَة 2).mp4,Diverse,ضِدَّ,ضد,2,3,both,lexical
data/raw/vedios-dataset/mosl_videos_dataset_Diverse/ضِفْدَعَةٌ (إِشَارَة 1).mp4,Diverse,ضِفْدَعَةٌ,ضفدعة,1,6,right,lexical
data/raw/vedios-dataset/mosl_videos_dataset_Diverse/ضِفْدَعَةٌ (إِشَارَة 2).mp4,Diverse,ضِفْدَعَةٌ,ضفدعة,2,5,right,lexical
data/raw/vedios-dataset/mosl_videos_dataset_Diverse/طَابَعٌ بَرِيدِيٌّ.mp4,Diverse,طَابَعٌ بَرِيدِيٌّ,طابع بريدي,,5,left,lexical
data/raw/vedios-dataset/mosl_videos_dataset_Diverse/طَابَقٌ أَرْضِيٌّ.mp4,Diverse,طَابَقٌ أَرْضِيٌّ,طابق أرضي,,5,both,lexical
data/raw/vedios-dataset/mosl_videos_dataset_Diverse/طَابَقٌ سُفْلِيٌّ.mp4,Diverse,طَابَقٌ سُفْلِيٌّ,طابق سفلي,,0,both,lexical
data/raw/vedios-dataset/mosl_videos_dataset_Diverse/طَابَقٌ عُلْوِي.mp4,Diverse,طَابَقٌ عُلْوِي,طابق علوي,,5,both,lexical
data/raw/vedios-dataset/mosl_videos_dataset_Diverse/طَابَقٌ.mp4,Diverse,طَابَقٌ,طابق,,0,both,lexical
data/raw/vedios-dataset/mosl_videos_dataset_Diverse/طَاجِن.mp4,Diverse,طَاجِن,طاجن,,4,both,lexical
data/raw/vedios-dataset/mosl_videos_dataset_Diverse/طَارَ.mp4,Diverse,طَارَ,طار,,5,both,lexical
data/raw/vedios-dataset/mosl_videos_dataset_Diverse/طَارَدَ.mp4,Diverse,طَارَدَ,طارد,,0,left,lexical
data/raw/vedios-dataset/mosl_videos_dataset_Diverse/طَالَعَ (قَرَءَ).mp4,Diverse,طَالَعَ (قَرَءَ),طالع (قرء),,0,both,lexical
data/raw/vedios-dataset/mosl_videos_dataset_Diverse/طَانْطَان (إِشَارَة 1)‎.mp4,Diverse,طَانْطَان (إِشَارَة 1)‎,طانطان (إشارة 1)‎,,0,both,lexical
data/raw/vedios-dataset/mosl_videos_dataset_Diverse/طَاوُسٌ (إِشَارَة 1).mp4,Diverse,طَاوُسٌ,طاوس,1,4,both,lexical
data/raw/vedios-dataset/mosl_videos_dataset_Diverse/طَاوِلَةٌ.mp4,Diverse,طَاوِلَةٌ,طاولة,,0,both,lexical
data/raw/vedios-dataset/mosl_videos_dataset_Diverse/طَائِرٌ.mp4,Diverse,طَائِرٌ,طائر,,0,both,lexical
data/raw/vedios-dataset/mosl_videos_dataset_Diverse/طَائِرَةٌ.mp4,Diverse,طَائِرَةٌ,طائرة,,4,right,lexical
data/raw/vedios-dataset/mosl_videos_dataset_Diverse/طَبَخَ (إِشَارَة 1).mp4,Diverse,طَبَخَ,طبخ,1,0,both,lexical
data/raw/vedios-dataset/mosl_videos_dataset_Diverse/طَبِيبٌ جَرَّاحٌ (إِشَارَة 1).mp4,Diverse,طَبِيبٌ جَرَّاحٌ,طبيب جراح,1,6,right,lexical
data/raw/vedios-dataset/mosl_videos_dataset_Diverse/طَبِيبٌ خَاصٌّ.mp4,Diverse,طَبِيبٌ خَاصٌّ,طبيب خاص,,5,both,lexical
data/raw/vedios-dataset/mosl_videos_dataset_Diverse/طَبِيبٌ نَفْسِيٌّ.mp4,Diverse,طَبِيبٌ نَفْسِيٌّ,طبيب نفسي,,4,both,lexical
data/raw/vedios-dataset/mosl_videos_dataset_Diverse/طَبِيبٌ.mp4,Diverse,طَبِيبٌ,طبيب,,6,right,lexical
data/raw/vedios-dataset/mosl_videos_dataset_Diverse/طَبِيعَةٌ (إِشَارَة 1).mp4,Diverse,طَبِيعَةٌ,طبيعة,1,0,left,lexical
data/raw/vedios-dataset/mosl_videos_dataset_Diverse/طَبِيعِيٌّ (إِشَارَة 1).mp4,Diverse,طَبِيعِيٌّ,طبيعي,1,0,both,lexical
data/raw/vedios-dataset/mosl_videos_dataset_Diverse/طَبْعاً.mp4,Diverse,طَبْعاً,طبعا,,3,right,lexical
data/raw/vedios-dataset/mosl_videos_dataset_Diverse/طَبْلٌ.mp4,Diverse,طَبْلٌ,طبل,,0,both,lexical
data/raw/vedios-dataset/mosl_videos_dataset_Diverse/طَحِينٌ (إِشَارَة 1).mp4,Diverse,طَحِينٌ,طحين,1,0,both,lexical
data/raw/vedios-dataset/mosl_videos_dataset_Diverse/طَحِينٌ (إِشَارَة 2).mp4,Diverse,طَحِينٌ,طحين,2,0,both,lexical
data/raw/vedios-dataset/mosl_videos_dataset_Diverse/طَحِينٌ (إِشَارَة 3).mp4,Diverse,طَحِينٌ,طحين,3,0,both,lexical
data/raw/vedios-dataset/mosl_videos_dataset_Diverse/طَرِيقٌ (إِشَارَة 1).mp4,Diverse,طَرِيقٌ,طريق,1,5,both,lexical
data/raw/vedios-dataset/mosl_videos_dataset_Diverse/طَرِيقٌ (إِشَارَة 2).mp4,Diverse,طَرِيقٌ,طريق,2,0,both,lexical
data/raw/vedios-dataset/mosl_videos_dataset_Diverse/طَرْبُوشٌ.mp4,Diverse,طَرْبُوشٌ,طربوش,,0,both,lexical
data/raw/vedios-dataset/mosl_videos_dataset_Diverse/طَرْحٌ (الْأَعْدَاد) (إِشَارَة 1).mp4,Diverse,طَرْحٌ (الْأَعْدَاد),طرح (الأعداد),1,6,right,lexical
data/raw/vedios-dataset/mosl_videos_dataset_Diverse/طَعَامٌ.mp4,Diverse,طَعَامٌ,طعام,,5,both,lexical
data/raw/vedios-dataset/mosl_videos_dataset_Diverse/طَلَاقٌ (إِشَارَة 1).mp4,Diverse,طَلَاقٌ,طلاق,1,4,both,lexical
data/raw/vedios-dataset/mosl_videos_dataset_Diverse/طَلَاقٌ (إِشَارَة 2).mp4,Diverse,طَلَاقٌ,طلاق,2,3,right,lexical
data/raw/vedios-dataset/mosl_videos_dataset_Diverse/طَلَبٌ (إِشَارَة 1).mp4,Diverse,طَلَبٌ,طلب,1,0,both,lexical
data/raw/vedios-dataset/mosl_videos_dataset_Diverse/طَلَبٌ (إِشَارَة 2).mp4,Diverse,طَلَبٌ,طلب,2,2,both,lexical
data/raw/vedios-dataset/mosl_videos_dataset_Diverse/طَمَاطِمُ (إِشَارَة 1).mp4,Diverse,طَمَاطِمُ,طماطم,1,6,right,lexical
data/raw/vedios-dataset/mosl_videos_dataset_Diverse/طَمَاطِمُ (إِشَارَة 2).mp4,Diverse,طَمَاطِمُ,طماطم,2,3,right,lexical
data/raw/vedios-dataset/mosl_videos_dataset_Diverse/طَنْجَة.mp4,Diverse,طَنْجَة,طنجة,,6,right,lexical
data/raw/vedios-dataset/mosl_videos_dataset_Diverse/طَنْجَرَةُ ضَغْطٍ.mp4,Diverse,طَنْجَرَةُ ضَغْطٍ,طنجرة ضغط,,5,both,lexical
data/raw/vedios-dataset/mosl_videos_dataset_Diverse/طَوِيلٌ (إِشَارَة 1).mp4,Diverse,طَوِيلٌ,طويل,1,3,right,lexical
data/raw/vedios-dataset/mosl_videos_dataset_Diverse/طَيَّارٌ (إِشَارَة 1).mp4,Diverse,طَيَّارٌ,طيار,1,5,both,lexical
data/raw/vedios-dataset/mosl_videos_dataset_Diverse/طُوبٌ.mp4,Diverse,طُوبٌ,طوب,,5,both,lexical
data/raw/vedios-dataset/mosl_videos_dataset_Diverse/طُولٌ (إِشَارَة 1).mp4,Diverse,طُولٌ,طول,1,6,right,lexical
data/raw/vedios-dataset/mosl_videos_dataset_Diverse/ظَهْرٌ.mp4,Diverse,ظَهْرٌ,ظهر,,4,both,lexical
data/raw/vedios-dataset/mosl_videos_dataset_Diverse/ظُفْرٌ.mp4,Diverse,ظُفْرٌ,ظفر,,5,both,lexical
data/raw/vedios-dataset/mosl_videos_dataset_Diverse/ظُهْرٌ.mp4,Diverse,ظُهْرٌ,ظهر,,6,right,lexical
data/raw/vedios-dataset/mosl_videos_dataset_Diverse/عَادَ (إِشَارَة 1).mp4,Diverse,عَادَ,عاد,1,7,right,lexical
data/raw/vedios-dataset/mosl_videos_dataset_Diverse/عَادَ (إِشَارَة 2).mp4,Diverse,عَادَ,عاد,2,7,right,lexical
data/raw/vedios-dataset/mosl_videos_dataset_Diverse/عَاشُورَاءُ.mp4,Diverse,عَاشُورَاءُ,عاشوراء,,5,both,lexical
data/raw/vedios-dataset/mosl_videos_dataset_Diverse/عَاشِقٌ.mp4,Diverse,عَاشِقٌ,عاشق,,0,both,lexical
data/raw/vedios-dataset/mosl_videos_dataset_Diverse/عَاصِفَةٌ.mp4,Diverse,عَاصِفَةٌ,عاصفة,,5,both,lexical
data/raw/vedios-dataset/mosl_videos_dataset_Diverse/عَاصِمَةٌ (إِشَارَة 1).mp4,Diverse,عَاصِمَةٌ,عاصمة,1,4,both,lexical
data/raw/vedios-dataset/mosl_videos_dataset_Diverse/عَالَمٌ (إِشَارَة 1).mp4,Diverse,عَالَمٌ,عالم,1,5,both,lexical
data/raw/vedios-dataset/mosl_videos_dataset_Diverse/عَالَمٌ (إِشَارَة 2).mp4,Diverse,عَالَمٌ,عالم,2,2,both,lexical
data/raw/vedios-dataset/mosl_videos_dataset_Diverse/عَالَمٌ (إِشَارَة 3).mp4,Diverse,عَالَمٌ,عالم,3,2,both,lexical
data/raw/vedios-dataset/mosl_videos_dataset_Diverse/عَامِلُ تَنْظِيفٍ.mp4,Diverse,عَامِلُ تَنْظِيفٍ,عامل تنظيف,,5,both,lexical
data/raw/vedios-dataset/mosl_videos_dataset_Diverse/عَامِلُ مَنْجَم.mp4,Diverse,عَامِلُ مَنْجَم,عامل منجم,,5,both,lexical
data/raw/vedios-dataset/mosl_videos_dataset_Diverse/عَانَقَ.mp4,Diverse,عَانَقَ,عانق,,4,both,lexical
data/raw/vedios-dataset/mosl_videos_dataset_Diverse/عَائِلَة مَلَكِيَّة.mp4,Diverse,عَائِلَة مَلَكِيَّة,عائلة ملكية,,5,both,lexical
data/raw/vedios-dataset/mosl_videos_dataset_Diverse/عَجَلَةٌ.mp4,Diverse,عَجَلَةٌ,عجلة,,2,right,lexical
data/raw/vedios-dataset/mosl_videos_dataset_Diverse/عَجُوزٌ.mp4,Diverse,عَجُوزٌ,عجوز,,6,right,lexical
data/raw/vedios-dataset/mosl_videos_dataset_Diverse/عَجِينٌ (أَطْفَالٌ).mp4,Diverse,عَجِينٌ (أَطْفَالٌ),عجين (أطفال),,0,both,lexical
data/raw/vedios-dataset/mosl_videos_dataset_Diverse/عَجِينٌ (طَحِينٌ).mp4,Diverse,عَجِينٌ (طَحِينٌ),عجين (طحين),,5,both,lexical
data/raw/vedios-dataset/mosl_videos_dataset_Diverse/عَدَسٌ.mp4,Diverse,عَدَسٌ,عدس,,0,both,lexical
data/raw/vedios-dataset/mosl_videos_dataset_Diverse/عَدَم (لاَشَيْء).mp4,Diverse,عَدَم (لاَشَيْء),عدم (لاشيء),,5,both,lexical
data/raw/vedios-dataset/mosl_videos_dataset_Diverse/عَدَّادٌ (مَاء - كَهْرَبَاء).mp4,Diverse,عَدَّادٌ (مَاء - كَهْرَبَاء),عداد (ماء - كهرباء),,3,right,lexical
data/raw/vedios-dataset/mosl_videos_dataset_Diverse/عَدُوٌّ (إِشَارَة 1).mp4,Diverse,عَدُوٌّ,عدو,1,5,both,lexical
data/raw/vedios-dataset/mosl_videos_dataset_Diverse/عَدُوٌّ (إِشَارَة 2).mp4,Diverse,عَدُوٌّ,عدو,2,0,both,lexical
data/raw/vedios-dataset/mosl_videos_dataset_Diverse/عَدْل.mp4,Diverse,عَدْل,عدل,,0,both,lexical
data/raw/vedios-dataset/mosl_videos_dataset_Diverse/عَرَبَةٌ (إِشَارَة 1).mp4,Diverse,عَرَبَةٌ,عربة,1,5,left,lexical
data/raw/vedios-dataset/mosl_videos_dataset_Diverse/عَرَبَةُ أَطْفَال.mp4,Diverse,عَرَبَةُ أَطْفَال,عربة أطفال,,0,both,lexical
data/raw/vedios-dataset/mosl_videos_dataset_Diverse/عَرَفَ.mp4,Diverse,عَرَفَ,عرف,,6,right,lexical
data/raw/vedios-dataset/mosl_videos_dataset_Diverse/عَرُوسَةٌ (إِشَارَة 1).mp4,Diverse,عَرُوسَةٌ,عروسة,1,5,left,lexical
data/raw/vedios-dataset/mosl_videos_dataset_Diverse/عَسَل.mp4,Diverse,عَسَل,عسل,,3,right,lexical
data/raw/vedios-dataset/mosl_videos_dataset_Diverse/عَشَاء.mp4,Diverse,عَشَاء,عشاء,,3,both,lexical
data/raw/vedios-dataset/mosl_videos_dataset_Diverse/عَشَرَةُ دَرَاهِم.mp4,Diverse,عَشَرَةُ دَرَاهِم,عشرة دراهم,,7,right,lexical
data/raw/vedios-dataset/mosl_videos_dataset_Diverse/عَصَّارَةٌ.mp4,Diverse,عَصَّارَةٌ,عصارة,,0,both,lexical
data/raw/vedios-dataset/mosl_videos_dataset_Diverse/عَصِيرٌ.mp4,Diverse,عَصِيرٌ,عصير,,5,both,lexical
data/raw/vedios-dataset/mosl_videos_dataset_Diverse/عَضَلَةٌ.mp4,Diverse,عَضَلَةٌ,عضلة,,0,both,lexical
data/raw/vedios-dataset/mosl_videos_dataset_Diverse/عَضَّ.mp4,Diverse,عَضَّ,عض,,5,both,lexical
data/raw/vedios-dataset/mosl_videos_dataset_Diverse/عَطْشَانُ (إِشَارَة 1).mp4,Diverse,عَطْشَانُ,عطشان,1,6,right,lexical
data/raw/vedios-dataset/mosl_videos_dataset_Diverse/عَظْمٌ (إِشَارَة 1).mp4,Diverse,عَظْمٌ,عظم,1,5,both,lexical
data/raw/vedios-dataset/mosl_videos_dataset_Diverse/عَظْمٌ (إِشَارَة 2).mp4,Diverse,عَظْمٌ,عظم,2,5,both,lexical
data/raw/vedios-dataset/mosl_videos_dataset_Diverse/عَفَا.mp4,Diverse,عَفَا,عفا,,3,right,lexical
data/raw/vedios-dataset/mosl_videos_dataset_Diverse/عَقْرَبٌ (إِشَارَة 1).mp4,Diverse,عَقْرَبٌ,عقرب,1,5,both,lexical
data/raw/vedios-dataset/mosl_videos_dataset_Diverse/عَلاَمَةُ اسْتِفْهَام.mp4,Diverse,عَلاَمَةُ اسْتِفْهَام,علامة استفهام,,6,right,lexical
data/raw/vedios-dataset/mosl_videos_dataset_Diverse/عَلاَمَةُ التَّنْصِيصِ.mp4,Diverse,عَلاَمَةُ التَّنْصِيصِ,علامة التنصيص,,0,left,lexical
data/raw/vedios-dataset/mosl_videos_dataset_Diverse/عَلاَمَةُ تَعَجُّبِ.mp4,Diverse,عَلاَمَةُ تَعَجُّبِ,علامة تعجب,,3,right,lexical
data/raw/vedios-dataset/mosl_videos_dataset_Diverse/عَلَمٌ.mp4,Diverse,عَلَمٌ,علم,,4,both,lexical
data/raw/vedios-dataset/mosl_videos_dataset_Diverse/عَلَى (إِشَارَة 1).mp4,Diverse,عَلَى,على,1,5,both,lexical
data/raw/vedios-dataset/mosl_videos_dataset_Diverse/عَلَى (إِشَارَة 2).mp4,Diverse,عَلَى,على,2,4,both,lexical
data/raw/vedios-dataset/mosl_videos_dataset_Diverse/عَمٌّ (إِشَارَة 1).mp4,Diverse,عَمٌّ,عم,1,6,right,lexical
data/raw/vedios-dataset/mosl_videos_dataset_Diverse/عَمَلٌ.mp4,Diverse,عَمَلٌ,عمل,,5,both,lexical
data/raw/vedios-dataset/mosl_videos_dataset_Diverse/عَمَّةٌ (إِشَارَة 1).mp4,Diverse,عَمَّةٌ,عمة,1,6,right,lexical
data/raw/vedios-dataset/mosl_videos_dataset_Diverse/عَمِيقٌ (إِشَارَة 1).mp4,Diverse,عَمِيقٌ,عميق,1,5,both,lexical
data/raw/vedios-dataset/mosl_videos_dataset_Diverse/عَنِيدٌ.mp4,Diverse,عَنِيدٌ,عنيد,,0,right,lexical
data/raw/vedios-dataset/mosl_videos_dataset_Diverse/عَنْكَبُوتٌ.mp4,Diverse,عَنْكَبُوتٌ,عنكبوت,,5,both,lexical
data/raw/vedios-dataset/mosl_videos_dataset_Diverse/عَيْنٌ سِحْرِيَّةٌ.mp4,Diverse,عَيْنٌ سِحْرِيَّةٌ,عين سحرية,,5,both,lexical
data/raw/vedios-dataset/mosl_videos_dataset_Diverse/عَيْنٌ.mp4,Diverse,عَيْنٌ,عين,,6,right,lexical
data/raw/vedios-dataset/mosl_videos_dataset_Diverse/عُدَّةٌ (إِشَارَة 1).mp4,Diverse,عُدَّةٌ,عدة,1,2,left,lexical
data/raw/vedios-dataset/mosl_videos_dataset_Diverse/عُدَّةٌ (إِشَارَة 2).mp4,Diverse,عُدَّةٌ,عدة,2,2,left,lexical
data/raw/vedios-dataset/mosl_videos_dataset_Diverse/عُشٌّ.mp4,Diverse,عُشٌّ,عش,,0,both,lexical
data/raw/vedios-dataset/mosl_videos_dataset_Diverse/عُشْبٌ (إِشَارَة 1).mp4,Diverse,عُشْبٌ,عشب,1,5,both,lexical
data/raw/vedios-dataset/mosl_videos_dataset_Diverse/عُطْلَةٌ (إِشَارَة 1).mp4,Diverse,عُطْلَةٌ,عطلة,1,5,both,lexical
data/raw/vedios-dataset/mosl_videos_dataset_Diverse/عُطْلَةٌ (إِشَارَة 2).mp4,Diverse,عُطْلَةٌ,عطلة,2,2,both,lexical
data/raw/vedios-dataset/mosl_videos_dataset_Diverse/عُكَّازٌ.mp4,Diverse,عُكَّازٌ,عكاز,,4,both,lexical
data/raw/vedios-dataset/mosl_videos_dataset_Diverse/عُمُرٌ.mp4,Diverse,عُمُرٌ,عمر,,2,both,lexical
data/raw/vedios-dataset/mosl_videos_dataset_Diverse/عُمْرَة.mp4,Diverse,عُمْرَة,عمرة,,6,right,lexical
data/raw/vedios-dataset/mosl_videos_dataset_Diverse/عُنُقٌ.mp4,Diverse,عُنُقٌ,عنق,,4,both,lexical
data/raw/vedios-dataset/mosl_videos_dataset_Diverse/عُنْوَانٌ (إِشَارَة 1).mp4,Diverse,عُنْوَانٌ,عنوان,1,2,both,lexical
data/raw/vedios-dataset/mosl_videos_dataset_Diverse/عُنْوَانٌ (إِشَارَة 2).mp4,Diverse,عُنْوَانٌ,عنوان,2,2,both,lexical
data/raw/vedios-dataset/mosl_videos_dataset_Diverse/عُنْوَانٌ (إِشَارَة 3).mp4,Diverse,عُنْوَانٌ,عنوان,3,2,both,lexical
data/raw/vedios-dataset/mosl_videos_dataset_Diverse/عُودُ ثِقَابٍ.mp4,Diverse,عُودُ ثِقَابٍ,عود ثقاب,,4,both,lexical
data/raw/vedios-dataset/mosl_videos_dataset_Diverse/عِجْلٌ.mp4,Diverse,عِجْلٌ,عجل,,5,both,lexical
data/raw/vedios-dataset/mosl_videos_dataset_Diverse/عِرْقٌ.mp4,Diverse,عِرْقٌ,عرق,,5,both,lexical
data/raw/vedios-dataset/mosl_videos_dataset_Diverse/عِشْرُونَ دِرْهَماً.mp4,Diverse,عِشْرُونَ دِرْهَماً,عشرون درهما,,7,right,lexical
data/raw/vedios-dataset/mosl_videos_dataset_Diverse/عِطْرٌ.mp4,Diverse,عِطْرٌ,عطر,,4,both,lexical
data/raw/vedios-dataset/mosl_videos_dataset_Diverse/عِلاَجٌ.mp4,Diverse,عِلاَجٌ,علاج,,0,both,lexical
data/raw/vedios-dataset/mosl_videos_dataset_Diverse/عِلْمٌ.mp4,Diverse,عِلْمٌ,علم,,5,left,lexical
data/raw/vedios-dataset/mosl_videos_dataset_Diverse/عِمَارَةٌ (إِشَارَة 1).mp4,Diverse,عِمَارَةٌ,عمارة,1,0,both,lexical
data/raw/vedios-dataset/mosl_videos_dataset_Diverse/عِمَارَةٌ (إِشَارَة 2).mp4,Diverse,عِمَارَةٌ,عمارة,2,3,right,lexical
data/raw/vedios-dataset/mosl_videos_dataset_Diverse/عِمَامَةٌ.mp4,Diverse,عِمَامَةٌ,عمامة,,0,both,lexical
data/raw/vedios-dataset/mosl_videos_dataset_Diverse/عِنْدَ (إِشَارَة 1).mp4,Diverse,عِنْدَ,عند,1,2,left,lexical
data/raw/vedios-dataset/mosl_videos_dataset_Diverse/عِنْدَهَا (إِشَارَة 1).mp4,Diverse,عِنْدَهَا,عندها,1,7,right,lexical
data/raw/vedios-dataset/mosl_videos_dataset_Diverse/عِنْدَهُ (إِشَارَة 1).mp4,Diverse,عِنْدَهُ,عنده,1,7,right,lexical
data/raw/vedios-dataset/mosl_videos_dataset_Diverse/عِنْدِي (إِشَارَة 1).mp4,Diverse,عِنْدِي,عندي,1,7,right,lexical
data/raw/vedios-dataset/mosl_videos_dataset_Diverse/عِنْدِي (إِشَارَة 2).mp4,Diverse,عِنْدِي,عندي,2,3,right,lexical
data/raw/vedios-dataset/mosl_videos_dataset_Diverse/عِيدٌ (إِشَارَة 1).mp4,Diverse,عِيدٌ,عيد,1,0,both,lexical
data/raw/vedios-dataset/mosl_videos_dataset_Diverse/عِيدٌ (إِشَارَة 2).mp4,Diverse,عِيدٌ,عيد,2,2,both,lexical
data/raw/vedios-dataset/mosl_videos_dataset_Diverse/عِيدٌ (إِشَارَة 3).mp4,Diverse,عِيدٌ,عيد,3,2,left,lexical
data/raw/vedios-dataset/mosl_videos_dataset_Diverse/عِيدٌ (إِشَارَة 4).mp4,Diverse,عِيدٌ,عيد,4,0,both,lexical
data/raw/vedios-dataset/mosl_videos_dataset_Diverse/عِيدُ الاِسْتِقْلاَلِ (إِشَارَة 1).mp4,Diverse,عِيدُ الاِسْتِقْلاَلِ,عيد الاستقلال,1,3,right,lexical
data/raw/vedios-dataset/mosl_videos_dataset_Diverse/عِيدُ الاِسْتِقْلاَلِ (إِشَارَة 2).mp4,Diverse,عِيدُ الاِسْتِقْلاَلِ,عيد الاستقلال,2,0,both,lexical
data/raw/vedios-dataset/mosl_videos_dataset_Diverse/عِيدُ الشَّبَابِ (إِشَارَة 1).mp4,Diverse,عِيدُ الشَّبَابِ,عيد الشباب,1,0,left,lexical
data/raw/vedios-dataset/mosl_videos_dataset_Diverse/عِيدُ الشَّبَابِ (إِشَارَة 2).mp4,Diverse,عِيدُ الشَّبَابِ,عيد الشباب,2,2,both,lexical
data/raw/vedios-dataset/mosl_videos_dataset_Diverse/عِيدُ المَوْلِدِ النَّبَوِيِّ (إِشَارَة 1).mp4,Diverse,عِيدُ المَوْلِدِ النَّبَوِيِّ,عيد المولد النبوي,1,0,both,lexical
data/raw/vedios-dataset/mosl_videos_dataset_Diverse/عِيدُ المِيلَادِ (إِشَارَة 1).mp4,Diverse,عِيدُ المِيلَادِ,عيد الميلاد,1,5,left,lexical
data/raw/vedios-dataset/mosl_videos_dataset_Diverse/عِيدُ المِيلَادِ (إِشَارَة 2).mp4,Diverse,عِيدُ المِيلَادِ,عيد الميلاد,2,1,both,lexical
data/raw/vedios-dataset/mosl_videos_dataset_Diverse/عِيدُ الْأَضْحَى (إِشَارَة 1).mp4,Diverse,عِيدُ الْأَضْحَى,عيد الأضحى,1,0,both,lexical
data/raw/vedios-dataset/mosl_videos_dataset_Diverse/عِيدُ الْأَضْحَى (إِشَارَة 2).mp4,Diverse,عِيدُ الْأَضْحَى,عيد الأضحى,2,2,both,lexical
data/raw/vedios-dataset/mosl_videos_dataset_Diverse/عِيدُ الْفِطْرِ (إِشَارَة 1).mp4,Diverse,عِيدُ الْفِطْرِ,عيد الفطر,1,0,both,lexical
data/raw/vedios-dataset/mosl_videos_dataset_Diverse/عِيدُ الْفِطْرِ (إِشَارَة 2).mp4,Diverse,عِيدُ الْفِطْرِ,عيد الفطر,2,3,both,lexical
data/raw/vedios-dataset/mosl_videos_dataset_Diverse/غَاضِبٌ (إِشَارَة 1).mp4,Diverse,غَاضِبٌ,غاضب,1,3,right,lexical
data/raw/vedios-dataset/mosl_videos_dataset_Diverse/غَاضِبٌ (إِشَارَة 2).mp4,Diverse,غَاضِبٌ,غاضب,2,0,left,lexical
data/raw/vedios-dataset/mosl_videos_dataset_Diverse/غَاضِبٌ (إِشَارَة 3).mp4,Diverse,غَاضِبٌ,غاضب,3,2,both,lexical
data/raw/vedios-dataset/mosl_videos_dataset_Diverse/غَالٍ.mp4,Diverse,غَالٍ,غال,,3,right,lexical
data/raw/vedios-dataset/mosl_videos_dataset_Diverse/غَائِبٌ.mp4,Diverse,غَائِبٌ,غائب,,2,left,lexical
data/raw/vedios-dataset/mosl_videos_dataset_Diverse/غَداً.mp4,Diverse,غَداً,غدا,,6,right,lexical
data/raw/vedios-dataset/mosl_videos_dataset_Diverse/غَذَاء.mp4,Diverse,غَذَاء,غذاء,,6,right,lexical
data/raw/vedios-dataset/mosl_videos_dataset_Diverse/غَذَّى.mp4,Diverse,غَذَّى,غذى,,4,both,lexical
data/raw/vedios-dataset/mosl_videos_dataset_Diverse/غَرْبٌ.mp4,Diverse,غَرْبٌ,غرب,,5,both,lexical
data/raw/vedios-dataset/mosl_videos_dataset_Diverse/غَزَالٌ (إِشَارَة 1).mp4,Diverse,غَزَالٌ,غزال,1,0,both,lexical
data/raw/vedios-dataset/mosl_videos_dataset_Diverse/غَزَالٌ (إِشَارَة 2).mp4,Diverse,غَزَالٌ,غزال,2,2,both,lexical
data/raw/vedios-dataset/mosl_videos_dataset_Diverse/غَزَلَ (الصُّوفَ) (إِشَارَة 1).mp4,Diverse,غَزَلَ (الصُّوفَ),غزل (الصوف),1,0,both,lexical
data/raw/vedios-dataset/mosl_videos_dataset_Diverse/غَسَلَ (الْيَدَيْن).mp4,Diverse,غَسَلَ (الْيَدَيْن),غسل (اليدين),,0,both,lexical
data/raw/vedios-dataset/mosl_videos_dataset_Diverse/غَسْلُ السَّيَّارَاتِ.mp4,Diverse,غَسْلُ السَّيَّارَاتِ,غسل السيارات,,5,both,lexical
data/raw/vedios-dataset/mosl_videos_dataset_Diverse/غَشَّ (إِشَارَة 1).mp4,Diverse,غَشَّ,غش,1,0,both,lexical
data/raw/vedios-dataset/mosl_videos_dataset_Diverse/غَشَّ (إِشَارَة 2).mp4,Diverse,غَشَّ,غش,2,4,both,lexical
data/raw/vedios-dataset/mosl_videos_dataset_Diverse/غَنَّى (إِشَارَة 1).mp4,Diverse,غَنَّى,غنى,1,0,both,lexical
data/raw/vedios-dataset/mosl_videos_dataset_Diverse/غَنِيٌّ (إِشَارَة 1).mp4,Diverse,غَنِيٌّ,غني,1,2,right,lexical
data/raw/vedios-dataset/mosl_videos_dataset_Diverse/غَنِيٌّ (إِشَارَة 2).mp4,Diverse,غَنِيٌّ,غني,2,6,right,lexical
data/raw/vedios-dataset/mosl_videos_dataset_Diverse/غَيَّرَ (إِشَارَة 1).mp4,Diverse,غَيَّرَ,غير,1,0,both,lexical
data/raw/vedios-dataset/mosl_videos_dataset_Diverse/غَيَّرَ (إِشَارَة 2).mp4,Diverse,غَيَّرَ,غير,2,1,both,lexical
data/raw/vedios-dataset/mosl_videos_dataset_Diverse/غُبَارٌ.mp4,Diverse,غُبَارٌ,غبار,,4,left,lexical
data/raw/vedios-dataset/mosl_videos_dataset_Diverse/غُرفَةُ الْأَكْلِ.mp4,Diverse,غُرفَةُ الْأَكْلِ,غرفة الأكل,,5,both,lexical
data/raw/vedios-dataset/mosl_videos_dataset_Diverse/غُرُوبٌ (إِشَارَة 1).mp4,Diverse,غُرُوبٌ,غروب,1,0,both,lexical
data/raw/vedios-dataset/mosl_videos_dataset_Diverse/غُرْفَةٌ.mp4,Diverse,غُرْفَةٌ,غرفة,,2,both,lexical
data/raw/vedios-dataset/mosl_videos_dataset_Diverse/غُرْفَةُ الْجُلُوسِ.mp4,Diverse,غُرْفَةُ الْجُلُوسِ,غرفة الجلوس,,5,both,lexical
data/raw/vedios-dataset/mosl_videos_dataset_Diverse/غُصْنٌ.mp4,Diverse,غُصْنٌ,غصن,,0,both,lexical
data/raw/vedios-dataset/mosl_videos_dataset_Diverse/غُلاَمٌ (إِشَارَة 1).mp4,Diverse,غُلاَمٌ,غلام,1,6,right,lexical
data/raw/vedios-dataset/mosl_videos_dataset_Diverse/غُلاَمٌ (إِشَارَة 2).mp4,Diverse,غُلاَمٌ,غلام,2,6,right,lexical
data/raw/vedios-dataset/mosl_videos_dataset_Diverse/غُلاَمٌ (إِشَارَة 3).mp4,Diverse,غُلاَمٌ,غلام,3,3,right,lexical
data/raw/vedios-dataset/mosl_videos_dataset_Diverse/غُورِيلاَّ.mp4,Diverse,غُورِيلاَّ,غوريلا,,2,both,lexical
data/raw/vedios-dataset/mosl_videos_dataset_Diverse/غِطَاءٌ.mp4,Diverse,غِطَاءٌ,غطاء,,0,both,lexical
data/raw/vedios-dataset/mosl_videos_dataset_Diverse/غِلاَفٌ بْلاَسْتِيكِي.mp4,Diverse,غِلاَفٌ بْلاَسْتِيكِي,غلاف بلاستيكي,,5,both,lexical
data/raw/vedios-dataset/mosl_videos_dataset_Diverse/فَارِسٌ (إِشَارَة 1).mp4,Diverse,فَارِسٌ,فارس,1,3,right,lexical
data/raw/vedios-dataset/mosl_videos_dataset_Diverse/فَارِغٌ (إِشَارَة 1).mp4,Diverse,فَارِغٌ,فارغ,1,5,left,lexical
data/raw/vedios-dataset/mosl_videos_dataset_Diverse/فَارِغٌ (إِشَارَة 2).mp4,Diverse,فَارِغٌ,فارغ,2,2,left,lexical
data/raw/vedios-dataset/mosl_videos_dataset_Diverse/فَاصِلَة.mp4,Diverse,فَاصِلَة,فاصلة,,3,right,lexical
data/raw/vedios-dataset/mosl_videos_dataset_Diverse/فَاصِلَةٌ مَنْقُوطَة.mp4,Diverse,فَاصِلَةٌ مَنْقُوطَة,فاصلة منقوطة,,6,right,lexical
data/raw/vedios-dataset/mosl_videos_dataset_Diverse/فَاكْس (إِشَارَة 1).mp4,Diverse,فَاكْس,فاكس,1,5,both,lexical
data/raw/vedios-dataset/mosl_videos_dataset_Diverse/فَائِدَةٌ.mp4,Diverse,فَائِدَةٌ,فائدة,,7,right,lexical
data/raw/vedios-dataset/mosl_videos_dataset_Diverse/فَائِضٌ.mp4,Diverse,فَائِضٌ,فائض,,3,right,lexical
data/raw/vedios-dataset/mosl_videos_dataset_Diverse/فَأْرٌ (إِشَارَة 1).mp4,Diverse,فَأْرٌ,فأر,1,0,both,lexical
data/raw/vedios-dataset/mosl_videos_dataset_Diverse/فَأْرٌ (إِشَارَة 2).mp4,Diverse,فَأْرٌ,فأر,2,6,right,lexical
data/raw/vedios-dataset/mosl_videos_dataset_Diverse/فَأْرَةُ الْحَاسُوبِ (إِشَارَة 1).mp4,Diverse,فَأْرَةُ الْحَاسُوبِ,فأرة الحاسوب,1,0,both,lexical
data/raw/vedios-dataset/mosl_videos_dataset_Diverse/فَتَحَ.mp4,Diverse,فَتَحَ,فتح,,5,both,lexical
data/raw/vedios-dataset/mosl_videos_dataset_Diverse/فَتَّاحُ الْقَوَارِير.mp4,Diverse,فَتَّاحُ الْقَوَارِير,فتاح القوارير,,5,both,lexical
data/raw/vedios-dataset/mosl_videos_dataset_Diverse/فَتَّشَ (إِشَارَة 1).mp4,Diverse,فَتَّشَ,فتش,1,5,both,lexical
data/raw/vedios-dataset/mosl_videos_dataset_Diverse/فَتَّشَ (إِشَارَة 2).mp4,Diverse,فَتَّشَ,فتش,2,5,both,lexical
data/raw/vedios-dataset/mosl_videos_dataset_Diverse/فَتْرَةٌ.mp4,Diverse,فَتْرَةٌ,فترة,,0,both,lexical
data/raw/vedios-dataset/mosl_videos_dataset_Diverse/فَجْأَةً.mp4,Diverse,فَجْأَةً,فجأة,,0,both,lexical
data/raw/vedios-dataset/mosl_videos_dataset_Diverse/فَجْرٌ (إِشَارَة 1).mp4,Diverse,فَجْرٌ,فجر,1,3,right,lexical
data/raw/vedios-dataset/mosl_videos_dataset_Diverse/فَجْرٌ (إِشَارَة 2).mp4,Diverse,فَجْرٌ,فجر,2,2,both,lexical
data/raw/vedios-dataset/mosl_videos_dataset_Diverse/فَحَصَ (إِشَارَة 1).mp4,Diverse,فَحَصَ,فحص,1,0,both,lexical
data/raw/vedios-dataset/mosl_videos_dataset_Diverse/فَرَاشَةٌ.mp4,Diverse,فَرَاشَةٌ,فراشة,,4,right,lexical
data/raw/vedios-dataset/mosl_videos_dataset_Diverse/فَرَاغٌ (وَقْت).mp4,Diverse,فَرَاغٌ (وَقْت),فراغ (وقت),,7,right,lexical
data/raw/vedios-dataset/mosl_videos_dataset_Diverse/فَرَاوْلَة (إِشَارَة 1).mp4,Diverse,فَرَاوْلَة,فراولة,1,3,right,lexical
data/raw/vedios-dataset/mosl_videos_dataset_Diverse/فَرَاوْلَة (إِشَارَة 2).mp4,Diverse,فَرَاوْلَة,فراولة,2,3,right,lexical
data/raw/vedios-dataset/mosl_videos_dataset_Diverse/فَرَاوْلَة (إِشَارَة 3).mp4,Diverse,فَرَاوْلَة,فراولة,3,6,right,lexical
data/raw/vedios-dataset/mosl_videos_dataset_Diverse/فَرَسُ النَّهْرِ.mp4,Diverse,فَرَسُ النَّهْرِ,فرس النهر,,0,right,lexical
data/raw/vedios-dataset/mosl_videos_dataset_Diverse/فَرِحٌ.mp4,Diverse,فَرِحٌ,فرح,,3,right,lexical
data/raw/vedios-dataset/mosl_videos_dataset_Diverse/فَطُور.mp4,Diverse,فَطُور,فطور,,4,both,lexical
data/raw/vedios-dataset/mosl_videos_dataset_Diverse/فَعَلَ (إِشَارَة 1).mp4,Diverse,فَعَلَ,فعل,1,0,both,lexical
data/raw/vedios-dataset/mosl_videos_dataset_Diverse/فَعَلَ (إِشَارَة 2).mp4,Diverse,فَعَلَ,فعل,2,5,both,lexical
data/raw/vedios-dataset/mosl_videos_dataset_Diverse/فَقِيرٌ.mp4,Diverse,فَقِيرٌ,فقير,,0,both,lexical
data/raw/vedios-dataset/mosl_videos_dataset_Diverse/فَقْرُ الدَّمِ (إِشَارَة 1).mp4,Diverse,فَقْرُ الدَّمِ,فقر الدم,1,6,right,lexical
data/raw/vedios-dataset/mosl_videos_dataset_Diverse/فَكَّرَ.mp4,Diverse,فَكَّرَ,فكر,,7,right,lexical
data/raw/vedios-dataset/mosl_videos_dataset_Diverse/فَمٌ (إِشَارَة 1).mp4,Diverse,فَمٌ,فم,1,6,right,lexical
data/raw/vedios-dataset/mosl_videos_dataset_Diverse/فَمٌ (إِشَارَة 2).mp4,Diverse,فَمٌ,فم,2,3,right,lexical
data/raw/vedios-dataset/mosl_videos_dataset_Diverse/فَنٌّ (إِشَارَة 1).mp4,Diverse,فَنٌّ,فن,1,2,left,lexical
data/raw/vedios-dataset/mosl_videos_dataset_Diverse/فَنٌّ (إِشَارَة 2).mp4,Diverse,فَنٌّ,فن,2,3,right,lexical
data/raw/vedios-dataset/mosl_videos_dataset_Diverse/فَوْقَ (إِشَارَة 1).mp4,Diverse,فَوْقَ,فوق,1,0,both,lexical
data/raw/vedios-dataset/mosl_videos_dataset_Diverse/فَيَضَانٌ (إِشَارَة 1).mp4,Diverse,فَيَضَانٌ,فيضان,1,0,both,lexical
data/raw/vedios-dataset/mosl_videos_dataset_Diverse/فَيْسْبُوك.mp4,Diverse,فَيْسْبُوك,فيسبوك,,0,both,lexical
data/raw/vedios-dataset/mosl_videos_dataset_Diverse/فُرْشَاةٌ.mp4,Diverse,فُرْشَاةٌ,فرشاة,,3,both,lexical
data/raw/vedios-dataset/mosl_videos_dataset_Diverse/فُرْشَاةُ الأَسْنَانِ.mp4,Diverse,فُرْشَاةُ الأَسْنَانِ,فرشاة الأسنان,,6,right,lexical
data/raw/vedios-dataset/mosl_videos_dataset_Diverse/فُرْنٌ.mp4,Diverse,فُرْنٌ,فرن,,5,both,lexical
data/raw/vedios-dataset/mosl_videos_dataset_Diverse/فُرْنُ الخُبْزِ.mp4,Diverse,فُرْنُ الخُبْزِ,فرن الخبز,,0,left,lexical
data/raw/vedios-dataset/mosl_videos_dataset_Diverse/فُقَّاعَةٌ.mp4,Diverse,فُقَّاعَةٌ,فقاعة,,5,both,lexical
data/raw/vedios-dataset/mosl_videos_dataset_Diverse/فُلْفُل.mp4,Diverse,فُلْفُل,فلفل,,4,both,lexical
data/raw/vedios-dataset/mosl_videos_dataset_Diverse/فُنْدُقٌ (إِشَارَة 1).mp4,Diverse,فُنْدُقٌ,فندق,1,5,both,lexical
data/raw/vedios-dataset/mosl_videos_dataset_Diverse/فُنْدُقٌ (إِشَارَة 2).mp4,Diverse,فُنْدُقٌ,فندق,2,0,both,lexical
data/raw/vedios-dataset/mosl_videos_dataset_Diverse/فُوطَةٌ (إِشَارَة 1).mp4,Diverse,فُوطَةٌ,فوطة,1,5,both,lexical
data/raw/vedios-dataset/mosl_videos_dataset_Diverse/فُوطَةٌ (إِشَارَة 2).mp4,Diverse,فُوطَةٌ,فوطة,2,3,right,lexical
data/raw/vedios-dataset/mosl_videos_dataset_Diverse/فُولٌ (إِشَارَة 1).mp4,Diverse,فُولٌ,فول,1,5,both,lexical
data/raw/vedios-dataset/mosl_videos_dataset_Diverse/فِعْلٌ (إِشَارَة 1).mp4,Diverse,فِعْلٌ,فعل,1,3,right,lexical
data/raw/vedios-dataset/mosl_videos_dataset_Diverse/فِعْلٌ (إِشَارَة 2).mp4,Diverse,فِعْلٌ,فعل,2,1,both,lexical
data/raw/vedios-dataset/mosl_videos_dataset_Diverse/فِكْرَةٌ.mp4,Diverse,فِكْرَةٌ,فكرة,,7,right,lexical
data/raw/vedios-dataset/mosl_videos_dataset_Diverse/فِلَسْطِين.mp4,Diverse,فِلَسْطِين,فلسطين,,7,right,lexical
data/raw/vedios-dataset/mosl_videos_dataset_Diverse/فِنَاءٌ خَلْفِيٌّ (1).mp4,Diverse,فِنَاءٌ خَلْفِيٌّ (1),فناء خلفي (1),,0,left,lexical
data/raw/vedios-dataset/mosl_videos_dataset_Diverse/فِنَاءٌ خَلْفِيٌّ(1).mp4,Diverse,فِنَاءٌ خَلْفِيٌّ(1),فناء خلفي(1),,0,left,lexical
data/raw/vedios-dataset/mosl_videos_dataset_Diverse/فِنَاءٌ خَلْفِيٌّ(2).mp4,Diverse,فِنَاءٌ خَلْفِيٌّ(2),فناء خلفي(2),,0,left,lexical
data/raw/vedios-dataset/mosl_videos_dataset_Diverse/فِنَاءٌ خَلْفِيٌّ.mp4,Diverse,فِنَاءٌ خَلْفِيٌّ,فناء خلفي,,0,left,lexical
data/raw/vedios-dataset/mosl_videos_dataset_Diverse/فِنْجَانٌ (1).mp4,Diverse,فِنْجَانٌ (1),فنجان (1),,5,both,lexical
data/raw/vedios-dataset/mosl_videos_dataset_Diverse/فِنْجَانٌ(1).mp4,Diverse,فِنْجَانٌ(1),فنجان(1),,5,both,lexical
data/raw/vedios-dataset/mosl_videos_dataset_Diverse/فِنْجَانٌ.mp4,Diverse,فِنْجَانٌ,فنجان,,5,both,lexical
data/raw/vedios-dataset/mosl_videos_dataset_Diverse/فِي (إِشَارَة 1) (1).mp4,Diverse,فِي (إِشَارَة 1) (1),في (إشارة 1) (1),,5,both,lexical
data/raw/vedios-dataset/mosl_videos_dataset_Diverse/فِي (إِشَارَة 1)(1).mp4,Diverse,فِي (إِشَارَة 1)(1),في (إشارة 1)(1),,5,both,lexical
data/raw/vedios-dataset/mosl_videos_dataset_Diverse/فِي (إِشَارَة 1).mp4,Diverse,فِي,في,1,5,both,lexical
data/raw/vedios-dataset/mosl_videos_dataset_Diverse/فِي (إِشَارَة 2) (1).mp4,Diverse,فِي (إِشَارَة 2) (1),في (إشارة 2) (1),,0,both,lexical
data/raw/vedios-dataset/mosl_videos_dataset_Diverse/فِي (إِشَارَة 2)(1).mp4,Diverse,فِي (إِشَارَة 2)(1),في (إشارة 2)(1),,0,both,lexical
data/raw/vedios-dataset/mosl_videos_dataset_Diverse/فِي (إِشَارَة 2).mp4,Diverse,فِي,في,2,0,both,lexical
data/raw/vedios-dataset/mosl_videos_dataset_Diverse/فِيتَامِينٌ (1).mp4,Diverse,فِيتَامِينٌ (1),فيتامين (1),,5,both,lexical
data/raw/vedios-dataset/mosl_videos_dataset_Diverse/فِيتَامِينٌ(1).mp4,Diverse,فِيتَامِينٌ(1),فيتامين(1),,5,both,lexical
data/raw/vedios-dataset/mosl_videos_dataset_Diverse/فِيتَامِينٌ.mp4,Diverse,فِيتَامِينٌ,فيتامين,,5,both,lexical
data/raw/vedios-dataset/mosl_videos_dataset_Diverse/فِيلاَّ (إِشَارَة 1) (1).mp4,Diverse,فِيلاَّ (إِشَارَة 1) (1),فيلا (إشارة 1) (1),,0,both,lexical
data/raw/vedios-dataset/mosl_videos_dataset_Diverse/فِيلاَّ (إِشَارَة 1)(1).mp4,Diverse,فِيلاَّ (إِشَارَة 1)(1),فيلا (إشارة 1)(1),,0,both,lexical
data/raw/vedios-dataset/mosl_videos_dataset_Diverse/فِيلاَّ (إِشَارَة 1).mp4,Diverse,فِيلاَّ,فيلا,1,0,both,lexical
data/raw/vedios-dataset/mosl_videos_dataset_Diverse/فِيلٌ.mp4,Diverse,فِيلٌ,فيل,,2,right,lexical
data/raw/vedios-dataset/mosl_videos_dataset_Diverse/قَادَ (1).mp4,Diverse,قَادَ (1),قاد (1),,0,left,lexical
data/raw/vedios-dataset/mosl_videos_dataset_Diverse/قَادَ(1).mp4,Diverse,قَادَ(1),قاد(1),,0,left,lexical
data/raw/vedios-dataset/mosl_videos_dataset_Diverse/قَادَ.mp4,Diverse,قَادَ,قاد,,0,left,lexical
data/raw/vedios-dataset/mosl_videos_dataset_Diverse/قَاسَ.mp4,Diverse,قَاسَ,قاس,,0,both,lexical
data/raw/vedios-dataset/mosl_videos_dataset_Diverse/قَاعَةٌ (1).mp4,Diverse,قَاعَةٌ (1),قاعة (1),,5,both,lexical
data/raw/vedios-dataset/mosl_videos_dataset_Diverse/قَاعَةٌ(1).mp4,Diverse,قَاعَةٌ(1),قاعة(1),,5,both,lexical
data/raw/vedios-dataset/mosl_videos_dataset_Diverse/قَاعَةٌ.mp4,Diverse,قَاعَةٌ,قاعة,,5,both,lexical
data/raw/vedios-dataset/mosl_videos_dataset_Diverse/قَاعَةُ الدَّرْسِ (إِشَارَة 1).mp4,Diverse,قَاعَةُ الدَّرْسِ,قاعة الدرس,1,0,both,lexical
data/raw/vedios-dataset/mosl_videos_dataset_Diverse/قَاعَةُ الْحَفَلَاتِ.mp4,Diverse,قَاعَةُ الْحَفَلَاتِ,قاعة الحفلات,,5,left,lexical
data/raw/vedios-dataset/mosl_videos_dataset_Diverse/قَالَ (إِشَارَة 1).mp4,Diverse,قَالَ,قال,1,3,right,lexical
data/raw/vedios-dataset/mosl_videos_dataset_Diverse/قَالَ (إِشَارَة 2).mp4,Diverse,قَالَ,قال,2,6,right,lexical
data/raw/vedios-dataset/mosl_videos_dataset_Diverse/قَالَ (إِشَارَة 3).mp4,Diverse,قَالَ,قال,3,6,right,lexical
data/raw/vedios-dataset/mosl_videos_dataset_Diverse/قَانُونٌ.mp4,Diverse,قَانُونٌ,قانون,,0,both,lexical
data/raw/vedios-dataset/mosl_videos_dataset_Diverse/قَانُونُ السَّيْرِ.mp4,Diverse,قَانُونُ السَّيْرِ,قانون السير,,4,both,lexical
data/raw/vedios-dataset/mosl_videos_dataset_Diverse/قَائِدُ فَرِيقٍ.mp4,Diverse,قَائِدُ فَرِيقٍ,قائد فريق,,3,both,lexical
data/raw/vedios-dataset/mosl_videos_dataset_Diverse/قَبَضَ.mp4,Diverse,قَبَضَ,قبض,,6,right,lexical
data/raw/vedios-dataset/mosl_videos_dataset_Diverse/قَبَّلَ.mp4,Diverse,قَبَّلَ,قبل,,6,both,lexical
data/raw/vedios-dataset/mosl_videos_dataset_Diverse/قَبْلَ.mp4,Diverse,قَبْلَ,قبل,,3,right,lexical
data/raw/vedios-dataset/mosl_videos_dataset_Diverse/قَتَلَ.mp4,Diverse,قَتَلَ,قتل,,3,right,lexical
data/raw/vedios-dataset/mosl_videos_dataset_Diverse/قَدَمٌ (إِشَارَة 1).mp4,Diverse,قَدَمٌ,قدم,1,0,left,lexical
data/raw/vedios-dataset/mosl_videos_dataset_Diverse/قَدَمٌ (إِشَارَة 2).mp4,Diverse,قَدَمٌ,قدم,2,0,both,lexical
data/raw/vedios-dataset/mosl_videos_dataset_Diverse/قَدِيمٌ (الزَّمَنُ).mp4,Diverse,قَدِيمٌ (الزَّمَنُ),قديم (الزمن),,6,right,lexical
data/raw/vedios-dataset/mosl_videos_dataset_Diverse/قَدْ (إِشَارَة 1).mp4,Diverse,قَدْ,قد,1,6,right,lexical
data/raw/vedios-dataset/mosl_videos_dataset_Diverse/قَدْ (إِشَارَة 2).mp4,Diverse,قَدْ,قد,2,2,both,lexical
data/raw/vedios-dataset/mosl_videos_dataset_Diverse/قَدْ (إِشَارَة 3).mp4,Diverse,قَدْ,قد,3,2,both,lexical
data/raw/vedios-dataset/mosl_videos_dataset_Diverse/قَذِرٌ.mp4,Diverse,قَذِرٌ,قذر,,3,right,lexical
data/raw/vedios-dataset/mosl_videos_dataset_Diverse/قَرٌّ.mp4,Diverse,قَرٌّ,قر,,5,both,lexical
data/raw/vedios-dataset/mosl_videos_dataset_Diverse/قَرَأَ.mp4,Diverse,قَرَأَ,قرأ,,5,both,lexical
data/raw/vedios-dataset/mosl_videos_dataset_Diverse/قَرِيبٌ (أَهْلٌ) (إِشَارَة 1).mp4,Diverse,قَرِيبٌ (أَهْلٌ),قريب (أهل),1,0,both,lexical
data/raw/vedios-dataset/mosl_videos_dataset_Diverse/قَرِيبٌ (أَهْلٌ) (إِشَارَة 2).mp4,Diverse,قَرِيبٌ (أَهْلٌ),قريب (أهل),2,0,both,lexical
data/raw/vedios-dataset/mosl_videos_dataset_Diverse/قَرِيبٌ (أَهْلٌ) (إِشَارَة 3).mp4,Diverse,قَرِيبٌ (أَهْلٌ),قريب (أهل),3,5,both,lexical
data/raw/vedios-dataset/mosl_videos_dataset_Diverse/قَرِيبٌ.mp4,Diverse,قَرِيبٌ,قريب,,5,both,lexical
data/raw/vedios-dataset/mosl_videos_dataset_Diverse/قَرْنَبِيط.mp4,Diverse,قَرْنَبِيط,قرنبيط,,5,both,lexical
data/raw/vedios-dataset/mosl_videos_dataset_Diverse/قَصَبَةُ الْأَوْدَايَةِ.mp4,Diverse,قَصَبَةُ الْأَوْدَايَةِ,قصبة الأوداية,,5,both,lexical
data/raw/vedios-dataset/mosl_videos_dataset_Diverse/قَصْرٌ (إِشَارَة 1).mp4,Diverse,قَصْرٌ,قصر,1,2,both,lexical
data/raw/vedios-dataset/mosl_videos_dataset_Diverse/قَطَعَ.mp4,Diverse,قَطَعَ,قطع,,5,both,lexical
data/raw/vedios-dataset/mosl_videos_dataset_Diverse/قَطْرَةُ مَطَر.mp4,Diverse,قَطْرَةُ مَطَر,قطرة مطر,,0,left,lexical
data/raw/vedios-dataset/mosl_videos_dataset_Diverse/قَفَزَ.mp4,Diverse,قَفَزَ,قفز,,5,both,lexical
data/raw/vedios-dataset/mosl_videos_dataset_Diverse/قَفَصُ الطُّيُورِ (إِشَارَة 1).mp4,Diverse,قَفَصُ الطُّيُورِ,قفص الطيور,1,4,both,lexical
data/raw/vedios-dataset/mosl_videos_dataset_Diverse/قَلَمُ الرَّصَاصِ (إِشَارَة 1).mp4,Diverse,قَلَمُ الرَّصَاصِ,قلم الرصاص,1,3,right,lexical
data/raw/vedios-dataset/mosl_videos_dataset_Diverse/قَلَمُ الرَّصَاصِ (إِشَارَة 2).mp4,Diverse,قَلَمُ الرَّصَاصِ,قلم الرصاص,2,1,both,lexical
data/raw/vedios-dataset/mosl_videos_dataset_Diverse/قَلَمُ حِبْرٍ (إِشَارَة 1).mp4,Diverse,قَلَمُ حِبْرٍ,قلم حبر,1,3,right,lexical
data/raw/vedios-dataset/mosl_videos_dataset_Diverse/قَلَمُ حِبْرٍ (إِشَارَة 2).mp4,Diverse,قَلَمُ حِبْرٍ,قلم حبر,2,0,both,lexical
data/raw/vedios-dataset/mosl_videos_dataset_Diverse/قَلِقٌ (إِشَارَة 1).mp4,Diverse,قَلِقٌ,قلق,1,5,both,lexical
data/raw/vedios-dataset/mosl_videos_dataset_Diverse/قَلِقٌ (إِشَارَة 2).mp4,Diverse,قَلِقٌ,قلق,2,7,right,lexical
data/raw/vedios-dataset/mosl_videos_dataset_Diverse/قَلِيل.mp4,Diverse,قَلِيل,قليل,,6,right,lexical
data/raw/vedios-dataset/mosl_videos_dataset_Diverse/قَلْعَةٌ.mp4,Diverse,قَلْعَةٌ,قلعة,,0,right,lexical
data/raw/vedios-dataset/mosl_videos_dataset_Diverse/قَمَرٌ (إِشَارَة 1).mp4,Diverse,قَمَرٌ,قمر,1,3,right,lexical
data/raw/vedios-dataset/mosl_videos_dataset_Diverse/قَمَرٌ اصْطِنَاعِيٌّ (إِشَارَة 1).mp4,Diverse,قَمَرٌ اصْطِنَاعِيٌّ,قمر اصطناعي,1,5,both,lexical
data/raw/vedios-dataset/mosl_videos_dataset_Diverse/قَمِيصٌ (إِشَارَة 1).mp4,Diverse,قَمِيصٌ,قميص,1,5,left,lexical
data/raw/vedios-dataset/mosl_videos_dataset_Diverse/قَمِيصٌ قَصِيرُ الْأَكْمَامِ.mp4,Diverse,قَمِيصٌ قَصِيرُ الْأَكْمَامِ,قميص قصير الأكمام,,6,right,lexical
data/raw/vedios-dataset/mosl_videos_dataset_Diverse/قَنَاةُ الْقُرْآنِ.mp4,Diverse,قَنَاةُ الْقُرْآنِ,قناة القرآن,,-1,right,lexical
data/raw/vedios-dataset/mosl_videos_dataset_Diverse/قَنْصٌ.mp4,Diverse,قَنْصٌ,قنص,,5,both,lexical
data/raw/vedios-dataset/mosl_videos_dataset_Diverse/قَهْوَةٌ (إِشَارَة 1).mp4,Diverse,قَهْوَةٌ,قهوة,1,0,both,lexical
data/raw/vedios-dataset/mosl_videos_dataset_Diverse/قَوِيٌّ.mp4,Diverse,قَوِيٌّ,قوي,,5,left,lexical
data/raw/vedios-dataset/mosl_videos_dataset_Diverse/قَوْسَان.mp4,Diverse,قَوْسَان,قوسان,,0,both,lexical
data/raw/vedios-dataset/mosl_videos_dataset_Diverse/قَوْسُ قُزَحٍ (إِشَارَة 1).mp4,Diverse,قَوْسُ قُزَحٍ,قوس قزح,1,6,right,lexical
data/raw/vedios-dataset/mosl_videos_dataset_Diverse/قَوْسُ قُزَحٍ (إِشَارَة 2).mp4,Diverse,قَوْسُ قُزَحٍ,قوس قزح,2,7,right,lexical
data/raw/vedios-dataset/mosl_videos_dataset_Diverse/قَيْلُولَةٌ.mp4,Diverse,قَيْلُولَةٌ,قيلولة,,6,right,lexical
data/raw/vedios-dataset/mosl_videos_dataset_Diverse/قُبَّعَةٌ (إِشَارَة 1).mp4,Diverse,قُبَّعَةٌ,قبعة,1,4,right,lexical
data/raw/vedios-dataset/mosl_videos_dataset_Diverse/قُبَّعَةٌ (إِشَارَة 2).mp4,Diverse,قُبَّعَةٌ,قبعة,2,0,both,lexical
data/raw/vedios-dataset/mosl_videos_dataset_Diverse/قُضَاعٌ (وَجَعُ الْمَعِدَةِ).mp4,Diverse,قُضَاعٌ (وَجَعُ الْمَعِدَةِ),قضاع (وجع المعدة),,4,both,lexical
data/raw/vedios-dataset/mosl_videos_dataset_Diverse/قُفَّةٌ (إِشَارَة 1).mp4,Diverse,قُفَّةٌ,قفة,1,5,both,lexical
data/raw/vedios-dataset/mosl_videos_dataset_Diverse/قُفَّةٌ (إِشَارَة 2).mp4,Diverse,قُفَّةٌ,قفة,2,0,left,lexical
data/raw/vedios-dataset/mosl_videos_dataset_Diverse/قُنْفُذٌ (إِشَارَة 1).mp4,Diverse,قُنْفُذٌ,قنفذ,1,4,left,lexical
data/raw/vedios-dataset/mosl_videos_dataset_Diverse/قِرْدٌ (إِشَارَة 1).mp4,Diverse,قِرْدٌ,قرد,1,0,both,lexical
data/raw/vedios-dataset/mosl_videos_dataset_Diverse/قِرْدٌ (إِشَارَة 2).mp4,Diverse,قِرْدٌ,قرد,2,0,left,lexical
data/raw/vedios-dataset/mosl_videos_dataset_Diverse/قِسْمُ الْمُسْتَعْجَلَات.mp4,Diverse,قِسْمُ الْمُسْتَعْجَلَات,قسم المستعجلات,,0,both,lexical
data/raw/vedios-dataset/mosl_videos_dataset_Diverse/قِشْدَةٌ طَرِيَّةٌ.mp4,Diverse,قِشْدَةٌ طَرِيَّةٌ,قشدة طرية,,4,both,lexical
data/raw/vedios-dataset/mosl_videos_dataset_Diverse/قِصَّةٌ (إِشَارَة 1).mp4,Diverse,قِصَّةٌ,قصة,1,5,left,lexical
data/raw/vedios-dataset/mosl_videos_dataset_Diverse/قِصَّةٌ (إِشَارَة 2).mp4,Diverse,قِصَّةٌ,قصة,2,0,left,lexical
data/raw/vedios-dataset/mosl_videos_dataset_Diverse/قِطَارٌ.mp4,Diverse,قِطَارٌ,قطار,,5,both,lexical
data/raw/vedios-dataset/mosl_videos_dataset_Diverse/قِطَارُ الأَنْفَاقِ.mp4,Diverse,قِطَارُ الأَنْفَاقِ,قطار الأنفاق,,0,both,lexical
data/raw/vedios-dataset/mosl_videos_dataset_Diverse/قِطَّةٌ.mp4,Diverse,قِطَّةٌ,قطة,,5,both,lexical
data/raw/vedios-dataset/mosl_videos_dataset_Diverse/قِلَادَةٌ.mp4,Diverse,قِلَادَةٌ,قلادة,,6,right,lexical
data/raw/vedios-dataset/mosl_videos_dataset_Diverse/قِمَّةٌ.mp4,Diverse,قِمَّةٌ,قمة,,0,both,lexical
data/raw/vedios-dataset/mosl_videos_dataset_Diverse/قِنِّينَةٌ زُجَاجِيَّةٌ (إِشَارَة 1).mp4,Diverse,قِنِّينَةٌ زُجَاجِيَّةٌ,قنينة زجاجية,1,0,both,lexical
data/raw/vedios-dataset/mosl_videos_dataset_Diverse/قِنِّينَةُ بْلاَسْتِيكِيَّةٌ (إِشَارَة 1).mp4,Diverse,قِنِّينَةُ بْلاَسْتِيكِيَّةٌ,قنينة بلاستيكية,1,5,both,lexical
data/raw/vedios-dataset/mosl_videos_dataset_Diverse/قِنِّينَةُ غَازٍ.mp4,Diverse,قِنِّينَةُ غَازٍ,قنينة غاز,,4,left,lexical
data/raw/vedios-dataset/mosl_videos_dataset_Diverse/قِيثَارَةٌ.mp4,Diverse,قِيثَارَةٌ,قيثارة,,5,both,lexical
data/raw/vedios-dataset/mosl_videos_dataset_Diverse/قِيَاسُ السَّمْعِ.mp4,Diverse,قِيَاسُ السَّمْعِ,قياس السمع,,0,both,lexical
data/raw/vedios-dataset/mosl_videos_dataset_Diverse/كَامِيرَا فِيدْيُو (إِشَارَة 1).mp4,Diverse,كَامِيرَا فِيدْيُو,كاميرا فيديو,1,6,right,lexical
data/raw/vedios-dataset/mosl_videos_dataset_Diverse/كَامِيرَا فِيدْيُو (إِشَارَة 2).mp4,Diverse,كَامِيرَا فِيدْيُو,كاميرا فيديو,2,0,both,lexical
data/raw/vedios-dataset/mosl_videos_dataset_Diverse/كَانَ.mp4,Diverse,كَانَ,كان,,3,right,lexical
data/raw/vedios-dataset/mosl_videos_dataset_Diverse/كَأْسٌ (إِشَارَة 1).mp4,Diverse,كَأْسٌ,كأس,1,6,right,lexical
data/raw/vedios-dataset/mosl_videos_dataset_Diverse/كَأْسٌ (إِشَارَة 2).mp4,Diverse,كَأْسٌ,كأس,2,3,right,lexical
data/raw/vedios-dataset/mosl_videos_dataset_Diverse/كَبَحَ.mp4,Diverse,كَبَحَ,كبح,,0,both,lexical
data/raw/vedios-dataset/mosl_videos_dataset_Diverse/كَبِيرٌ.mp4,Diverse,كَبِيرٌ,كبير,,5,left,lexical
data/raw/vedios-dataset/mosl_videos_dataset_Diverse/كَتَبَ.mp4,Diverse,كَتَبَ,كتب,,0,both,lexical
data/raw/vedios-dataset/mosl_videos_dataset_Diverse/كَتِفٌ.mp4,Diverse,كَتِفٌ,كتف,,0,both,lexical
data/raw/vedios-dataset/mosl_videos_dataset_Diverse/كَثِير.mp4,Diverse,كَثِير,كثير,,5,both,lexical
data/raw/vedios-dataset/mosl_videos_dataset_Diverse/كَسَرَ.mp4,Diverse,كَسَرَ,كسر,,0,both,lexical
data/raw/vedios-dataset/mosl_videos_dataset_Diverse/كَعْبٌ.mp4,Diverse,كَعْبٌ,كعب,,4,both,lexical
data/raw/vedios-dataset/mosl_videos_dataset_Diverse/كَعْكَةٌ.mp4,Diverse,كَعْكَةٌ,كعكة,,5,both,lexical
data/raw/vedios-dataset/mosl_videos_dataset_Diverse/كَفَّةُ الْمِيزَانِ.mp4,Diverse,كَفَّةُ الْمِيزَانِ,كفة الميزان,,2,both,lexical
data/raw/vedios-dataset/mosl_videos_dataset_Diverse/كَلِمَةٌ.mp4,Diverse,كَلِمَةٌ,كلمة,,4,both,lexical
data/raw/vedios-dataset/mosl_videos_dataset_Diverse/كَلِمَةُ الْمُرُورِ (إِشَارَة 1).mp4,Diverse,كَلِمَةُ الْمُرُورِ,كلمة المرور,1,5,both,lexical
data/raw/vedios-dataset/mosl_videos_dataset_Diverse/كَلْبٌ.mp4,Diverse,كَلْبٌ,كلب,,4,both,lexical
data/raw/vedios-dataset/mosl_videos_dataset_Diverse/كَمَانٌ.mp4,Diverse,كَمَانٌ,كمان,,0,both,lexical
data/raw/vedios-dataset/mosl_videos_dataset_Diverse/كَمَّلَ.mp4,Diverse,كَمَّلَ,كمل,,0,both,lexical
data/raw/vedios-dataset/mosl_videos_dataset_Diverse/كَمْ (إِشَارَة 1).mp4,Diverse,كَمْ,كم,1,0,both,lexical
data/raw/vedios-dataset/mosl_videos_dataset_Diverse/كَنِيسَةٌ.mp4,Diverse,كَنِيسَةٌ,كنيسة,,5,both,lexical
data/raw/vedios-dataset/mosl_videos_dataset_Diverse/كَنْزَةٌ.mp4,Diverse,كَنْزَةٌ,كنزة,,5,both,lexical
data/raw/vedios-dataset/mosl_videos_dataset_Diverse/كَهْرَبَائِيٌّ (إِشَارَة 1).mp4,Diverse,كَهْرَبَائِيٌّ,كهربائي,1,0,both,lexical
data/raw/vedios-dataset/mosl_videos_dataset_Diverse/كَئِيبٌ.mp4,Diverse,كَئِيبٌ,كئيب,,4,both,lexical
data/raw/vedios-dataset/mosl_videos_dataset_Diverse/كَيْفَ (إِشَارَة 1).mp4,Diverse,كَيْفَ,كيف,1,5,both,lexical
data/raw/vedios-dataset/mosl_videos_dataset_Diverse/كَيْفَ (إِشَارَة 2).mp4,Diverse,كَيْفَ,كيف,2,0,both,lexical
data/raw/vedios-dataset/mosl_videos_dataset_Diverse/كُرَةٌ الْقَدَمِ.mp4,Diverse,كُرَةٌ الْقَدَمِ,كرة القدم,,0,both,lexical
data/raw/vedios-dataset/mosl_videos_dataset_Diverse/كُرَةٌ.mp4,Diverse,كُرَةٌ,كرة,,5,both,lexical
data/raw/vedios-dataset/mosl_videos_dataset_Diverse/كُرَةُ السَّلَّةِ.mp4,Diverse,كُرَةُ السَّلَّةِ,كرة السلة,,5,both,lexical
data/raw/vedios-dataset/mosl_videos_dataset_Diverse/كُرَةُ الْمَضْرَبِ.mp4,Diverse,كُرَةُ الْمَضْرَبِ,كرة المضرب,,3,right,lexical
data/raw/vedios-dataset/mosl_videos_dataset_Diverse/كُرَةُ الْيَدِ.mp4,Diverse,كُرَةُ الْيَدِ,كرة اليد,,0,both,lexical
data/raw/vedios-dataset/mosl_videos_dataset_Diverse/كُرْسِيٌّ عَالٍ.mp4,Diverse,كُرْسِيٌّ عَالٍ,كرسي عال,,0,both,lexical
data/raw/vedios-dataset/mosl_videos_dataset_Diverse/كُرْسِيٌّ هَزَّازٌ.mp4,Diverse,كُرْسِيٌّ هَزَّازٌ,كرسي هزاز,,5,both,lexical
data/raw/vedios-dataset/mosl_videos_dataset_Diverse/كُرْسِيٌّ.mp4,Diverse,كُرْسِيٌّ,كرسي,,0,both,lexical
data/raw/vedios-dataset/mosl_videos_dataset_Diverse/كُسُوفٌ (إِشَارَة 1).mp4,Diverse,كُسُوفٌ,كسوف,1,0,left,lexical
data/raw/vedios-dataset/mosl_videos_dataset_Diverse/كُسْكُس.mp4,Diverse,كُسْكُس,كسكس,,3,right,lexical
data/raw/vedios-dataset/mosl_videos_dataset_Diverse/كُفْتَة.mp4,Diverse,كُفْتَة,كفتة,,6,right,lexical
data/raw/vedios-dataset/mosl_videos_dataset_Diverse/كُلٌّ (إِشَارَة 1).mp4,Diverse,كُلٌّ,كل,1,3,right,lexical
data/raw/vedios-dataset/mosl_videos_dataset_Diverse/كُلٌّ (إِشَارَة 2).mp4,Diverse,كُلٌّ,كل,2,5,both,lexical
data/raw/vedios-dataset/mosl_videos_dataset_Diverse/كُلْمِيم‎‎.mp4,Diverse,كُلْمِيم‎‎,كلميم‎‎,,3,right,lexical
data/raw/vedios-dataset/mosl_videos_dataset_Diverse/كُنَّاشُ التَّعْرِيفِ وَالْحَالَةِ الْمَدَنِيَّةِ.mp4,Diverse,كُنَّاشُ التَّعْرِيفِ وَالْحَالَةِ الْمَدَنِيَّةِ,كناش التعريف والحالة المدنية,,5,both,lexical
data/raw/vedios-dataset/mosl_videos_dataset_Diverse/كُوبٌ (كَبِيرٌ).mp4,Diverse,كُوبٌ (كَبِيرٌ),كوب (كبير),,5,left,lexical
data/raw/vedios-dataset/mosl_videos_dataset_Diverse/كُولْفٌ.mp4,Diverse,كُولْفٌ,كولف,,5,both,lexical
data/raw/vedios-dataset/mosl_videos_dataset_Diverse/كِتَابٌ.mp4,Diverse,كِتَابٌ,كتاب,,5,both,lexical
data/raw/vedios-dataset/mosl_videos_dataset_Diverse/كِسْوَةٌ.mp4,Diverse,كِسْوَةٌ,كسوة,,5,both,lexical
data/raw/vedios-dataset/mosl_videos_dataset_Diverse/كِيلُومِتْر.mp4,Diverse,كِيلُومِتْر,كيلومتر,,6,right,lexical
data/raw/vedios-dataset/mosl_videos_dataset_Diverse/كِيوِي (إِشَارَة 1).mp4,Diverse,كِيوِي,كيوي,1,3,right,lexical
data/raw/vedios-dataset/mosl_videos_dataset_Diverse/لاَحِقًا.mp4,Diverse,لاَحِقًا,لاحقا,,0,both,lexical
data/raw/vedios-dataset/mosl_videos_dataset_Diverse/لَبَنٌ.mp4,Diverse,لَبَنٌ,لبن,,5,both,lexical
data/raw/vedios-dataset/mosl_videos_dataset_Diverse/لَحْظَةٌ.mp4,Diverse,لَحْظَةٌ,لحظة,,5,both,lexical
data/raw/vedios-dataset/mosl_videos_dataset_Diverse/لَحْمٌ (إِشَارَة 1).mp4,Diverse,لَحْمٌ,لحم,1,5,both,lexical
data/raw/vedios-dataset/mosl_videos_dataset_Diverse/لَحْمٌ (إِشَارَة 2).mp4,Diverse,لَحْمٌ,لحم,2,2,right,lexical
data/raw/vedios-dataset/mosl_videos_dataset_Diverse/لَذِيذٌ (إِشَارَة 1).mp4,Diverse,لَذِيذٌ,لذيذ,1,6,right,lexical
data/raw/vedios-dataset/mosl_videos_dataset_Diverse/لَذِيذٌ (إِشَارَة 2).mp4,Diverse,لَذِيذٌ,لذيذ,2,3,right,lexical
data/raw/vedios-dataset/mosl_videos_dataset_Diverse/لَطِيفٌ.mp4,Diverse,لَطِيفٌ,لطيف,,3,right,lexical
data/raw/vedios-dataset/mosl_videos_dataset_Diverse/لَعِبَ.mp4,Diverse,لَعِبَ,لعب,,0,both,lexical
data/raw/vedios-dataset/mosl_videos_dataset_Diverse/لَكَ (إِشَارَة 1).mp4,Diverse,لَكَ,لك,1,3,right,lexical
data/raw/vedios-dataset/mosl_videos_dataset_Diverse/لَكْمَةٌ.mp4,Diverse,لَكْمَةٌ,لكمة,,5,both,lexical
data/raw/vedios-dataset/mosl_videos_dataset_Diverse/لَمَحَ.mp4,Diverse,لَمَحَ,لمح,,6,right,lexical
data/raw/vedios-dataset/mosl_videos_dataset_Diverse/لَمَسَ (إِشَارَة 1).mp4,Diverse,لَمَسَ,لمس,1,6,right,lexical
data/raw/vedios-dataset/mosl_videos_dataset_Diverse/لَمَسَ (إِشَارَة 2).mp4,Diverse,لَمَسَ,لمس,2,0,both,lexical
data/raw/vedios-dataset/mosl_videos_dataset_Diverse/لَمْ (إِشَارَة 1).mp4,Diverse,لَمْ,لم,1,7,right,lexical
data/raw/vedios-dataset/mosl_videos_dataset_Diverse/لَمْ (إِشَارَة 2).mp4,Diverse,لَمْ,لم,2,3,right,lexical
data/raw/vedios-dataset/mosl_videos_dataset_Diverse/لَنْ (إِشَارَة 1).mp4,Diverse,لَنْ,لن,1,7,right,lexical
data/raw/vedios-dataset/mosl_videos_dataset_Diverse/لَهَا.mp4,Diverse,لَهَا,لها,,4,both,lexical
data/raw/vedios-dataset/mosl_videos_dataset_Diverse/لَهَّايَةٌ.mp4,Diverse,لَهَّايَةٌ,لهاية,,6,right,lexical
data/raw/vedios-dataset/mosl_videos_dataset_Diverse/لَهُ.mp4,Diverse,لَهُ,له,,6,right,lexical
data/raw/vedios-dataset/mosl_videos_dataset_Diverse/لَهُمْ.mp4,Diverse,لَهُمْ,لهم,,2,both,lexical
data/raw/vedios-dataset/mosl_videos_dataset_Diverse/لَوَّنَ (إِشَارَة 1).mp4,Diverse,لَوَّنَ,لون,1,0,both,lexical
data/raw/vedios-dataset/mosl_videos_dataset_Diverse/لَوَّنَ (إِشَارَة 2).mp4,Diverse,لَوَّنَ,لون,2,1,both,lexical
data/raw/vedios-dataset/mosl_videos_dataset_Diverse/لَوَّنَ (إِشَارَة 3).mp4,Diverse,لَوَّنَ,لون,3,5,right,lexical
data/raw/vedios-dataset/mosl_videos_dataset_Diverse/لَوْزٌ.mp4,Diverse,لَوْزٌ,لوز,,0,both,lexical
data/raw/vedios-dataset/mosl_videos_dataset_Diverse/لَوْنٌ (إِشَارَة 1).mp4,Diverse,لَوْنٌ,لون,1,3,right,lexical
data/raw/vedios-dataset/mosl_videos_dataset_Diverse/لَوْنٌ (إِشَارَة 2).mp4,Diverse,لَوْنٌ,لون,2,3,right,lexical
data/raw/vedios-dataset/mosl_videos_dataset_Diverse/لَوْنٌ (إِشَارَة 3).mp4,Diverse,لَوْنٌ,لون,3,1,both,lexical
data/raw/vedios-dataset/mosl_videos_dataset_Diverse/لَيْسَ (إِشَارَة 1).mp4,Diverse,لَيْسَ,ليس,1,7,right,lexical
data/raw/vedios-dataset/mosl_videos_dataset_Diverse/لَيْسَ (إِشَارَة 2).mp4,Diverse,لَيْسَ,ليس,2,3,right,lexical
data/raw/vedios-dataset/mosl_videos_dataset_Diverse/لَيْسَ بَعْدُ.mp4,Diverse,لَيْسَ بَعْدُ,ليس بعد,,5,both,lexical
data/raw/vedios-dataset/mosl_videos_dataset_Diverse/لَيْلٌ (إِشَارَة 1).mp4,Diverse,لَيْلٌ,ليل,1,0,both,lexical
data/raw/vedios-dataset/mosl_videos_dataset_Diverse/لَيْلٌ (إِشَارَة 2).mp4,Diverse,لَيْلٌ,ليل,2,0,both,lexical
data/raw/vedios-dataset/mosl_videos_dataset_Diverse/لُعْبَةٌ (إِشَارَة 1).mp4,Diverse,لُعْبَةٌ,لعبة,1,5,both,lexical
data/raw/vedios-dataset/mosl_videos_dataset_Diverse/لُعْبَةُ الْغُمَّيْضَةِ.mp4,Diverse,لُعْبَةُ الْغُمَّيْضَةِ,لعبة الغميضة,,4,both,lexical
data/raw/vedios-dataset/mosl_videos_dataset_Diverse/لُغَةٌ.mp4,Diverse,لُغَةٌ,لغة,,5,both,lexical
data/raw/vedios-dataset/mosl_videos_dataset_Diverse/لِأَنَّ (إِشَارَة 1).mp4,Diverse,لِأَنَّ,لأن,1,7,right,lexical
data/raw/vedios-dataset/mosl_videos_dataset_Diverse/لِتْرٌ.mp4,Diverse,لِتْرٌ,لتر,,3,right,lexical
data/raw/vedios-dataset/mosl_videos_dataset_Diverse/لِحْيَةٌ طَوِيلَةٌ.mp4,Diverse,لِحْيَةٌ طَوِيلَةٌ,لحية طويلة,,3,right,lexical
data/raw/vedios-dataset/mosl_videos_dataset_Diverse/لِسَانٌ.mp4,Diverse,لِسَانٌ,لسان,,6,right,lexical
data/raw/vedios-dataset/mosl_videos_dataset_Diverse/لِمَاذَا.mp4,Diverse,لِمَاذَا,لماذا,,6,right,lexical
data/raw/vedios-dataset/mosl_videos_dataset_Diverse/لِي (إِشَارَة 1).mp4,Diverse,لِي,لي,1,3,right,lexical
data/raw/vedios-dataset/mosl_videos_dataset_Diverse/لِيبْيَا.mp4,Diverse,لِيبْيَا,ليبيا,,3,right,lexical
data/raw/vedios-dataset/mosl_videos_dataset_Diverse/لِيفَةُ الاِسْتِحْمَامِ (إِشَارَة 1).mp4,Diverse,لِيفَةُ الاِسْتِحْمَامِ,ليفة الاستحمام,1,5,both,lexical
data/raw/vedios-dataset/mosl_videos_dataset_Diverse/لِيفَةُ الاِسْتِحْمَامِ (إِشَارَة 2).mp4,Diverse,لِيفَةُ الاِسْتِحْمَامِ,ليفة الاستحمام,2,1,both,lexical
data/raw/vedios-dataset/mosl_videos_dataset_Diverse/مَاءٌ.mp4,Diverse,مَاءٌ,ماء,,3,right,lexical
data/raw/vedios-dataset/mosl_videos_dataset_Diverse/مَاءُ الْوَرْدِ (إِشَارَة 1).mp4,Diverse,مَاءُ الْوَرْدِ,ماء الورد,1,6,right,lexical
data/raw/vedios-dataset/mosl_videos_dataset_Diverse/مَاءُ الْوَرْدِ (إِشَارَة 2).mp4,Diverse,مَاءُ الْوَرْدِ,ماء الورد,2,3,right,lexical
data/raw/vedios-dataset/mosl_videos_dataset_Diverse/مَاذَا.mp4,Diverse,مَاذَا,ماذا,,4,left,lexical
data/raw/vedios-dataset/mosl_videos_dataset_Diverse/مَارَاطُونٌ.mp4,Diverse,مَارَاطُونٌ,ماراطون,,5,both,lexical
data/raw/vedios-dataset/mosl_videos_dataset_Diverse/مَاكِرٌ.mp4,Diverse,مَاكِرٌ,ماكر,,7,right,lexical
data/raw/vedios-dataset/mosl_videos_dataset_Diverse/مَالِيزْيَا.mp4,Diverse,مَالِيزْيَا,ماليزيا,,5,both,lexical
data/raw/vedios-dataset/mosl_videos_dataset_Diverse/مَانْجَا.mp4,Diverse,مَانْجَا,مانجا,,0,both,lexical
data/raw/vedios-dataset/mosl_videos_dataset_Diverse/مَائِدَةٌ.mp4,Diverse,مَائِدَةٌ,مائدة,,1,both,lexical
data/raw/vedios-dataset/mosl_videos_dataset_Diverse/مَأْوَى.mp4,Diverse,مَأْوَى,مأوى,,2,both,lexical
data/raw/vedios-dataset/mosl_videos_dataset_Diverse/مَتَى (إِشَارَة 1).mp4,Diverse,مَتَى,متى,1,5,both,lexical
data/raw/vedios-dataset/mosl_videos_dataset_Diverse/مَتَى (إِشَارَة 2).mp4,Diverse,مَتَى,متى,2,1,both,lexical
data/raw/vedios-dataset/mosl_videos_dataset_Diverse/مَتْجَرٌ (إِشَارَة 1).mp4,Diverse,مَتْجَرٌ,متجر,1,5,left,lexical
data/raw/vedios-dataset/mosl_videos_dataset_Diverse/مَتْجَرٌ (إِشَارَة 2).mp4,Diverse,مَتْجَرٌ,متجر,2,2,both,lexical
data/raw/vedios-dataset/mosl_videos_dataset_Diverse/مَثَلاً.mp4,Diverse,مَثَلاً,مثلا,,0,left,lexical
data/raw/vedios-dataset/mosl_videos_dataset_Diverse/مَجْمُوعَةٌ.mp4,Diverse,مَجْمُوعَةٌ,مجموعة,,0,left,lexical
data/raw/vedios-dataset/mosl_videos_dataset_Diverse/مَحَا.mp4,Diverse,مَحَا,محا,,5,both,lexical
data/raw/vedios-dataset/mosl_videos_dataset_Diverse/مَحَطَّةُ الْوَقُودِ.mp4,Diverse,مَحَطَّةُ الْوَقُودِ,محطة الوقود,,5,both,lexical
data/raw/vedios-dataset/mosl_videos_dataset_Diverse/مَحْكَمَةٌ ابْتِدَائِيَّةٌ.mp4,Diverse,مَحْكَمَةٌ ابْتِدَائِيَّةٌ,محكمة ابتدائية,,6,right,lexical
data/raw/vedios-dataset/mosl_videos_dataset_Diverse/مَحْكَمَةٌ.mp4,Diverse,مَحْكَمَةٌ,محكمة,,5,both,lexical
data/raw/vedios-dataset/mosl_videos_dataset_Diverse/مَحْكَمَةُ اسْتِئْنَافٍ.mp4,Diverse,مَحْكَمَةُ اسْتِئْنَافٍ,محكمة استئناف,,6,both,lexical
data/raw/vedios-dataset/mosl_videos_dataset_Diverse/مَدِينَةٌ (إِشَارَة 1).mp4,Diverse,مَدِينَةٌ,مدينة,1,6,right,lexical
data/raw/vedios-dataset/mosl_videos_dataset_Diverse/مَدِينَةٌ (إِشَارَة 2).mp4,Diverse,مَدِينَةٌ,مدينة,2,1,left,lexical
data/raw/vedios-dataset/mosl_videos_dataset_Diverse/مَدْرَسَةٌ (إِشَارَة 1).mp4,Diverse,مَدْرَسَةٌ,مدرسة,1,0,both,lexical
data/raw/vedios-dataset/mosl_videos_dataset_Diverse/مَدْرَسَةٌ (إِشَارَة 2).mp4,Diverse,مَدْرَسَةٌ,مدرسة,2,0,both,lexical
data/raw/vedios-dataset/mosl_videos_dataset_Diverse/مَدْرَسَةٌ (إِشَارَة 3).mp4,Diverse,مَدْرَسَةٌ,مدرسة,3,5,right,lexical
data/raw/vedios-dataset/mosl_videos_dataset_Diverse/مَرَحٌ.mp4,Diverse,مَرَحٌ,مرح,,5,left,lexical
data/raw/vedios-dataset/mosl_videos_dataset_Diverse/مَرَضُ الأَعْصَابِ.mp4,Diverse,مَرَضُ الأَعْصَابِ,مرض الأعصاب,,0,both,lexical
data/raw/vedios-dataset/mosl_videos_dataset_Diverse/مَرَضُ الجِلْدِ.mp4,Diverse,مَرَضُ الجِلْدِ,مرض الجلد,,5,both,lexical
data/raw/vedios-dataset/mosl_videos_dataset_Diverse/مَرَضُ الحَكَّةِ.mp4,Diverse,مَرَضُ الحَكَّةِ,مرض الحكة,,5,both,lexical
data/raw/vedios-dataset/mosl_videos_dataset_Diverse/مَرَضُ السَّرَطَانِ (إِشَارَة 1).mp4,Diverse,مَرَضُ السَّرَطَانِ,مرض السرطان,1,5,both,lexical
data/raw/vedios-dataset/mosl_videos_dataset_Diverse/مَرَضُ السُّكَّرِي (إِشَارَة 1).mp4,Diverse,مَرَضُ السُّكَّرِي,مرض السكري,1,5,both,lexical
data/raw/vedios-dataset/mosl_videos_dataset_Diverse/مَرَضُ السُّكَّرِي (إِشَارَة 2).mp4,Diverse,مَرَضُ السُّكَّرِي,مرض السكري,2,1,both,lexical
data/raw/vedios-dataset/mosl_videos_dataset_Diverse/مَرَقٌ.mp4,Diverse,مَرَقٌ,مرق,,4,both,lexical
data/raw/vedios-dataset/mosl_videos_dataset_Diverse/مَرِيضٌ.mp4,Diverse,مَرِيضٌ,مريض,,5,both,lexical
data/raw/vedios-dataset/mosl_videos_dataset_Diverse/مَرْحَباً.mp4,Diverse,مَرْحَباً,مرحبا,,5,both,lexical
data/raw/vedios-dataset/mosl_videos_dataset_Diverse/مَرْكَبٌ شِرَاعِيٌّ.mp4,Diverse,مَرْكَبٌ شِرَاعِيٌّ,مركب شراعي,,0,both,lexical
data/raw/vedios-dataset/mosl_videos_dataset_Diverse/مَرْكَزٌ (إِشَارَة 1).mp4,Diverse,مَرْكَزٌ,مركز,1,5,both,lexical
data/raw/vedios-dataset/mosl_videos_dataset_Diverse/مَرْكَزٌ (إِشَارَة 2).mp4,Diverse,مَرْكَزٌ,مركز,2,5,both,lexical
data/raw/vedios-dataset/mosl_videos_dataset_Diverse/مَرْكَزٌ تِجَارِيٌّ.mp4,Diverse,مَرْكَزٌ تِجَارِيٌّ,مركز تجاري,,5,both,lexical
data/raw/vedios-dataset/mosl_videos_dataset_Diverse/مَرْكَزُ الشُّرْطَةِ.mp4,Diverse,مَرْكَزُ الشُّرْطَةِ,مركز الشرطة,,0,both,lexical
data/raw/vedios-dataset/mosl_videos_dataset_Diverse/مَرْهَم.mp4,Diverse,مَرْهَم,مرهم,,0,both,lexical
data/raw/vedios-dataset/mosl_videos_dataset_Diverse/مَرْيَلَةٌ (صِدَارُالطِّفْلِ).mp4,Diverse,مَرْيَلَةٌ (صِدَارُالطِّفْلِ),مريلة (صدارالطفل),,0,both,lexical
data/raw/vedios-dataset/mosl_videos_dataset_Diverse/مَرْيَلَةٌ (لِحِمَايَةِ الْمَلاَبِسِ عِنْدَ الطَّبْخِ).mp4,Diverse,مَرْيَلَةٌ (لِحِمَايَةِ الْمَلاَبِسِ عِنْدَ الطَّبْخِ),مريلة (لحماية الملابس عند الطبخ),,0,both,lexical
data/raw/vedios-dataset/mosl_videos_dataset_Diverse/مَزَادٌ عَلَنِيٌّ.mp4,Diverse,مَزَادٌ عَلَنِيٌّ,مزاد علني,,0,both,lexical
data/raw/vedios-dataset/mosl_videos_dataset_Diverse/مَزَجَ.mp4,Diverse,مَزَجَ,مزج,,4,both,lexical
data/raw/vedios-dataset/mosl_videos_dataset_Diverse/مَزَحَ.mp4,Diverse,مَزَحَ,مزح,,5,both,lexical
data/raw/vedios-dataset/mosl_videos_dataset_Diverse/مَزَّقَ.mp4,Diverse,مَزَّقَ,مزق,,5,both,lexical
data/raw/vedios-dataset/mosl_videos_dataset_Diverse/مَسَاءٌ.mp4,Diverse,مَسَاءٌ,مساء,,5,both,lexical
data/raw/vedios-dataset/mosl_videos_dataset_Diverse/مَسَحَ.mp4,Diverse,مَسَحَ,مسح,,5,both,lexical
data/raw/vedios-dataset/mosl_videos_dataset_Diverse/مَسَّاحَةُ زُجَاجِ السَّيَّارَةِ.mp4,Diverse,مَسَّاحَةُ زُجَاجِ السَّيَّارَةِ,مساحة زجاج السيارة,,5,both,lexical
data/raw/vedios-dataset/mosl_videos_dataset_Diverse/مَسْبَحٌ.mp4,Diverse,مَسْبَحٌ,مسبح,,0,both,lexical
data/raw/vedios-dataset/mosl_videos_dataset_Diverse/مَسْجِدٌ.mp4,Diverse,مَسْجِدٌ,مسجد,,0,both,lexical
data/raw/vedios-dataset/mosl_videos_dataset_Diverse/مَسْؤُولٌ (مَسْؤُولٌ سَامٍ).mp4,Diverse,مَسْؤُولٌ (مَسْؤُولٌ سَامٍ),مسؤول (مسؤول سام),,6,right,lexical
data/raw/vedios-dataset/mosl_videos_dataset_Diverse/مَشَى.mp4,Diverse,مَشَى,مشى,,5,both,lexical
data/raw/vedios-dataset/mosl_videos_dataset_Diverse/مَشْغُولٌ (إِشَارَة 1).mp4,Diverse,مَشْغُولٌ,مشغول,1,5,both,lexical
data/raw/vedios-dataset/mosl_videos_dataset_Diverse/مَشْغُولٌ (إِشَارَة 2).mp4,Diverse,مَشْغُولٌ,مشغول,2,0,both,lexical
data/raw/vedios-dataset/mosl_videos_dataset_Diverse/مَشْغُولٌ (إِشَارَة 3).mp4,Diverse,مَشْغُولٌ,مشغول,3,0,left,lexical
data/raw/vedios-dataset/mosl_videos_dataset_Diverse/مَشْغُولٌ (إِشَارَة 4).mp4,Diverse,مَشْغُولٌ,مشغول,4,2,right,lexical
data/raw/vedios-dataset/mosl_videos_dataset_Diverse/مَشْلُول.mp4,Diverse,مَشْلُول,مشلول,,0,both,lexical
data/raw/vedios-dataset/mosl_videos_dataset_Diverse/مَشْهُورٌ (إِشَارَة 1).mp4,Diverse,مَشْهُورٌ,مشهور,1,2,both,lexical
data/raw/vedios-dataset/mosl_videos_dataset_Diverse/مَشْهُورٌ (إِشَارَة 2).mp4,Diverse,مَشْهُورٌ,مشهور,2,2,both,lexical
data/raw/vedios-dataset/mosl_videos_dataset_Diverse/مَصْبَغَةُ.mp4,Diverse,مَصْبَغَةُ,مصبغة,,5,both,lexical
data/raw/vedios-dataset/mosl_videos_dataset_Diverse/مَضَغَ.mp4,Diverse,مَضَغَ,مضغ,,6,right,lexical
data/raw/vedios-dataset/mosl_videos_dataset_Diverse/مَطَرٌ.mp4,Diverse,مَطَرٌ,مطر,,6,right,lexical
data/raw/vedios-dataset/mosl_videos_dataset_Diverse/مَطْبَخٌ (إِشَارَة 1).mp4,Diverse,مَطْبَخٌ,مطبخ,1,5,both,lexical
data/raw/vedios-dataset/mosl_videos_dataset_Diverse/مَطْبَخٌ (إِشَارَة 2).mp4,Diverse,مَطْبَخٌ,مطبخ,2,1,left,lexical
data/raw/vedios-dataset/mosl_videos_dataset_Diverse/مَطْبَعَةٌ.mp4,Diverse,مَطْبَعَةٌ,مطبعة,,0,both,lexical
data/raw/vedios-dataset/mosl_videos_dataset_Diverse/مَطْعَمٌ.mp4,Diverse,مَطْعَمٌ,مطعم,,1,left,lexical
data/raw/vedios-dataset/mosl_videos_dataset_Diverse/مَعاً (إِشَارَة 1).mp4,Diverse,مَعاً,معا,1,4,both,lexical
data/raw/vedios-dataset/mosl_videos_dataset_Diverse/مَعاً (إِشَارَة 2).mp4,Diverse,مَعاً,معا,2,1,both,lexical
data/raw/vedios-dataset/mosl_videos_dataset_Diverse/مَعَ.mp4,Diverse,مَعَ,مع,,5,both,lexical
data/raw/vedios-dataset/mosl_videos_dataset_Diverse/مَعْقُوفَتَانِ.mp4,Diverse,مَعْقُوفَتَانِ,معقوفتان,,5,both,lexical
data/raw/vedios-dataset/mosl_videos_dataset_Diverse/مَعْكَرُونَة (إِشَارَة 1).mp4,Diverse,مَعْكَرُونَة,معكرونة,1,0,both,lexical
data/raw/vedios-dataset/mosl_videos_dataset_Diverse/مَعْكَرُونَة (إِشَارَة 2).mp4,Diverse,مَعْكَرُونَة,معكرونة,2,2,both,lexical
data/raw/vedios-dataset/mosl_videos_dataset_Diverse/مَقْبَرَةٌ (إِشَارَة 1).mp4,Diverse,مَقْبَرَةٌ,مقبرة,1,0,right,lexical
data/raw/vedios-dataset/mosl_videos_dataset_Diverse/مَقْبَرَةٌ (إِشَارَة 2).mp4,Diverse,مَقْبَرَةٌ,مقبرة,2,1,both,lexical
data/raw/vedios-dataset/mosl_videos_dataset_Diverse/مَقْهًى.mp4,Diverse,مَقْهًى,مقهى,,0,both,lexical
data/raw/vedios-dataset/mosl_videos_dataset_Diverse/مَكَانٌ.mp4,Diverse,مَكَانٌ,مكان,,5,both,lexical
data/raw/vedios-dataset/mosl_videos_dataset_Diverse/مَكْتَبٌ (إِشَارَة 1).mp4,Diverse,مَكْتَبٌ,مكتب,1,5,both,lexical
data/raw/vedios-dataset/mosl_videos_dataset_Diverse/مَكْتَبٌ (إِشَارَة 3).mp4,Diverse,مَكْتَبٌ,مكتب,3,1,both,lexical
data/raw/vedios-dataset/mosl_videos_dataset_Diverse/مَكْتَبَةٌ (إِشَارَة 1).mp4,Diverse,مَكْتَبَةٌ,مكتبة,1,0,both,lexical
data/raw/vedios-dataset/mosl_videos_dataset_Diverse/مَكْتَبُ الْبَرِيدِ.mp4,Diverse,مَكْتَبُ الْبَرِيدِ,مكتب البريد,,5,both,lexical
data/raw/vedios-dataset/mosl_videos_dataset_Diverse/مَلاَبِسٌ.mp4,Diverse,مَلاَبِسٌ,ملابس,,0,right,lexical
data/raw/vedios-dataset/mosl_videos_dataset_Diverse/مَلَأَ (إِشَارَة 1).mp4,Diverse,مَلَأَ,ملأ,1,0,both,lexical
data/raw/vedios-dataset/mosl_videos_dataset_Diverse/مَلَأَ (إِشَارَة 2).mp4,Diverse,مَلَأَ,ملأ,2,4,both,lexical
data/raw/vedios-dataset/mosl_videos_dataset_Diverse/مَلَكَ.mp4,Diverse,مَلَكَ,ملك,,2,right,lexical
data/raw/vedios-dataset/mosl_videos_dataset_Diverse/مَلِكٌ.mp4,Diverse,مَلِكٌ,ملك,,3,right,lexical
data/raw/vedios-dataset/mosl_videos_dataset_Diverse/مَلِكَةُ جَمَالِ الْعَالَمِ (إِشَارَة 1).mp4,Diverse,مَلِكَةُ جَمَالِ الْعَالَمِ,ملكة جمال العالم,1,5,both,lexical
data/raw/vedios-dataset/mosl_videos_dataset_Diverse/مَلِكَةُ جَمَالِ الْعَالَمِ (إِشَارَة 2).mp4,Diverse,مَلِكَةُ جَمَالِ الْعَالَمِ,ملكة جمال العالم,2,2,right,lexical
data/raw/vedios-dataset/mosl_videos_dataset_Diverse/مَلِيلِيَّةُ.mp4,Diverse,مَلِيلِيَّةُ,مليلية,,6,right,lexical
data/raw/vedios-dataset/mosl_videos_dataset_Diverse/مَلْعَبٌ.mp4,Diverse,مَلْعَبٌ,ملعب,,0,both,lexical
data/raw/vedios-dataset/mosl_videos_dataset_Diverse/مَمَرٌّ.mp4,Diverse,مَمَرٌّ,ممر,,5,both,lexical
data/raw/vedios-dataset/mosl_videos_dataset_Diverse/مَمْنُوعٌ (إِشَارَة 2).mp4,Diverse,مَمْنُوعٌ,ممنوع,2,2,both,lexical
data/raw/vedios-dataset/mosl_videos_dataset_Diverse/مَنَامَةٌ.mp4,Diverse,مَنَامَةٌ,منامة,,0,both,lexical
data/raw/vedios-dataset/mosl_videos_dataset_Diverse/مَنْ (إِشَارَة 1).mp4,Diverse,مَنْ,من,1,6,right,lexical
data/raw/vedios-dataset/mosl_videos_dataset_Diverse/مَنْ (إِشَارَة 2).mp4,Diverse,مَنْ,من,2,6,right,lexical
data/raw/vedios-dataset/mosl_videos_dataset_Diverse/مَنْ (إِشَارَة 3).mp4,Diverse,مَنْ,من,3,6,right,lexical
data/raw/vedios-dataset/mosl_videos_dataset_Diverse/مَنْزِلٌ.mp4,Diverse,مَنْزِلٌ,منزل,,5,both,lexical
data/raw/vedios-dataset/mosl_videos_dataset_Diverse/مَوْجٌ (إِشَارَة 1).mp4,Diverse,مَوْجٌ,موج,1,6,right,lexical
data/raw/vedios-dataset/mosl_videos_dataset_Diverse/مَوْجٌ (إِشَارَة 2).mp4,Diverse,مَوْجٌ,موج,2,2,both,lexical
data/raw/vedios-dataset/mosl_videos_dataset_Diverse/مَوْجُودٌ (إِشَارَة 1).mp4,Diverse,مَوْجُودٌ,موجود,1,3,right,lexical
data/raw/vedios-dataset/mosl_videos_dataset_Diverse/مَوْجُودٌ (إِشَارَة 2).mp4,Diverse,مَوْجُودٌ,موجود,2,2,right,lexical
data/raw/vedios-dataset/mosl_videos_dataset_Diverse/مَوْزٌ.mp4,Diverse,مَوْزٌ,موز,,0,both,lexical
data/raw/vedios-dataset/mosl_videos_dataset_Diverse/مُبَارَاةٌ.mp4,Diverse,مُبَارَاةٌ,مباراة,,2,both,lexical
data/raw/vedios-dataset/mosl_videos_dataset_Diverse/مُبَاشَرَةً.mp4,Diverse,مُبَاشَرَةً,مباشرة,,6,both,lexical
data/raw/vedios-dataset/mosl_videos_dataset_Diverse/مُبْتَلٌّ (إِشَارَة 1).mp4,Diverse,مُبْتَلٌّ,مبتل,1,0,both,lexical
data/raw/vedios-dataset/mosl_videos_dataset_Diverse/مُبْتَلٌّ (إِشَارَة 2).mp4,Diverse,مُبْتَلٌّ,مبتل,2,1,left,lexical
data/raw/vedios-dataset/mosl_videos_dataset_Diverse/مُبْتَهِجٌ.mp4,Diverse,مُبْتَهِجٌ,مبتهج,,0,both,lexical
data/raw/vedios-dataset/mosl_videos_dataset_Diverse/مُتَأَخِّرٌ (إِشَارَة 1).mp4,Diverse,مُتَأَخِّرٌ,متأخر,1,0,both,lexical
data/raw/vedios-dataset/mosl_videos_dataset_Diverse/مُتَسَوِّلٌ.mp4,Diverse,مُتَسَوِّلٌ,متسول,,3,right,lexical
data/raw/vedios-dataset/mosl_videos_dataset_Diverse/مُتْعَبٌ (إِشَارَة 1).mp4,Diverse,مُتْعَبٌ,متعب,1,5,left,lexical
data/raw/vedios-dataset/mosl_videos_dataset_Diverse/مُتْعَبٌ (إِشَارَة 2).mp4,Diverse,مُتْعَبٌ,متعب,2,0,both,lexical
data/raw/vedios-dataset/mosl_videos_dataset_Diverse/مُتْعَبٌ (إِشَارَة 3).mp4,Diverse,مُتْعَبٌ,متعب,3,1,both,lexical
data/raw/vedios-dataset/mosl_videos_dataset_Diverse/مُثَقَّفٌ (إِشَارَة 1).mp4,Diverse,مُثَقَّفٌ,مثقف,1,5,both,lexical
data/raw/vedios-dataset/mosl_videos_dataset_Diverse/مُثَقَّفٌ (إِشَارَة 2).mp4,Diverse,مُثَقَّفٌ,مثقف,2,1,both,lexical
data/raw/vedios-dataset/mosl_videos_dataset_Diverse/مُثَلَّثٌ (إِشَارَة 1).mp4,Diverse,مُثَلَّثٌ,مثلث,1,0,both,lexical
data/raw/vedios-dataset/mosl_videos_dataset_Diverse/مُثَلّجَات.mp4,Diverse,مُثَلّجَات,مثلجات,,6,right,lexical
data/raw/vedios-dataset/mosl_videos_dataset_Diverse/مُجَمِّدٌ.mp4,Diverse,مُجَمِّدٌ,مجمد,,5,both,lexical
data/raw/vedios-dataset/mosl_videos_dataset_Diverse/مُجْتَهِدٌ (إِشَارَة 1).mp4,Diverse,مُجْتَهِدٌ,مجتهد,1,5,both,lexical
data/raw/vedios-dataset/mosl_videos_dataset_Diverse/مُجْتَهِدٌ (إِشَارَة 2).mp4,Diverse,مُجْتَهِدٌ,مجتهد,2,1,both,lexical
data/raw/vedios-dataset/mosl_videos_dataset_Diverse/مُحَافَظَةٌ عَقَارِيَّةٌ.mp4,Diverse,مُحَافَظَةٌ عَقَارِيَّةٌ,محافظة عقارية,,5,both,lexical
data/raw/vedios-dataset/mosl_videos_dataset_Diverse/مُحَامٍ (إِشَارَة 1).mp4,Diverse,مُحَامٍ,محام,1,4,both,lexical
data/raw/vedios-dataset/mosl_videos_dataset_Diverse/مُحَامٍ (إِشَارَة 2).mp4,Diverse,مُحَامٍ,محام,2,2,both,lexical
data/raw/vedios-dataset/mosl_videos_dataset_Diverse/مُحَايِدٌ.mp4,Diverse,مُحَايِدٌ,محايد,,4,left,lexical
data/raw/vedios-dataset/mosl_videos_dataset_Diverse/مُحَمَّدٌ الخَامِسُ (إِشَارَة 1).mp4,Diverse,مُحَمَّدٌ الخَامِسُ,محمد الخامس,1,4,both,lexical
data/raw/vedios-dataset/mosl_videos_dataset_Diverse/مُحَمَّدٌ صَلَّى اللهُ عَلَيْهِ وَسَلَّمَ (إِشَارَة 1).mp4,Diverse,مُحَمَّدٌ صَلَّى اللهُ عَلَيْهِ وَسَلَّمَ,محمد صلى الله عليه وسلم,1,6,right,lexical
data/raw/vedios-dataset/mosl_videos_dataset_Diverse/مُخْتَلِفٌ.mp4,Diverse,مُخْتَلِفٌ,مختلف,,5,both,lexical
data/raw/vedios-dataset/mosl_videos_dataset_Diverse/مُدُنُ الصَّفِيحِ (إِشَارَة 1).mp4,Diverse,مُدُنُ الصَّفِيحِ,مدن الصفيح,1,0,both,lexical
data/raw/vedios-dataset/mosl_videos_dataset_Diverse/مُدُنُ الصَّفِيحِ (إِشَارَة 2).mp4,Diverse,مُدُنُ الصَّفِيحِ,مدن الصفيح,2,5,both,lexical
data/raw/vedios-dataset/mosl_videos_dataset_Diverse/مُدُنُ الصَّفِيحِ (إِشَارَة 3).mp4,Diverse,مُدُنُ الصَّفِيحِ,مدن الصفيح,3,0,both,lexical
data/raw/vedios-dataset/mosl_videos_dataset_Diverse/مُدُنُ الصَّفِيحِ (إِشَارَة 4).mp4,Diverse,مُدُنُ الصَّفِيحِ,مدن الصفيح,4,1,both,lexical
data/raw/vedios-dataset/mosl_videos_dataset_Diverse/مُدِيرُ مَدْرَسَةٍ (إِشَارَة 1).mp4,Diverse,مُدِيرُ مَدْرَسَةٍ,مدير مدرسة,1,2,left,lexical
data/raw/vedios-dataset/mosl_videos_dataset_Diverse/مُدِيرُ مَدْرَسَةٍ (إِشَارَة 2).mp4,Diverse,مُدِيرُ مَدْرَسَةٍ,مدير مدرسة,2,1,both,lexical
data/raw/vedios-dataset/mosl_videos_dataset_Diverse/مُرٌّ.mp4,Diverse,مُرٌّ,مر,,6,right,lexical
data/raw/vedios-dataset/mosl_videos_dataset_Diverse/مُرَافَقَةٌ.mp4,Diverse,مُرَافَقَةٌ,مرافقة,,2,both,lexical
data/raw/vedios-dataset/mosl_videos_dataset_Diverse/مُرَاهَنَة.mp4,Diverse,مُرَاهَنَة,مراهنة,,4,left,lexical
data/raw/vedios-dataset/mosl_videos_dataset_Diverse/مُرَاهِقٌ (إِشَارَة 1).mp4,Diverse,مُرَاهِقٌ,مراهق,1,7,right,lexical
data/raw/vedios-dataset/mosl_videos_dataset_Diverse/مُرَاهِقٌ (إِشَارَة 2).mp4,Diverse,مُرَاهِقٌ,مراهق,2,3,right,lexical
data/raw/vedios-dataset/mosl_videos_dataset_Diverse/مُرَبَّى.mp4,Diverse,مُرَبَّى,مربى,,4,both,lexical
data/raw/vedios-dataset/mosl_videos_dataset_Diverse/مُرَّاكُش.mp4,Diverse,مُرَّاكُش,مراكش,,5,both,lexical
data/raw/vedios-dataset/mosl_videos_dataset_Diverse/مُسَابَقَةٌ.mp4,Diverse,مُسَابَقَةٌ,مسابقة,,0,both,lexical
data/raw/vedios-dataset/mosl_videos_dataset_Diverse/مُسَاعَدَةٌ.mp4,Diverse,مُسَاعَدَةٌ,مساعدة,,0,both,lexical
data/raw/vedios-dataset/mosl_videos_dataset_Diverse/مُسَايَفَةٌ.mp4,Diverse,مُسَايَفَةٌ,مسايفة,,5,both,lexical
data/raw/vedios-dataset/mosl_videos_dataset_Diverse/مُسْتَحِيلٌ (إِشَارَة 1).mp4,Diverse,مُسْتَحِيلٌ,مستحيل,1,0,both,lexical
data/raw/vedios-dataset/mosl_videos_dataset_Diverse/مُسْتَحِيلٌ (إِشَارَة 2).mp4,Diverse,مُسْتَحِيلٌ,مستحيل,2,1,left,lexical
data/raw/vedios-dataset/mosl_videos_dataset_Diverse/مُسْتَشَارٌ (إِشَارَة 1).mp4,Diverse,مُسْتَشَارٌ,مستشار,1,5,both,lexical
data/raw/vedios-dataset/mosl_videos_dataset_Diverse/مُسْتَشَارٌ (إِشَارَة 2).mp4,Diverse,مُسْتَشَارٌ,مستشار,2,1,right,lexical
data/raw/vedios-dataset/mosl_videos_dataset_Diverse/مُسْتَشْفَى (إِشَارَة 1).mp4,Diverse,مُسْتَشْفَى,مستشفى,1,0,both,lexical
data/raw/vedios-dataset/mosl_videos_dataset_Diverse/مُسْتَشْفَى (إِشَارَة 2).mp4,Diverse,مُسْتَشْفَى,مستشفى,2,1,both,lexical
data/raw/vedios-dataset/mosl_videos_dataset_Diverse/مُسْتَوَى.mp4,Diverse,مُسْتَوَى,مستوى,,4,left,lexical
data/raw/vedios-dataset/mosl_videos_dataset_Diverse/مُسْتَوْصَفٌ (إِشَارَة 1).mp4,Diverse,مُسْتَوْصَفٌ,مستوصف,1,0,both,lexical
data/raw/vedios-dataset/mosl_videos_dataset_Diverse/مُسْتَوْصَفٌ (إِشَارَة 2).mp4,Diverse,مُسْتَوْصَفٌ,مستوصف,2,1,both,lexical
data/raw/vedios-dataset/mosl_videos_dataset_Diverse/مُشْطٌ.mp4,Diverse,مُشْطٌ,مشط,,6,right,lexical
data/raw/vedios-dataset/mosl_videos_dataset_Diverse/مُصَارَعَةُ الثِّيرَانِ.mp4,Diverse,مُصَارَعَةُ الثِّيرَانِ,مصارعة الثيران,,0,both,lexical
data/raw/vedios-dataset/mosl_videos_dataset_Diverse/مُصَمِّمٌ (تَصْمِيمٌ).mp4,Diverse,مُصَمِّمٌ (تَصْمِيمٌ),مصمم (تصميم),,1,both,lexical
data/raw/vedios-dataset/mosl_videos_dataset_Diverse/مُظْلِمٌ.mp4,Diverse,مُظْلِمٌ,مظلم,,0,both,lexical
data/raw/vedios-dataset/mosl_videos_dataset_Diverse/مُعَطَّلٌ.mp4,Diverse,مُعَطَّلٌ,معطل,,0,both,lexical
data/raw/vedios-dataset/mosl_videos_dataset_Diverse/مُفَتِّشٌ (تَرْبَوِيٌّ) (إِشَارَة 1).mp4,Diverse,مُفَتِّشٌ (تَرْبَوِيٌّ),مفتش (تربوي),1,0,both,lexical
data/raw/vedios-dataset/mosl_videos_dataset_Diverse/مُفَتِّشٌ (تَرْبَوِيٌّ) (إِشَارَة 2).mp4,Diverse,مُفَتِّشٌ (تَرْبَوِيٌّ),مفتش (تربوي),2,0,left,lexical
data/raw/vedios-dataset/mosl_videos_dataset_Diverse/مُفَتِّشٌ (تَرْبَوِيٌّ) (إِشَارَة 3).mp4,Diverse,مُفَتِّشٌ (تَرْبَوِيٌّ),مفتش (تربوي),3,1,both,lexical
data/raw/vedios-dataset/mosl_videos_dataset_Diverse/مُفَرْقَعَةٌ.mp4,Diverse,مُفَرْقَعَةٌ,مفرقعة,,0,both,lexical
data/raw/vedios-dataset/mosl_videos_dataset_Diverse/مُقَاطَعَةٌ.mp4,Diverse,مُقَاطَعَةٌ,مقاطعة,,5,right,lexical
data/raw/vedios-dataset/mosl_videos_dataset_Diverse/مُقَدَّمُ الْحَيِّ.mp4,Diverse,مُقَدَّمُ الْحَيِّ,مقدم الحي,,3,right,lexical
data/raw/vedios-dataset/mosl_videos_dataset_Diverse/مُقَزِّزٌ.mp4,Diverse,مُقَزِّزٌ,مقزز,,3,both,lexical
data/raw/vedios-dataset/mosl_videos_dataset_Diverse/مُكَسَّرَات.mp4,Diverse,مُكَسَّرَات,مكسرات,,0,both,lexical
data/raw/vedios-dataset/mosl_videos_dataset_Diverse/مُكَعَّبَاتٌ (إِشَارَة 1).mp4,Diverse,مُكَعَّبَاتٌ,مكعبات,1,5,both,lexical
data/raw/vedios-dataset/mosl_videos_dataset_Diverse/مُكَعَّبَاتٌ (إِشَارَة 2).mp4,Diverse,مُكَعَّبَاتٌ,مكعبات,2,0,both,lexical
data/raw/vedios-dataset/mosl_videos_dataset_Diverse/مُكَيِّفٌ هَوَائِيٌّ.mp4,Diverse,مُكَيِّفٌ هَوَائِيٌّ,مكيف هوائي,,0,both,lexical
data/raw/vedios-dataset/mosl_videos_dataset_Diverse/مُلَاكَمَةٌ.mp4,Diverse,مُلَاكَمَةٌ,ملاكمة,,5,both,lexical
data/raw/vedios-dataset/mosl_videos_dataset_Diverse/مُمَرِّضَةٌ (إِشَارَة 1).mp4,Diverse,مُمَرِّضَةٌ,ممرضة,1,3,right,lexical
data/raw/vedios-dataset/mosl_videos_dataset_Diverse/مُمَرِّضَةٌ (إِشَارَة 2).mp4,Diverse,مُمَرِّضَةٌ,ممرضة,2,6,right,lexical
data/raw/vedios-dataset/mosl_videos_dataset_Diverse/مُمَرِّضَةٌ (إِشَارَة 3).mp4,Diverse,مُمَرِّضَةٌ,ممرضة,3,2,right,lexical
data/raw/vedios-dataset/mosl_videos_dataset_Diverse/مُمْتَلِئٌ.mp4,Diverse,مُمْتَلِئٌ,ممتلئ,,0,right,lexical
data/raw/vedios-dataset/mosl_videos_dataset_Diverse/مُنَبِّهٌ.mp4,Diverse,مُنَبِّهٌ,منبه,,5,both,lexical
data/raw/vedios-dataset/mosl_videos_dataset_Diverse/مُنَبِّهُ السَّيَّارَةِ.mp4,Diverse,مُنَبِّهُ السَّيَّارَةِ,منبه السيارة,,5,both,lexical
data/raw/vedios-dataset/mosl_videos_dataset_Diverse/مُنْتَزَهٌ.mp4,Diverse,مُنْتَزَهٌ,منتزه,,5,both,lexical
data/raw/vedios-dataset/mosl_videos_dataset_Diverse/مُنْتَشِرٌ.mp4,Diverse,مُنْتَشِرٌ,منتشر,,5,both,lexical
data/raw/vedios-dataset/mosl_videos_dataset_Diverse/مُنْزَعِجٌ.mp4,Diverse,مُنْزَعِجٌ,منزعج,,0,left,lexical
data/raw/vedios-dataset/mosl_videos_dataset_Diverse/مُنْضَبِطٌ.mp4,Diverse,مُنْضَبِطٌ,منضبط,,5,both,lexical
data/raw/vedios-dataset/mosl_videos_dataset_Diverse/مُهَذَّبٌ.mp4,Diverse,مُهَذَّبٌ,مهذب,,5,both,lexical
data/raw/vedios-dataset/mosl_videos_dataset_Diverse/مُهَنْدِسٌ مِعْمَارِيٌّ (إِشَارَة 1).mp4,Diverse,مُهَنْدِسٌ مِعْمَارِيٌّ,مهندس معماري,1,5,both,lexical
data/raw/vedios-dataset/mosl_videos_dataset_Diverse/مُهِمٌّ (إِشَارَة 1).mp4,Diverse,مُهِمٌّ,مهم,1,7,right,lexical
data/raw/vedios-dataset/mosl_videos_dataset_Diverse/مُهِمٌّ (إِشَارَة 2).mp4,Diverse,مُهِمٌّ,مهم,2,2,both,lexical
data/raw/vedios-dataset/mosl_videos_dataset_Diverse/مُهْرٌ (إِشَارَة 1).mp4,Diverse,مُهْرٌ,مهر,1,5,both,lexical
data/raw/vedios-dataset/mosl_videos_dataset_Diverse/مُوسَى عَلَيْهِ السَّلاَمُ (إِشَارَة 1).mp4,Diverse,مُوسَى عَلَيْهِ السَّلاَمُ,موسى عليه السلام,1,2,right,lexical
data/raw/vedios-dataset/mosl_videos_dataset_Diverse/مُوسِيقَى.mp4,Diverse,مُوسِيقَى,موسيقى,,0,left,lexical
data/raw/vedios-dataset/mosl_videos_dataset_Diverse/مُوضَةٌ (إِشَارَة 1).mp4,Diverse,مُوضَةٌ,موضة,1,5,left,lexical
data/raw/vedios-dataset/mosl_videos_dataset_Diverse/مُوضَةٌ (إِشَارَة 2).mp4,Diverse,مُوضَةٌ,موضة,2,1,both,lexical
data/raw/vedios-dataset/mosl_videos_dataset_Diverse/مُوَلِّدَةٌ (إِشَارَة 1).mp4,Diverse,مُوَلِّدَةٌ,مولدة,1,5,both,lexical
data/raw/vedios-dataset/mosl_videos_dataset_Diverse/مُؤَسَّسَةُ مُحَمَّدٍ الخَامِسِ لِلتَّضَامُنِ.mp4,Diverse,مُؤَسَّسَةُ مُحَمَّدٍ الخَامِسِ لِلتَّضَامُنِ,مؤسسة محمد الخامس للتضامن,,6,right,lexical
data/raw/vedios-dataset/mosl_videos_dataset_Diverse/مُؤْتَمَرٌ.mp4,Diverse,مُؤْتَمَرٌ,مؤتمر,,0,both,lexical
data/raw/vedios-dataset/mosl_videos_dataset_Diverse/مِبْرَاةٌ (أَقْلاَم) (إِشَارَة 1).mp4,Diverse,مِبْرَاةٌ (أَقْلاَم),مبراة (أقلام),1,0,both,lexical
data/raw/vedios-dataset/mosl_videos_dataset_Diverse/مِبْرَاةٌ (أَقْلاَم) (إِشَارَة 2).mp4,Diverse,مِبْرَاةٌ (أَقْلاَم),مبراة (أقلام),2,2,both,lexical
data/raw/vedios-dataset/mosl_videos_dataset_Diverse/مِبْشَرَةٌ.mp4,Diverse,مِبْشَرَةٌ,مبشرة,,0,both,lexical
data/raw/vedios-dataset/mosl_videos_dataset_Diverse/مِتْرٌ.mp4,Diverse,مِتْرٌ,متر,,0,both,lexical
data/raw/vedios-dataset/mosl_videos_dataset_Diverse/مِجْرَفَةٌ.mp4,Diverse,مِجْرَفَةٌ,مجرفة,,5,both,lexical
data/raw/vedios-dataset/mosl_videos_dataset_Diverse/مِحْرَاثٌ.mp4,Diverse,مِحْرَاثٌ,محراث,,0,both,lexical
data/raw/vedios-dataset/mosl_videos_dataset_Diverse/مِحْفَظَةٌ.mp4,Diverse,مِحْفَظَةٌ,محفظة,,0,left,lexical
data/raw/vedios-dataset/mosl_videos_dataset_Diverse/مِدْفَأَةٌ.mp4,Diverse,مِدْفَأَةٌ,مدفأة,,0,both,lexical
data/raw/vedios-dataset/mosl_videos_dataset_Diverse/مِرْآبٌ (إِشَارَة 1).mp4,Diverse,مِرْآبٌ,مرآب,1,-1,right,lexical
data/raw/vedios-dataset/mosl_videos_dataset_Diverse/مِرْآبٌ (إِشَارَة 2).mp4,Diverse,مِرْآبٌ,مرآب,2,-1,right,lexical
data/raw/vedios-dataset/mosl_videos_dataset_Diverse/مِرْآةٌ.mp4,Diverse,مِرْآةٌ,مرآة,,-1,right,lexical
data/raw/vedios-dataset/mosl_videos_dataset_Diverse/مِرْحَاضٌ (إِشَارَة 1).mp4,Diverse,مِرْحَاضٌ,مرحاض,1,3,right,lexical
data/raw/vedios-dataset/mosl_videos_dataset_Diverse/مِرْحَاضٌ (إِشَارَة 2).mp4,Diverse,مِرْحَاضٌ,مرحاض,2,2,right,lexical
data/raw/vedios-dataset/mosl_videos_dataset_Diverse/مِرْحَاضٌ (إِشَارَة 3).mp4,Diverse,مِرْحَاضٌ,مرحاض,3,3,right,lexical
data/raw/vedios-dataset/mosl_videos_dataset_Diverse/مِرْفَقٌ.mp4,Diverse,مِرْفَقٌ,مرفق,,0,both,lexical
data/raw/vedios-dataset/mosl_videos_dataset_Diverse/مِرْوَحَةٌ.mp4,Diverse,مِرْوَحَةٌ,مروحة,,3,right,lexical
data/raw/vedios-dataset/mosl_videos_dataset_Diverse/مِزْمَارٌ.mp4,Diverse,مِزْمَارٌ,مزمار,,5,both,lexical
data/raw/vedios-dataset/mosl_videos_dataset_Diverse/مِزْهَرِيَّةٌ.mp4,Diverse,مِزْهَرِيَّةٌ,مزهرية,,0,both,lexical
data/raw/vedios-dataset/mosl_videos_dataset_Diverse/مِسْطَرَةٌ.mp4,Diverse,مِسْطَرَةٌ,مسطرة,,0,both,lexical
data/raw/vedios-dataset/mosl_videos_dataset_Diverse/مِسْمَارٌ.mp4,Diverse,مِسْمَارٌ,مسمار,,5,both,lexical
data/raw/vedios-dataset/mosl_videos_dataset_Diverse/مِشْحَنٌ.mp4,Diverse,مِشْحَنٌ,مشحن,,0,both,lexical
data/raw/vedios-dataset/mosl_videos_dataset_Diverse/مِشْوَاةٌ.mp4,Diverse,مِشْوَاةٌ,مشواة,,0,both,lexical
data/raw/vedios-dataset/mosl_videos_dataset_Diverse/مِصْبَاحٌ.mp4,Diverse,مِصْبَاحٌ,مصباح,,3,right,lexical
data/raw/vedios-dataset/mosl_videos_dataset_Diverse/مِصْعَدٌ.mp4,Diverse,مِصْعَدٌ,مصعد,,5,both,lexical
data/raw/vedios-dataset/mosl_videos_dataset_Diverse/مِطْرَقَةٌ.mp4,Diverse,مِطْرَقَةٌ,مطرقة,,5,right,lexical
data/raw/vedios-dataset/mosl_videos_dataset_Diverse/مِظَلَّةٌ.mp4,Diverse,مِظَلَّةٌ,مظلة,,5,both,lexical
data/raw/vedios-dataset/mosl_videos_dataset_Diverse/مِعْطَفٌ.mp4,Diverse,مِعْطَفٌ,معطف,,5,both,lexical
data/raw/vedios-dataset/mosl_videos_dataset_Diverse/مِغْسَلٌ.mp4,Diverse,مِغْسَلٌ,مغسل,,5,both,lexical
data/raw/vedios-dataset/mosl_videos_dataset_Diverse/مِغْنَاطِيسٌ.mp4,Diverse,مِغْنَاطِيسٌ,مغناطيس,,5,both,lexical
data/raw/vedios-dataset/mosl_videos_dataset_Diverse/مِفْتَاحٌ.mp4,Diverse,مِفْتَاحٌ,مفتاح,,6,right,lexical
data/raw/vedios-dataset/mosl_videos_dataset_Diverse/مِفْتَاحُ عُلَب.mp4,Diverse,مِفْتَاحُ عُلَب,مفتاح علب,,0,both,lexical
data/raw/vedios-dataset/mosl_videos_dataset_Diverse/مِقَصٌّ.mp4,Diverse,مِقَصٌّ,مقص,,3,right,lexical
data/raw/vedios-dataset/mosl_videos_dataset_Diverse/مِقَصُّ الْحَدِيقَةِ.mp4,Diverse,مِقَصُّ الْحَدِيقَةِ,مقص الحديقة,,5,left,lexical
data/raw/vedios-dataset/mosl_videos_dataset_Diverse/مِقَصُّ أَظَافِر.mp4,Diverse,مِقَصُّ أَظَافِر,مقص أظافر,,0,both,lexical
data/raw/vedios-dataset/mosl_videos_dataset_Diverse/مِقْلاَةٌ.mp4,Diverse,مِقْلاَةٌ,مقلاة,,3,right,lexical
data/raw/vedios-dataset/mosl_videos_dataset_Diverse/مِقْلَمَةٌ.mp4,Diverse,مِقْلَمَةٌ,مقلمة,,5,right,lexical
data/raw/vedios-dataset/mosl_videos_dataset_Diverse/مِقْوَدٌ.mp4,Diverse,مِقْوَدٌ,مقود,,0,both,lexical
data/raw/vedios-dataset/mosl_videos_dataset_Diverse/مِقْياسُ الحَرارَةِ.mp4,Diverse,مِقْياسُ الحَرارَةِ,مقياس الحرارة,,6,right,lexical
data/raw/vedios-dataset/mosl_videos_dataset_Diverse/مِكْنَسَةٌ.mp4,Diverse,مِكْنَسَةٌ,مكنسة,,5,both,lexical
data/raw/vedios-dataset/mosl_videos_dataset_Diverse/مِكْوَاةٌ.mp4,Diverse,مِكْوَاةٌ,مكواة,,5,both,lexical
data/raw/vedios-dataset/mosl_videos_dataset_Diverse/مِلَفٌّ (إِشَارَة 1).mp4,Diverse,مِلَفٌّ,ملف,1,5,both,lexical
data/raw/vedios-dataset/mosl_videos_dataset_Diverse/مِلَفٌّ (إِشَارَة 2).mp4,Diverse,مِلَفٌّ,ملف,2,1,both,lexical
data/raw/vedios-dataset/mosl_videos_dataset_Diverse/مِلْحٌ (إِشَارَة 1).mp4,Diverse,مِلْحٌ,ملح,1,3,right,lexical
data/raw/vedios-dataset/mosl_videos_dataset_Diverse/مِلْحٌ (إِشَارَة 2).mp4,Diverse,مِلْحٌ,ملح,2,1,right,lexical
data/raw/vedios-dataset/mosl_videos_dataset_Diverse/مِلْعَقَةٌ.mp4,Diverse,مِلْعَقَةٌ,ملعقة,,3,right,lexical
data/raw/vedios-dataset/mosl_videos_dataset_Diverse/مِنْجَل.mp4,Diverse,مِنْجَل,منجل,,0,left,lexical
data/raw/vedios-dataset/mosl_videos_dataset_Diverse/مِنْحَةٌ دِرَاسِيَّةٌ.mp4,Diverse,مِنْحَةٌ دِرَاسِيَّةٌ,منحة دراسية,,5,both,lexical
data/raw/vedios-dataset/mosl_videos_dataset_Diverse/مِنْدِيلٌ.mp4,Diverse,مِنْدِيلٌ,منديل,,5,both,lexical
data/raw/vedios-dataset/mosl_videos_dataset_Diverse/مِنْشَارٌ سِلْسِلِيّ.mp4,Diverse,مِنْشَارٌ سِلْسِلِيّ,منشار سلسلي,,4,both,lexical
data/raw/vedios-dataset/mosl_videos_dataset_Diverse/مِنْظَارٌ.mp4,Diverse,مِنْظَارٌ,منظار,,5,both,lexical
data/raw/vedios-dataset/mosl_videos_dataset_Diverse/مِنْفَضَةُ السَّجَائِرِ.mp4,Diverse,مِنْفَضَةُ السَّجَائِرِ,منفضة السجائر,,5,both,lexical
data/raw/vedios-dataset/mosl_videos_dataset_Diverse/مِنْقَارٌ.mp4,Diverse,مِنْقَارٌ,منقار,,6,right,lexical
data/raw/vedios-dataset/mosl_videos_dataset_Diverse/مِهْرَجَانٌ.mp4,Diverse,مِهْرَجَانٌ,مهرجان,,0,left,lexical
data/raw/vedios-dataset/mosl_videos_dataset_Diverse/مِيكَانِيكِيٌّ.mp4,Diverse,مِيكَانِيكِيٌّ,ميكانيكي,,5,both,lexical
data/raw/vedios-dataset/mosl_videos_dataset_Diverse/مِينَاءٌ.mp4,Diverse,مِينَاءٌ,ميناء,,5,both,lexical
data/raw/vedios-dataset/mosl_videos_dataset_Diverse/مِئَةُ دِرْهَمٍ.mp4,Diverse,مِئَةُ دِرْهَمٍ,مئة درهم,,7,right,lexical
data/raw/vedios-dataset/mosl_videos_dataset_Diverse/نَادَى (إِشَارَة 1).mp4,Diverse,نَادَى,نادى,1,3,right,lexical
data/raw/vedios-dataset/mosl_videos_dataset_Diverse/نَادَى (إِشَارَة 2).mp4,Diverse,نَادَى,نادى,2,6,right,lexical
data/raw/vedios-dataset/mosl_videos_dataset_Diverse/نَادَى (إِشَارَة 3).mp4,Diverse,نَادَى,نادى,3,1,both,lexical
data/raw/vedios-dataset/mosl_videos_dataset_Diverse/نَادِي (إِشَارَة 1).mp4,Diverse,نَادِي,نادي,1,5,both,lexical
data/raw/vedios-dataset/mosl_videos_dataset_Diverse/نَادِي (إِشَارَة 2).mp4,Diverse,نَادِي,نادي,2,0,both,lexical
data/raw/vedios-dataset/mosl_videos_dataset_Diverse/نَاسٌ (إِشَارَة 1).mp4,Diverse,نَاسٌ,ناس,1,6,right,lexical
data/raw/vedios-dataset/mosl_videos_dataset_Diverse/نَاعِمٌ.mp4,Diverse,نَاعِمٌ,ناعم,,3,right,lexical
data/raw/vedios-dataset/mosl_videos_dataset_Diverse/نَافُورَةٌ.mp4,Diverse,نَافُورَةٌ,نافورة,,5,both,lexical
data/raw/vedios-dataset/mosl_videos_dataset_Diverse/نَافِذَةٌ.mp4,Diverse,نَافِذَةٌ,نافذة,,0,left,lexical
data/raw/vedios-dataset/mosl_videos_dataset_Diverse/نَاقَةٌ.mp4,Diverse,نَاقَةٌ,ناقة,,0,both,lexical
data/raw/vedios-dataset/mosl_videos_dataset_Diverse/نَاقَشَ (إِشَارَة 1).mp4,Diverse,نَاقَشَ,ناقش,1,0,both,lexical
data/raw/vedios-dataset/mosl_videos_dataset_Diverse/نَاقَشَ (إِشَارَة 2).mp4,Diverse,نَاقَشَ,ناقش,2,1,both,lexical
data/raw/vedios-dataset/mosl_videos_dataset_Diverse/نَاقِص.mp4,Diverse,نَاقِص,ناقص,,6,right,lexical
data/raw/vedios-dataset/mosl_videos_dataset_Diverse/نَبَاتٌ.mp4,Diverse,نَبَاتٌ,نبات,,5,both,lexical
data/raw/vedios-dataset/mosl_videos_dataset_Diverse/نَبَتَ.mp4,Diverse,نَبَتَ,نبت,,0,both,lexical
data/raw/vedios-dataset/mosl_videos_dataset_Diverse/نَتِنٌ (إِشَارَة 1).mp4,Diverse,نَتِنٌ,نتن,1,3,right,lexical
data/raw/vedios-dataset/mosl_videos_dataset_Diverse/نَتِنٌ (إِشَارَة 2).mp4,Diverse,نَتِنٌ,نتن,2,1,right,lexical
data/raw/vedios-dataset/mosl_videos_dataset_Diverse/نَجْدَةٌ.mp4,Diverse,نَجْدَةٌ,نجدة,,1,both,lexical
data/raw/vedios-dataset/mosl_videos_dataset_Diverse/نَجْمٌ (إِشَارَة 1).mp4,Diverse,نَجْمٌ,نجم,1,0,both,lexical
data/raw/vedios-dataset/mosl_videos_dataset_Diverse/نَحِيفٌ (إِشَارَة 1).mp4,Diverse,نَحِيفٌ,نحيف,1,3,right,lexical
data/raw/vedios-dataset/mosl_videos_dataset_Diverse/نَحِيفٌ (إِشَارَة 2).mp4,Diverse,نَحِيفٌ,نحيف,2,2,both,lexical
data/raw/vedios-dataset/mosl_videos_dataset_Diverse/نَحِيفٌ (إِشَارَة 3).mp4,Diverse,نَحِيفٌ,نحيف,3,3,right,lexical
data/raw/vedios-dataset/mosl_videos_dataset_Diverse/نَحْلَةٌ (إِشَارَة 1).mp4,Diverse,نَحْلَةٌ,نحلة,1,5,both,lexical
data/raw/vedios-dataset/mosl_videos_dataset_Diverse/نَخْلَةٌ.mp4,Diverse,نَخْلَةٌ,نخلة,,6,both,lexical
data/raw/vedios-dataset/mosl_videos_dataset_Diverse/نَدىً.mp4,Diverse,نَدىً,ندى,,0,both,lexical
data/raw/vedios-dataset/mosl_videos_dataset_Diverse/نَدِمَ.mp4,Diverse,نَدِمَ,ندم,,6,right,lexical
data/raw/vedios-dataset/mosl_videos_dataset_Diverse/نَزَلَ.mp4,Diverse,نَزَلَ,نزل,,5,both,lexical
data/raw/vedios-dataset/mosl_videos_dataset_Diverse/نَزْعُ الْأَسْنَانِ.mp4,Diverse,نَزْعُ الْأَسْنَانِ,نزع الأسنان,,3,right,lexical
data/raw/vedios-dataset/mosl_videos_dataset_Diverse/نَسَخَ.mp4,Diverse,نَسَخَ,نسخ,,5,both,lexical
data/raw/vedios-dataset/mosl_videos_dataset_Diverse/نَسِيَ (إِشَارَة 1).mp4,Diverse,نَسِيَ,نسي,1,6,right,lexical
data/raw/vedios-dataset/mosl_videos_dataset_Diverse/نَسِيَ (إِشَارَة 2).mp4,Diverse,نَسِيَ,نسي,2,2,both,lexical
data/raw/vedios-dataset/mosl_videos_dataset_Diverse/نَشَاطٌ.mp4,Diverse,نَشَاطٌ,نشاط,,0,both,lexical
data/raw/vedios-dataset/mosl_videos_dataset_Diverse/نَشِيدٌ وَطَنِيٌّ.mp4,Diverse,نَشِيدٌ وَطَنِيٌّ,نشيد وطني,,3,right,lexical
data/raw/vedios-dataset/mosl_videos_dataset_Diverse/نَصَحَ (إِشَارَة 1).mp4,Diverse,نَصَحَ,نصح,1,0,both,lexical
data/raw/vedios-dataset/mosl_videos_dataset_Diverse/نَصَحَ (إِشَارَة 2).mp4,Diverse,نَصَحَ,نصح,2,0,both,lexical
data/raw/vedios-dataset/mosl_videos_dataset_Diverse/نَصَحَ (إِشَارَة 3).mp4,Diverse,نَصَحَ,نصح,3,1,both,lexical
data/raw/vedios-dataset/mosl_videos_dataset_Diverse/نَصَحَ (إِشَارَة 4).mp4,Diverse,نَصَحَ,نصح,4,1,both,lexical
data/raw/vedios-dataset/mosl_videos_dataset_Diverse/نَظَرَ (إِشَارَة 1).mp4,Diverse,نَظَرَ,نظر,1,6,right,lexical
data/raw/vedios-dataset/mosl_videos_dataset_Diverse/نَظَرَ (إِشَارَة 2).mp4,Diverse,نَظَرَ,نظر,2,2,right,lexical
data/raw/vedios-dataset/mosl_videos_dataset_Diverse/نَظَّارَةٌ.mp4,Diverse,نَظَّارَةٌ,نظارة,,5,both,lexical
data/raw/vedios-dataset/mosl_videos_dataset_Diverse/نَظِيفٌ (إِشَارَة 1).mp4,Diverse,نَظِيفٌ,نظيف,1,5,both,lexical
data/raw/vedios-dataset/mosl_videos_dataset_Diverse/نَظِيفٌ (إِشَارَة 2).mp4,Diverse,نَظِيفٌ,نظيف,2,1,both,lexical
data/raw/vedios-dataset/mosl_videos_dataset_Diverse/نَعَامَةٌ.mp4,Diverse,نَعَامَةٌ,نعامة,,5,both,lexical
data/raw/vedios-dataset/mosl_videos_dataset_Diverse/نَعَمْ.mp4,Diverse,نَعَمْ,نعم,,3,right,lexical
data/raw/vedios-dataset/mosl_videos_dataset_Diverse/نَعْجَةٌ.mp4,Diverse,نَعْجَةٌ,نعجة,,0,both,lexical
data/raw/vedios-dataset/mosl_videos_dataset_Diverse/نَعْلٌ (إِشَارَة 1).mp4,Diverse,نَعْلٌ,نعل,1,5,both,lexical
data/raw/vedios-dataset/mosl_videos_dataset_Diverse/نَفَقٌ.mp4,Diverse,نَفَقٌ,نفق,,5,both,lexical
data/raw/vedios-dataset/mosl_videos_dataset_Diverse/نَقَابَةٌ.mp4,Diverse,نَقَابَةٌ,نقابة,,0,both,lexical
data/raw/vedios-dataset/mosl_videos_dataset_Diverse/نَقَانِقُ.mp4,Diverse,نَقَانِقُ,نقانق,,5,left,lexical
data/raw/vedios-dataset/mosl_videos_dataset_Diverse/نَمِرٌ (إِشَارَة 1).mp4,Diverse,نَمِرٌ,نمر,1,0,both,lexical
data/raw/vedios-dataset/mosl_videos_dataset_Diverse/نَمِيمَةٌ.mp4,Diverse,نَمِيمَةٌ,نميمة,,5,both,lexical
data/raw/vedios-dataset/mosl_videos_dataset_Diverse/نَمْلَةٌ (إِشَارَة 1).mp4,Diverse,نَمْلَةٌ,نملة,1,0,both,lexical
data/raw/vedios-dataset/mosl_videos_dataset_Diverse/نَهَارٌ (إِشَارَة 1).mp4,Diverse,نَهَارٌ,نهار,1,0,both,lexical
data/raw/vedios-dataset/mosl_videos_dataset_Diverse/نَهْرٌ.mp4,Diverse,نَهْرٌ,نهر,,5,both,lexical
data/raw/vedios-dataset/mosl_videos_dataset_Diverse/نَوْمٌ (إِشَارَة 1).mp4,Diverse,نَوْمٌ,نوم,1,5,both,lexical
data/raw/vedios-dataset/mosl_videos_dataset_Diverse/نَوْمٌ (إِشَارَة 2).mp4,Diverse,نَوْمٌ,نوم,2,5,both,lexical
data/raw/vedios-dataset/mosl_videos_dataset_Diverse/نَيْزَكٌ.mp4,Diverse,نَيْزَكٌ,نيزك,,4,both,lexical
data/raw/vedios-dataset/mosl_videos_dataset_Diverse/نُفَايَةٌ (إِشَارَة 1).mp4,Diverse,نُفَايَةٌ,نفاية,1,5,both,lexical
data/raw/vedios-dataset/mosl_videos_dataset_Diverse/نُفَايَةٌ (إِشَارَة 2).mp4,Diverse,نُفَايَةٌ,نفاية,2,5,both,lexical
data/raw/vedios-dataset/mosl_videos_dataset_Diverse/نُقُودٌ.mp4,Diverse,نُقُودٌ,نقود,,6,right,lexical
data/raw/vedios-dataset/mosl_videos_dataset_Diverse/نُقْطَةٌ (إِشَارَة 1).mp4,Diverse,نُقْطَةٌ,نقطة,1,5,both,lexical
data/raw/vedios-dataset/mosl_videos_dataset_Diverse/نُقْطَةُ نِظَامٍ.mp4,Diverse,نُقْطَةُ نِظَامٍ,نقطة نظام,,0,both,lexical
data/raw/vedios-dataset/mosl_videos_dataset_Diverse/نُقْطَتَان.mp4,Diverse,نُقْطَتَان,نقطتان,,6,right,lexical
data/raw/vedios-dataset/mosl_videos_dataset_Diverse/نُوحٌ عَلَيْهِ السَّلاَمُ.mp4,Diverse,نُوحٌ عَلَيْهِ السَّلاَمُ,نوح عليه السلام,,0,both,lexical
data/raw/vedios-dataset/mosl_videos_dataset_Diverse/نِسْبَةٌ مِئَوِيَّةٌ (إِشَارَة 1).mp4,Diverse,نِسْبَةٌ مِئَوِيَّةٌ,نسبة مئوية,1,3,right,lexical
data/raw/vedios-dataset/mosl_videos_dataset_Diverse/نِسْبَةٌ مِئَوِيَّةٌ (إِشَارَة 2).mp4,Diverse,نِسْبَةٌ مِئَوِيَّةٌ,نسبة مئوية,2,1,both,lexical
data/raw/vedios-dataset/mosl_videos_dataset_Diverse/نِصْفٌ (إِشَارَة 1).mp4,Diverse,نِصْفٌ,نصف,1,5,both,lexical
data/raw/vedios-dataset/mosl_videos_dataset_Diverse/نِصْفٌ (إِشَارَة 2).mp4,Diverse,نِصْفٌ,نصف,2,2,both,lexical
data/raw/vedios-dataset/mosl_videos_dataset_Diverse/نِصْفُ دَاخِلِي.mp4,Diverse,نِصْفُ دَاخِلِي,نصف داخلي,,5,both,lexical
data/raw/vedios-dataset/mosl_videos_dataset_Diverse/نِصْفُ دَائِرَةٍ (إِشَارَة 1).mp4,Diverse,نِصْفُ دَائِرَةٍ,نصف دائرة,1,0,both,lexical
data/raw/vedios-dataset/mosl_videos_dataset_Diverse/نِصْفُ دَائِرَةٍ (إِشَارَة 2).mp4,Diverse,نِصْفُ دَائِرَةٍ,نصف دائرة,2,1,both,lexical
data/raw/vedios-dataset/mosl_videos_dataset_Diverse/نِظَامٌ (إِشَارَة 1).mp4,Diverse,نِظَامٌ,نظام,1,2,both,lexical
data/raw/vedios-dataset/mosl_videos_dataset_Diverse/نِظَامٌ (إِشَارَة 2).mp4,Diverse,نِظَامٌ,نظام,2,2,both,lexical
data/raw/vedios-dataset/mosl_videos_dataset_Diverse/نِظَامٌ (إِشَارَة 3).mp4,Diverse,نِظَامٌ,نظام,3,1,both,lexical
data/raw/vedios-dataset/mosl_videos_dataset_Diverse/نِهَايَة (إِشَارَة 1).mp4,Diverse,نِهَايَة,نهاية,1,0,both,lexical
data/raw/vedios-dataset/mosl_videos_dataset_Diverse/نِهَايَة (إِشَارَة 2).mp4,Diverse,نِهَايَة,نهاية,2,0,both,lexical
data/raw/vedios-dataset/mosl_videos_dataset_Diverse/نْيُويُورْك.mp4,Diverse,نْيُويُورْك,نيويورك,,5,both,lexical
data/raw/vedios-dataset/mosl_videos_dataset_Diverse/هَاتِفٌ نَقَّالٌ.mp4,Diverse,هَاتِفٌ نَقَّالٌ,هاتف نقال,,6,right,lexical
data/raw/vedios-dataset/mosl_videos_dataset_Diverse/هَاتِفٌ.mp4,Diverse,هَاتِفٌ,هاتف,,0,both,lexical
data/raw/vedios-dataset/mosl_videos_dataset_Diverse/هَامْبُرْغَر.mp4,Diverse,هَامْبُرْغَر,هامبرغر,,0,both,lexical
data/raw/vedios-dataset/mosl_videos_dataset_Diverse/هَبَّ (إِشَارَة 1).mp4,Diverse,هَبَّ,هب,1,0,both,lexical
data/raw/vedios-dataset/mosl_videos_dataset_Diverse/هَبَّ (إِشَارَة 2).mp4,Diverse,هَبَّ,هب,2,1,both,lexical
data/raw/vedios-dataset/mosl_videos_dataset_Diverse/هَدِيَّةٌ (إِشَارَة 1).mp4,Diverse,هَدِيَّةٌ,هدية,1,5,both,lexical
data/raw/vedios-dataset/mosl_videos_dataset_Diverse/هَدِيَّةٌ (إِشَارَة 2).mp4,Diverse,هَدِيَّةٌ,هدية,2,4,left,lexical
data/raw/vedios-dataset/mosl_videos_dataset_Diverse/هَدِيَّةٌ (إِشَارَة 3).mp4,Diverse,هَدِيَّةٌ,هدية,3,5,both,lexical
data/raw/vedios-dataset/mosl_videos_dataset_Diverse/هَذَا (إِشَارَة 1).mp4,Diverse,هَذَا,هذا,1,6,right,lexical
data/raw/vedios-dataset/mosl_videos_dataset_Diverse/هَذَا (إِشَارَة 2).mp4,Diverse,هَذَا,هذا,2,2,right,lexical
data/raw/vedios-dataset/mosl_videos_dataset_Diverse/هَذِهِ (إِشَارَة 1).mp4,Diverse,هَذِهِ,هذه,1,6,right,lexical
data/raw/vedios-dataset/mosl_videos_dataset_Diverse/هَذِهِ (إِشَارَة 2).mp4,Diverse,هَذِهِ,هذه,2,2,right,lexical
data/raw/vedios-dataset/mosl_videos_dataset_Diverse/هَرَبَ.mp4,Diverse,هَرَبَ,هرب,,5,both,lexical
data/raw/vedios-dataset/mosl_videos_dataset_Diverse/هَرْمُونِيكَا.mp4,Diverse,هَرْمُونِيكَا,هرمونيكا,,0,left,lexical
data/raw/vedios-dataset/mosl_videos_dataset_Diverse/هَشٌّ.mp4,Diverse,هَشٌّ,هش,,0,both,lexical
data/raw/vedios-dataset/mosl_videos_dataset_Diverse/هَضَبَةٌ (إِشَارَة 1).mp4,Diverse,هَضَبَةٌ,هضبة,1,0,right,lexical
data/raw/vedios-dataset/mosl_videos_dataset_Diverse/هَضَبَةٌ (إِشَارَة 2).mp4,Diverse,هَضَبَةٌ,هضبة,2,1,both,lexical
data/raw/vedios-dataset/mosl_videos_dataset_Diverse/هَكَذَا.mp4,Diverse,هَكَذَا,هكذا,,6,right,lexical
data/raw/vedios-dataset/mosl_videos_dataset_Diverse/هَلْ (إِشَارَة 1).mp4,Diverse,هَلْ,هل,1,5,both,lexical
data/raw/vedios-dataset/mosl_videos_dataset_Diverse/هَلْ (إِشَارَة 2).mp4,Diverse,هَلْ,هل,2,7,right,lexical
data/raw/vedios-dataset/mosl_videos_dataset_Diverse/هَوَاءٌ.mp4,Diverse,هَوَاءٌ,هواء,,0,left,lexical
data/raw/vedios-dataset/mosl_videos_dataset_Diverse/هَوَائِيٌّ.mp4,Diverse,هَوَائِيٌّ,هوائي,,0,both,lexical
data/raw/vedios-dataset/mosl_videos_dataset_Diverse/هَيَّأَ.mp4,Diverse,هَيَّأَ,هيأ,,5,both,lexical
data/raw/vedios-dataset/mosl_videos_dataset_Diverse/هَيْكَلٌ عَظْمِي (إِشَارَة 1).mp4,Diverse,هَيْكَلٌ عَظْمِي,هيكل عظمي,1,0,both,lexical
data/raw/vedios-dataset/mosl_videos_dataset_Diverse/هَيْكَلٌ عَظْمِي (إِشَارَة 2).mp4,Diverse,هَيْكَلٌ عَظْمِي,هيكل عظمي,2,1,both,lexical
data/raw/vedios-dataset/mosl_videos_dataset_Diverse/هُرَيْرَةٌ.mp4,Diverse,هُرَيْرَةٌ,هريرة,,0,both,lexical
data/raw/vedios-dataset/mosl_videos_dataset_Diverse/هُنَا (إِشَارَة 1).mp4,Diverse,هُنَا,هنا,1,6,right,lexical
data/raw/vedios-dataset/mosl_videos_dataset_Diverse/هُنَا (إِشَارَة 2).mp4,Diverse,هُنَا,هنا,2,2,left,lexical
data/raw/vedios-dataset/mosl_videos_dataset_Diverse/هُنَاكَ.mp4,Diverse,هُنَاكَ,هناك,,6,right,lexical
data/raw/vedios-dataset/mosl_videos_dataset_Diverse/هُولَنْدَا.mp4,Diverse,هُولَنْدَا,هولندا,,5,left,lexical
data/raw/vedios-dataset/mosl_videos_dataset_Diverse/هِلَالِيَّةٌ.mp4,Diverse,هِلَالِيَّةٌ,هلالية,,5,both,lexical
data/raw/vedios-dataset/mosl_videos_dataset_Diverse/وَاجِبٌ.mp4,Diverse,وَاجِبٌ,واجب,,2,left,lexical
data/raw/vedios-dataset/mosl_videos_dataset_Diverse/وَاسَى.mp4,Diverse,وَاسَى,واسى,,5,both,lexical
data/raw/vedios-dataset/mosl_videos_dataset_Diverse/وَاسِعٌ.mp4,Diverse,وَاسِعٌ,واسع,,0,both,lexical
data/raw/vedios-dataset/mosl_videos_dataset_Diverse/وَاشِنْطُن.mp4,Diverse,وَاشِنْطُن,واشنطن,,6,right,lexical
data/raw/vedios-dataset/mosl_videos_dataset_Diverse/وَافَقَ.mp4,Diverse,وَافَقَ,وافق,,5,both,lexical
data/raw/vedios-dataset/mosl_videos_dataset_Diverse/وَالٍ.mp4,Diverse,وَالٍ,وال,,0,both,lexical
data/raw/vedios-dataset/mosl_videos_dataset_Diverse/وَجَدَ.mp4,Diverse,وَجَدَ,وجد,,4,both,lexical
data/raw/vedios-dataset/mosl_videos_dataset_Diverse/وَجْدَة.mp4,Diverse,وَجْدَة,وجدة,,0,both,lexical
data/raw/vedios-dataset/mosl_videos_dataset_Diverse/وَجْهٌ.mp4,Diverse,وَجْهٌ,وجه,,6,right,lexical
data/raw/vedios-dataset/mosl_videos_dataset_Diverse/وَحِيدٌ (إِشَارَة 1).mp4,Diverse,وَحِيدٌ,وحيد,1,6,right,lexical
data/raw/vedios-dataset/mosl_videos_dataset_Diverse/وَحِيدُ الْقَرْنِ.mp4,Diverse,وَحِيدُ الْقَرْنِ,وحيد القرن,,6,right,lexical
data/raw/vedios-dataset/mosl_videos_dataset_Diverse/وَدَاعٌ.mp4,Diverse,وَدَاعٌ,وداع,,6,right,lexical
data/raw/vedios-dataset/mosl_videos_dataset_Diverse/وَرَقَةٌ (إِشَارَة 1).mp4,Diverse,وَرَقَةٌ,ورقة,1,5,both,lexical
data/raw/vedios-dataset/mosl_videos_dataset_Diverse/وَزَّان.mp4,Diverse,وَزَّان,وزان,,5,both,lexical
data/raw/vedios-dataset/mosl_videos_dataset_Diverse/وَزَّعَ (إِشَارَة 1).mp4,Diverse,وَزَّعَ,وزع,1,0,both,lexical
data/raw/vedios-dataset/mosl_videos_dataset_Diverse/وَزَّعَ (إِشَارَة 2).mp4,Diverse,وَزَّعَ,وزع,2,1,both,lexical
data/raw/vedios-dataset/mosl_videos_dataset_Diverse/وَزِيرٌ.mp4,Diverse,وَزِيرٌ,وزير,,0,both,lexical
data/raw/vedios-dataset/mosl_videos_dataset_Diverse/وَصَلَ (إِشَارَة 1).mp4,Diverse,وَصَلَ,وصل,1,0,both,lexical
data/raw/vedios-dataset/mosl_videos_dataset_Diverse/وَصْفَةٌ طِبِّيَّةٌ.mp4,Diverse,وَصْفَةٌ طِبِّيَّةٌ,وصفة طبية,,0,both,lexical
data/raw/vedios-dataset/mosl_videos_dataset_Diverse/وَضَعَ.mp4,Diverse,وَضَعَ,وضع,,5,both,lexical
data/raw/vedios-dataset/mosl_videos_dataset_Diverse/وَطَنٌ.mp4,Diverse,وَطَنٌ,وطن,,5,both,lexical
data/raw/vedios-dataset/mosl_videos_dataset_Diverse/وَقَفَ.mp4,Diverse,وَقَفَ,وقف,,5,both,lexical
data/raw/vedios-dataset/mosl_videos_dataset_Diverse/وَقْتٌ.mp4,Diverse,وَقْتٌ,وقت,,5,both,lexical
data/raw/vedios-dataset/mosl_videos_dataset_Diverse/وِزَارَةُ التَّشْغِيلِ.mp4,Diverse,وِزَارَةُ التَّشْغِيلِ,وزارة التشغيل,,5,left,lexical
data/raw/vedios-dataset/mosl_videos_dataset_Diverse/وِزَارَةُ الشَّبِيبَةِ وَالرِّيَاضَةِ.mp4,Diverse,وِزَارَةُ الشَّبِيبَةِ وَالرِّيَاضَةِ,وزارة الشبيبة والرياضة,,5,both,lexical
data/raw/vedios-dataset/mosl_videos_dataset_Diverse/وِزَارَةُ الْإِسْكَانِ.mp4,Diverse,وِزَارَةُ الْإِسْكَانِ,وزارة الإسكان,,5,both,lexical
data/raw/vedios-dataset/mosl_videos_dataset_Diverse/وِزَارَةُ الْعَدْلِ.mp4,Diverse,وِزَارَةُ الْعَدْلِ,وزارة العدل,,0,both,lexical
data/raw/vedios-dataset/mosl_videos_dataset_Diverse/وِزَارَةُ الْمَالِيَّةِ.mp4,Diverse,وِزَارَةُ الْمَالِيَّةِ,وزارة المالية,,5,both,lexical
data/raw/vedios-dataset/mosl_videos_dataset_Diverse/وِزَاَرَةٌ (إِشَارَة 1).mp4,Diverse,وِزَاَرَةٌ,وزارة,1,5,both,lexical
data/raw/vedios-dataset/mosl_videos_dataset_Diverse/وِسَادَةٌ.mp4,Diverse,وِسَادَةٌ,وسادة,,0,left,lexical
data/raw/vedios-dataset/mosl_videos_dataset_Diverse/وِسَامٌ.mp4,Diverse,وِسَامٌ,وسام,,3,right,lexical
data/raw/vedios-dataset/mosl_videos_dataset_Diverse/وِشَاحٌ.mp4,Diverse,وِشَاحٌ,وشاح,,0,both,lexical
data/raw/vedios-dataset/mosl_videos_dataset_Diverse/وِعَاءٌ.mp4,Diverse,وِعَاءٌ,وعاء,,5,both,lexical
data/raw/vedios-dataset/mosl_videos_dataset_Diverse/وِلاَدَةٌ (إِشَارَة 1).mp4,Diverse,وِلاَدَةٌ,ولادة,1,6,both,lexical
data/raw/vedios-dataset/mosl_videos_dataset_Diverse/وِلاَدَةٌ (إِشَارَة 2).mp4,Diverse,وِلاَدَةٌ,ولادة,2,1,right,lexical
data/raw/vedios-dataset/mosl_videos_dataset_Diverse/يَدٌ.mp4,Diverse,يَدٌ,يد,,5,both,lexical
data/raw/vedios-dataset/mosl_videos_dataset_Diverse/يَدَوِيٌّ.mp4,Diverse,يَدَوِيٌّ,يدوي,,0,both,lexical
data/raw/vedios-dataset/mosl_videos_dataset_Diverse/يَوْمٌ (إِشَارَة 1).mp4,Diverse,يَوْمٌ,يوم,1,6,right,lexical
data/raw/vedios-dataset/mosl_videos_dataset_Diverse/يَوْمٌ (إِشَارَة 2).mp4,Diverse,يَوْمٌ,يوم,2,5,both,lexical
data/raw/vedios-dataset/mosl_videos_dataset_Diverse/يَوْمٌ (إِشَارَة 3).mp4,Diverse,يَوْمٌ,يوم,3,5,both,lexical
data/raw/vedios-dataset/mosl_videos_dataset_Diverse/يَوْمِيَّةٌ (إِشَارَة 1).mp4,Diverse,يَوْمِيَّةٌ,يومية,1,5,both,lexical
data/raw/vedios-dataset/mosl_videos_dataset_Diverse/يَوْمِيَّةٌ (إِشَارَة 2).mp4,Diverse,يَوْمِيَّةٌ,يومية,2,1,both,lexical
data/raw/vedios-dataset/mosl_videos_dataset_Diverse/يُورُو.mp4,Diverse,يُورُو,يورو,,5,both,lexical
data/raw/vedios-dataset/mosl_videos_dataset_Diverse/يُونُسُ عَلَيْهِ السَّلاَمُ.mp4,Diverse,يُونُسُ عَلَيْهِ السَّلاَمُ,يونس عليه السلام,,6,right,lexical
data/raw/vedios-dataset/mosl_videos_dataset_Diverse/ً (إِشَارَة 1).mp4,Diverse,ً,,1,5,left,lexical
data/raw/vedios-dataset/mosl_videos_dataset_Diverse/ً (إِشَارَة 2).mp4,Diverse,ً,,2,1,both,lexical
data/raw/vedios-dataset/mosl_videos_dataset_Diverse/ٌ (إِشَارَة 1).mp4,Diverse,ٌ,,1,6,right,lexical
data/raw/vedios-dataset/mosl_videos_dataset_Diverse/ٌ (إِشَارَة 2).mp4,Diverse,ٌ,,2,6,right,lexical
data/raw/vedios-dataset/mosl_videos_dataset_Diverse/ٍ.mp4,Diverse,ٍ,,,5,both,lexical
data/raw/vedios-dataset/mosl_videos_dataset_Diverse/َ.mp4,Diverse,َ,,,5,both,lexical
data/raw/vedios-dataset/mosl_videos_dataset_Diverse/ُ (إِشَارَة 1).mp4,Diverse,ُ,,1,6,right,lexical
data/raw/vedios-dataset/mosl_videos_dataset_Diverse/ُ (إِشَارَة 2).mp4,Diverse,ُ,,2,3,right,lexical
data/raw/vedios-dataset/mosl_videos_dataset_Diverse/ُ (إِشَارَة 3).mp4,Diverse,ُ,,3,1,both,lexical
data/raw/vedios-dataset/mosl_videos_dataset_Diverse/ِ.mp4,Diverse,ِ,,,5,both,lexical
data/raw/vedios-dataset/mosl_videos_dataset_Diverse/ّ (إِشَارَة 1).mp4,Diverse,ّ,,1,5,both,lexical
data/raw/vedios-dataset/mosl_videos_dataset_Diverse/ّ (إِشَارَة 2).mp4,Diverse,ّ,,2,1,both,lexical
data/raw/vedios-dataset/mosl_videos_dataset_Diverse/ْ (إِشَارَة 1).mp4,Diverse,ْ,,1,6,right,lexical
data/raw/vedios-dataset/mosl_videos_dataset_Diverse/ْ (إِشَارَة 2).mp4,Diverse,ْ,,2,3,right,lexical
data/raw/vedios-dataset/mosl_videos_dataset_Diverse/ْ (إِشَارَة 4).mp4,Diverse,ْ,,4,5,right,lexical
data/raw/vedios-dataset/mosl_videos_dataset_Letters/ء (إِشَارَة 1).mp4,Letters,ء,ء,1,6,right,fingerspelling
data/raw/vedios-dataset/mosl_videos_dataset_Letters/ء (إِشَارَة 2).mp4,Letters,ء,ء,2,4,both,fingerspelling
data/raw/vedios-dataset/mosl_videos_dataset_Letters/ء (إِشَارَة 3).mp4,Letters,ء,ء,3,5,right,fingerspelling
data/raw/vedios-dataset/mosl_videos_dataset_Letters/ا.mp4,Letters,ا,ا,,6,right,fingerspelling
data/raw/vedios-dataset/mosl_videos_dataset_Letters/ال.mp4,Letters,ال,ال,,6,right,fingerspelling
data/raw/vedios-dataset/mosl_videos_dataset_Letters/آ (إِشَارَة 1).mp4,Letters,آ,آ,1,-1,right,fingerspelling
data/raw/vedios-dataset/mosl_videos_dataset_Letters/آ (إِشَارَة 2).mp4,Letters,آ,آ,2,-1,right,fingerspelling
data/raw/vedios-dataset/mosl_videos_dataset_Letters/آ (إِشَارَة 3).mp4,Letters,آ,آ,3,-1,right,fingerspelling
data/raw/vedios-dataset/mosl_videos_dataset_Letters/أ (إِشَارَة 1).mp4,Letters,أ,أ,1,-1,right,fingerspelling
data/raw/vedios-dataset/mosl_videos_dataset_Letters/أ (إِشَارَة 2).mp4,Letters,أ,أ,2,-1,right,fingerspelling
data/raw/vedios-dataset/mosl_videos_dataset_Letters/إ (إِشَارَة 1).mp4,Letters,إ,إ,1,-1,right,fingerspelling
data/raw/vedios-dataset/mosl_videos_dataset_Letters/إ (إِشَارَة 2).mp4,Letters,إ,إ,2,-1,right,fingerspelling
data/raw/vedios-dataset/mosl_videos_dataset_Letters/ب (إِشَارَة 1).mp4,Letters,ب,ب,1,3,right,fingerspelling
data/raw/vedios-dataset/mosl_videos_dataset_Letters/ب (إِشَارَة 2).mp4,Letters,ب,ب,2,4,right,fingerspelling
data/raw/vedios-dataset/mosl_videos_dataset_Letters/ة (إِشَارَة 1).mp4,Letters,ة,ة,1,3,right,fingerspelling
data/raw/vedios-dataset/mosl_videos_dataset_Letters/ة (إِشَارَة 2).mp4,Letters,ة,ة,2,5,right,fingerspelling
data/raw/vedios-dataset/mosl_videos_dataset_Letters/ت (إِشَارَة 1).mp4,Letters,ت,ت,1,6,right,fingerspelling
data/raw/vedios-dataset/mosl_videos_dataset_Letters/ت (إِشَارَة 2).mp4,Letters,ت,ت,2,4,both,fingerspelling
data/raw/vedios-dataset/mosl_videos_dataset_Letters/ج (إِشَارَة 1).mp4,Letters,ج,ج,1,6,right,fingerspelling
data/raw/vedios-dataset/mosl_videos_dataset_Letters/ج (إِشَارَة 2).mp4,Letters,ج,ج,2,7,right,fingerspelling
data/raw/vedios-dataset/mosl_videos_dataset_Letters/ج (إِشَارَة 3).mp4,Letters,ج,ج,3,4,both,fingerspelling
data/raw/vedios-dataset/mosl_videos_dataset_Letters/ح (إِشَارَة 1).mp4,Letters,ح,ح,1,6,right,fingerspelling
data/raw/vedios-dataset/mosl_videos_dataset_Letters/ح (إِشَارَة 2).mp4,Letters,ح,ح,2,7,right,fingerspelling
data/raw/vedios-dataset/mosl_videos_dataset_Letters/خ (إِشَارَة 1).mp4,Letters,خ,خ,1,6,right,fingerspelling
data/raw/vedios-dataset/mosl_videos_dataset_Letters/خ (إِشَارَة 2).mp4,Letters,خ,خ,2,7,right,fingerspelling
data/raw/vedios-dataset/mosl_videos_dataset_Letters/د.mp4,Letters,د,د,,6,right,fingerspelling
data/raw/vedios-dataset/mosl_videos_dataset_Letters/ذ.mp4,Letters,ذ,ذ,,3,right,fingerspelling
data/raw/vedios-dataset/mosl_videos_dataset_Letters/ر (إِشَارَة 1).mp4,Letters,ر,ر,1,6,right,fingerspelling
data/raw/vedios-dataset/mosl_videos_dataset_Letters/ر (إِشَارَة 2).mp4,Letters,ر,ر,2,1,both,fingerspelling
data/raw/vedios-dataset/mosl_videos_dataset_Letters/ر (إِشَارَة 3).mp4,Letters,ر,ر,3,5,both,fingerspelling
data/raw/vedios-dataset/mosl_videos_dataset_Letters/ز (إِشَارَة 1).mp4,Letters,ز,ز,1,6,right,fingerspelling
data/raw/vedios-dataset/mosl_videos_dataset_Letters/ز (إِشَارَة 2).mp4,Letters,ز,ز,2,7,right,fingerspelling
data/raw/vedios-dataset/mosl_videos_dataset_Letters/ز (إِشَارَة 3).mp4,Letters,ز,ز,3,1,right,fingerspelling
data/raw/vedios-dataset/mosl_videos_dataset_Letters/س (إِشَارَة 1).mp4,Letters,س,س,1,6,right,fingerspelling
data/raw/vedios-dataset/mosl_videos_dataset_Letters/س (إِشَارَة 2).mp4,Letters,س,س,2,7,right,fingerspelling
data/raw/vedios-dataset/mosl_videos_dataset_Letters/س (إِشَارَة 3).mp4,Letters,س,س,3,4,both,fingerspelling
data/raw/vedios-dataset/mosl_videos_dataset_Letters/ش (إِشَارَة 1).mp4,Letters,ش,ش,1,6,both,fingerspelling
data/raw/vedios-dataset/mosl_videos_dataset_Letters/ش (إِشَارَة 2).mp4,Letters,ش,ش,2,7,right,fingerspelling
data/raw/vedios-dataset/mosl_videos_dataset_Letters/ش (إِشَارَة 3).mp4,Letters,ش,ش,3,4,both,fingerspelling
data/raw/vedios-dataset/mosl_videos_dataset_Letters/ص.mp4,Letters,ص,ص,,6,right,fingerspelling
data/raw/vedios-dataset/mosl_videos_dataset_Letters/ض.mp4,Letters,ض,ض,,6,right,fingerspelling
data/raw/vedios-dataset/mosl_videos_dataset_Letters/ط (إِشَارَة 1).mp4,Letters,ط,ط,1,6,right,fingerspelling
data/raw/vedios-dataset/mosl_videos_dataset_Letters/ط (إِشَارَة 2).mp4,Letters,ط,ط,2,3,right,fingerspelling
data/raw/vedios-dataset/mosl_videos_dataset_Letters/ظ.mp4,Letters,ظ,ظ,,6,right,fingerspelling
data/raw/vedios-dataset/mosl_videos_dataset_Letters/ع.mp4,Letters,ع,ع,,6,right,fingerspelling
data/raw/vedios-dataset/mosl_videos_dataset_Letters/غ (إِشَارَة 1).mp4,Letters,غ,غ,1,4,left,fingerspelling
data/raw/vedios-dataset/mosl_videos_dataset_Letters/غ (إِشَارَة 2).mp4,Letters,غ,غ,2,3,right,fingerspelling
data/raw/vedios-dataset/mosl_videos_dataset_Letters/ف.mp4,Letters,ف,ف,,6,right,fingerspelling
data/raw/vedios-dataset/mosl_videos_dataset_Letters/ق.mp4,Letters,ق,ق,,3,right,fingerspelling
data/raw/vedios-dataset/mosl_videos_dataset_Letters/ك (إِشَارَة 1).mp4,Letters,ك,ك,1,6,right,fingerspelling
data/raw/vedios-dataset/mosl_videos_dataset_Letters/ك (إِشَارَة 2).mp4,Letters,ك,ك,2,4,both,fingerspelling
data/raw/vedios-dataset/mosl_videos_dataset_Letters/ل.mp4,Letters,ل,ل,,6,right,fingerspelling
data/raw/vedios-dataset/mosl_videos_dataset_Letters/لا (إِشَارَة 1).mp4,Letters,لا,لا,1,6,right,fingerspelling
data/raw/vedios-dataset/mosl_videos_dataset_Letters/لا (إِشَارَة 2).mp4,Letters,لا,لا,2,4,both,fingerspelling
data/raw/vedios-dataset/mosl_videos_dataset_Letters/لاَ.mp4,Letters,لاَ,لا,,3,right,fingerspelling
data/raw/vedios-dataset/mosl_videos_dataset_Letters/م (إِشَارَة 1).mp4,Letters,م,م,1,6,right,fingerspelling
data/raw/vedios-dataset/mosl_videos_dataset_Letters/م (إِشَارَة 2).mp4,Letters,م,م,2,7,right,fingerspelling
data/raw/vedios-dataset/mosl_videos_dataset_Letters/ن (إِشَارَة 1).mp4,Letters,ن,ن,1,6,right,fingerspelling
data/raw/vedios-dataset/mosl_videos_dataset_Letters/ن (إِشَارَة 2).mp4,Letters,ن,ن,2,7,right,fingerspelling
data/raw/vedios-dataset/mosl_videos_dataset_Letters/ن (إِشَارَة 3).mp4,Letters,ن,ن,3,4,right,fingerspelling
data/raw/vedios-dataset/mosl_videos_dataset_Letters/ن (إِشَارَة 4).mp4,Letters,ن,ن,4,5,right,fingerspelling
data/raw/vedios-dataset/mosl_videos_dataset_Letters/ه.mp4,Letters,ه,ه,,2,right,fingerspelling
data/raw/vedios-dataset/mosl_videos_dataset_Letters/و (إِشَارَة 1).mp4,Letters,و,و,1,3,right,fingerspelling
data/raw/vedios-dataset/mosl_videos_dataset_Letters/و (إِشَارَة 3).mp4,Letters,و,و,3,4,both,fingerspelling
data/raw/vedios-dataset/mosl_videos_dataset_Letters/ؤ.mp4,Letters,ؤ,ؤ,,-1,right,fingerspelling
data/raw/vedios-dataset/mosl_videos_dataset_Letters/ى.mp4,Letters,ى,ى,,6,right,fingerspelling
data/raw/vedios-dataset/mosl_videos_dataset_Letters/ي (إِشَارَة 1).mp4,Letters,ي,ي,1,6,right,fingerspelling
data/raw/vedios-dataset/mosl_videos_dataset_Letters/ي (إِشَارَة 2).mp4,Letters,ي,ي,2,7,right,fingerspelling
data/raw/vedios-dataset/mosl_videos_dataset_Letters/يَا (إِشَارَة 1).mp4,Letters,يَا,يا,1,7,right,fingerspelling
data/raw/vedios-dataset/mosl_videos_dataset_Letters/يَا (إِشَارَة 2).mp4,Letters,يَا,يا,2,1,both,fingerspelling
data/raw/vedios-dataset/mosl_videos_dataset_Letters/ئ.mp4,Letters,ئ,ئ,,-1,right,fingerspelling
data/raw/vedios-dataset/mosl_videos_dataset_Numbers/0 (إِشَارَة 1).mp4,Numbers,0,0,1,6,right,numeric
data/raw/vedios-dataset/mosl_videos_dataset_Numbers/0 (إِشَارَة 2).mp4,Numbers,0,0,2,6,right,numeric
data/raw/vedios-dataset/mosl_videos_dataset_Numbers/1.mp4,Numbers,1,1,,2,right,numeric
data/raw/vedios-dataset/mosl_videos_dataset_Numbers/10 (إِشَارَة 1).mp4,Numbers,10,10,1,4,left,numeric
data/raw/vedios-dataset/mosl_videos_dataset_Numbers/10 (إِشَارَة 2).mp4,Numbers,10,10,2,6,both,numeric
data/raw/vedios-dataset/mosl_videos_dataset_Numbers/10 (إِشَارَة 3).mp4,Numbers,10,10,3,2,right,numeric
data/raw/vedios-dataset/mosl_videos_dataset_Numbers/10 (إِشَارَة 4).mp4,Numbers,10,10,4,5,left,numeric
data/raw/vedios-dataset/mosl_videos_dataset_Numbers/100 (إِشَارَة 1).mp4,Numbers,100,100,1,2,right,numeric
data/raw/vedios-dataset/mosl_videos_dataset_Numbers/100 (إِشَارَة 2).mp4,Numbers,100,100,2,2,right,numeric
data/raw/vedios-dataset/mosl_videos_dataset_Numbers/1000 (إِشَارَة 1).mp4,Numbers,1000,1000,1,6,right,numeric
data/raw/vedios-dataset/mosl_videos_dataset_Numbers/1000 (إِشَارَة 2).mp4,Numbers,1000,1000,2,2,both,numeric
data/raw/vedios-dataset/mosl_videos_dataset_Numbers/1000 (إِشَارَة 3).mp4,Numbers,1000,1000,3,2,both,numeric
data/raw/vedios-dataset/mosl_videos_dataset_Numbers/10000 (إِشَارَة 1).mp4,Numbers,10000,10000,1,6,right,numeric
data/raw/vedios-dataset/mosl_videos_dataset_Numbers/10000 (إِشَارَة 2).mp4,Numbers,10000,10000,2,2,both,numeric
data/raw/vedios-dataset/mosl_videos_dataset_Numbers/10000 (إِشَارَة 3).mp4,Numbers,10000,10000,3,4,both,numeric
data/raw/vedios-dataset/mosl_videos_dataset_Numbers/100000 (إِشَارَة 1).mp4,Numbers,100000,100000,1,6,right,numeric
data/raw/vedios-dataset/mosl_videos_dataset_Numbers/100000 (إِشَارَة 2).mp4,Numbers,100000,100000,2,2,both,numeric
data/raw/vedios-dataset/mosl_videos_dataset_Numbers/100000 (إِشَارَة 3).mp4,Numbers,100000,100000,3,4,both,numeric
data/raw/vedios-dataset/mosl_videos_dataset_Numbers/1000000 (إِشَارَة 1).mp4,Numbers,1000000,1000000,1,5,both,numeric
data/raw/vedios-dataset/mosl_videos_dataset_Numbers/1000000 (إِشَارَة 2).mp4,Numbers,1000000,1000000,2,2,right,numeric
data/raw/vedios-dataset/mosl_videos_dataset_Numbers/1000000 (إِشَارَة 3).mp4,Numbers,1000000,1000000,3,6,right,numeric
data/raw/vedios-dataset/mosl_videos_dataset_Numbers/11 (إِشَارَة 1).mp4,Numbers,11,11,1,2,right,numeric
data/raw/vedios-dataset/mosl_videos_dataset_Numbers/11 (إِشَارَة 2).mp4,Numbers,11,11,2,6,right,numeric
data/raw/vedios-dataset/mosl_videos_dataset_Numbers/11 (إِشَارَة 3).mp4,Numbers,11,11,3,7,right,numeric
data/raw/vedios-dataset/mosl_videos_dataset_Numbers/11 (إِشَارَة 4).mp4,Numbers,11,11,4,2,right,numeric
data/raw/vedios-dataset/mosl_videos_dataset_Numbers/11 (إِشَارَة 5).mp4,Numbers,11,11,5,0,both,numeric
data/raw/vedios-dataset/mosl_videos_dataset_Numbers/12 (إِشَارَة 1).mp4,Numbers,12,12,1,3,right,numeric
data/raw/vedios-dataset/mosl_videos_dataset_Numbers/12 (إِشَارَة 2).mp4,Numbers,12,12,2,6,right,numeric
data/raw/vedios-dataset/mosl_videos_dataset_Numbers/12 (إِشَارَة 3).mp4,Numbers,12,12,3,6,right,numeric
data/raw/vedios-dataset/mosl_videos_dataset_Numbers/12 (إِشَارَة 4).mp4,Numbers,12,12,4,7,right,numeric
data/raw/vedios-dataset/mosl_videos_dataset_Numbers/12 (إِشَارَة 5).mp4,Numbers,12,12,5,0,both,numeric
data/raw/vedios-dataset/mosl_videos_dataset_Numbers/13 (إِشَارَة 1).mp4,Numbers,13,13,1,3,right,numeric
data/raw/vedios-dataset/mosl_videos_dataset_Numbers/13 (إِشَارَة 2).mp4,Numbers,13,13,2,6,right,numeric
data/raw/vedios-dataset/mosl_videos_dataset_Numbers/13 (إِشَارَة 3).mp4,Numbers,13,13,3,6,right,numeric
data/raw/vedios-dataset/mosl_videos_dataset_Numbers/13 (إِشَارَة 4).mp4,Numbers,13,13,4,2,right,numeric
data/raw/vedios-dataset/mosl_videos_dataset_Numbers/14 (إِشَارَة 1).mp4,Numbers,14,14,1,3,right,numeric
data/raw/vedios-dataset/mosl_videos_dataset_Numbers/14 (إِشَارَة 2).mp4,Numbers,14,14,2,6,right,numeric
data/raw/vedios-dataset/mosl_videos_dataset_Numbers/14 (إِشَارَة 3).mp4,Numbers,14,14,3,6,right,numeric
data/raw/vedios-dataset/mosl_videos_dataset_Numbers/14 (إِشَارَة 4).mp4,Numbers,14,14,4,7,right,numeric
data/raw/vedios-dataset/mosl_videos_dataset_Numbers/14 (إِشَارَة 5).mp4,Numbers,14,14,5,0,both,numeric
data/raw/vedios-dataset/mosl_videos_dataset_Numbers/15 (إِشَارَة 1).mp4,Numbers,15,15,1,5,both,numeric
data/raw/vedios-dataset/mosl_videos_dataset_Numbers/15 (إِشَارَة 2).mp4,Numbers,15,15,2,6,right,numeric
data/raw/vedios-dataset/mosl_videos_dataset_Numbers/15 (إِشَارَة 3).mp4,Numbers,15,15,3,6,right,numeric
data/raw/vedios-dataset/mosl_videos_dataset_Numbers/15 (إِشَارَة 4).mp4,Numbers,15,15,4,2,right,numeric
data/raw/vedios-dataset/mosl_videos_dataset_Numbers/15 (إِشَارَة 5).mp4,Numbers,15,15,5,0,both,numeric
data/raw/vedios-dataset/mosl_videos_dataset_Numbers/16 (إِشَارَة 1).mp4,Numbers,16,16,1,5,both,numeric
data/raw/vedios-dataset/mosl_videos_dataset_Numbers/16 (إِشَارَة 2).mp4,Numbers,16,16,2,6,right,numeric
data/raw/vedios-dataset/mosl_videos_dataset_Numbers/16 (إِشَارَة 3).mp4,Numbers,16,16,3,6,right,numeric
data/raw/vedios-dataset/mosl_videos_dataset_Numbers/16 (إِشَارَة 4).mp4,Numbers,16,16,4,2,both,numeric
data/raw/vedios-dataset/mosl_videos_dataset_Numbers/16 (إِشَارَة 5).mp4,Numbers,16,16,5,5,both,numeric
data/raw/vedios-dataset/mosl_videos_dataset_Numbers/16 (إِشَارَة 6).mp4,Numbers,16,16,6,0,both,numeric
data/raw/vedios-dataset/mosl_videos_dataset_Numbers/17 (إِشَارَة 1).mp4,Numbers,17,17,1,4,both,numeric
data/raw/vedios-dataset/mosl_videos_dataset_Numbers/17 (إِشَارَة 2).mp4,Numbers,17,17,2,6,right,numeric
data/raw/vedios-dataset/mosl_videos_dataset_Numbers/17 (إِشَارَة 3).mp4,Numbers,17,17,3,6,right,numeric
data/raw/vedios-dataset/mosl_videos_dataset_Numbers/17 (إِشَارَة 4).mp4,Numbers,17,17,4,2,left,numeric
data/raw/vedios-dataset/mosl_videos_dataset_Numbers/17 (إِشَارَة 5).mp4,Numbers,17,17,5,0,both,numeric
data/raw/vedios-dataset/mosl_videos_dataset_Numbers/17 (إِشَارَة 6).mp4,Numbers,17,17,6,0,both,numeric
data/raw/vedios-dataset/mosl_videos_dataset_Numbers/18 (إِشَارَة 1).mp4,Numbers,18,18,1,5,left,numeric
data/raw/vedios-dataset/mosl_videos_dataset_Numbers/18 (إِشَارَة 2).mp4,Numbers,18,18,2,6,right,numeric
data/raw/vedios-dataset/mosl_videos_dataset_Numbers/18 (إِشَارَة 3).mp4,Numbers,18,18,3,6,right,numeric
data/raw/vedios-dataset/mosl_videos_dataset_Numbers/18 (إِشَارَة 4).mp4,Numbers,18,18,4,2,both,numeric
data/raw/vedios-dataset/mosl_videos_dataset_Numbers/18 (إِشَارَة 5).mp4,Numbers,18,18,5,0,left,numeric
data/raw/vedios-dataset/mosl_videos_dataset_Numbers/18 (إِشَارَة 6).mp4,Numbers,18,18,6,0,both,numeric
data/raw/vedios-dataset/mosl_videos_dataset_Numbers/19 (إِشَارَة 1).mp4,Numbers,19,19,1,5,both,numeric
data/raw/vedios-dataset/mosl_videos_dataset_Numbers/19 (إِشَارَة 2).mp4,Numbers,19,19,2,6,right,numeric
data/raw/vedios-dataset/mosl_videos_dataset_Numbers/19 (إِشَارَة 3).mp4,Numbers,19,19,3,6,right,numeric
data/raw/vedios-dataset/mosl_videos_dataset_Numbers/19 (إِشَارَة 4).mp4,Numbers,19,19,4,2,both,numeric
data/raw/vedios-dataset/mosl_videos_dataset_Numbers/19 (إِشَارَة 5).mp4,Numbers,19,19,5,5,both,numeric
data/raw/vedios-dataset/mosl_videos_dataset_Numbers/19 (إِشَارَة 6).mp4,Numbers,19,19,6,0,left,numeric
data/raw/vedios-dataset/mosl_videos_dataset_Numbers/2.mp4,Numbers,2,2,,3,right,numeric
data/raw/vedios-dataset/mosl_videos_dataset_Numbers/20 (إِشَارَة 1).mp4,Numbers,20,20,1,4,both,numeric
data/raw/vedios-dataset/mosl_videos_dataset_Numbers/20 (إِشَارَة 2).mp4,Numbers,20,20,2,6,right,numeric
data/raw/vedios-dataset/mosl_videos_dataset_Numbers/21 (إِشَارَة 1).mp4,Numbers,21,21,1,6,right,numeric
data/raw/vedios-dataset/mosl_videos_dataset_Numbers/21 (إِشَارَة 3).mp4,Numbers,21,21,3,4,both,numeric
data/raw/vedios-dataset/mosl_videos_dataset_Numbers/22 (إِشَارَة 1).mp4,Numbers,22,22,1,6,both,numeric
data/raw/vedios-dataset/mosl_videos_dataset_Numbers/22 (إِشَارَة 2).mp4,Numbers,22,22,2,4,both,numeric
data/raw/vedios-dataset/mosl_videos_dataset_Numbers/23 (إِشَارَة 1).mp4,Numbers,23,23,1,6,right,numeric
data/raw/vedios-dataset/mosl_videos_dataset_Numbers/23 (إِشَارَة 2).mp4,Numbers,23,23,2,4,right,numeric
data/raw/vedios-dataset/mosl_videos_dataset_Numbers/24 (إِشَارَة 1).mp4,Numbers,24,24,1,6,right,numeric
data/raw/vedios-dataset/mosl_videos_dataset_Numbers/24 (إِشَارَة 2).mp4,Numbers,24,24,2,4,both,numeric
data/raw/vedios-dataset/mosl_videos_dataset_Numbers/25 (إِشَارَة 1).mp4,Numbers,25,25,1,6,right,numeric
data/raw/vedios-dataset/mosl_videos_dataset_Numbers/25 (إِشَارَة 2).mp4,Numbers,25,25,2,4,both,numeric
data/raw/vedios-dataset/mosl_videos_dataset_Numbers/26 (إِشَارَة 1).mp4,Numbers,26,26,1,5,both,numeric
data/raw/vedios-dataset/mosl_videos_dataset_Numbers/26 (إِشَارَة 2).mp4,Numbers,26,26,2,4,both,numeric
data/raw/vedios-dataset/mosl_videos_dataset_Numbers/27 (إِشَارَة 1).mp4,Numbers,27,27,1,5,left,numeric
data/raw/vedios-dataset/mosl_videos_dataset_Numbers/27 (إِشَارَة 2).mp4,Numbers,27,27,2,5,both,numeric
data/raw/vedios-dataset/mosl_videos_dataset_Numbers/28 (إِشَارَة 1).mp4,Numbers,28,28,1,5,both,numeric
data/raw/vedios-dataset/mosl_videos_dataset_Numbers/28 (إِشَارَة 2).mp4,Numbers,28,28,2,4,both,numeric
data/raw/vedios-dataset/mosl_videos_dataset_Numbers/29 (إِشَارَة 1).mp4,Numbers,29,29,1,0,both,numeric
data/raw/vedios-dataset/mosl_videos_dataset_Numbers/29 (إِشَارَة 2).mp4,Numbers,29,29,2,4,both,numeric
data/raw/vedios-dataset/mosl_videos_dataset_Numbers/3 (إِشَارَة 1).mp4,Numbers,3,3,1,3,right,numeric
data/raw/vedios-dataset/mosl_videos_dataset_Numbers/3 (إِشَارَة 2).mp4,Numbers,3,3,2,6,right,numeric
data/raw/vedios-dataset/mosl_videos_dataset_Numbers/30 (إِشَارَة 1).mp4,Numbers,30,30,1,3,right,numeric
data/raw/vedios-dataset/mosl_videos_dataset_Numbers/30 (إِشَارَة 2).mp4,Numbers,30,30,2,6,right,numeric
data/raw/vedios-dataset/mosl_videos_dataset_Numbers/31 (إِشَارَة 1).mp4,Numbers,31,31,1,6,right,numeric
data/raw/vedios-dataset/mosl_videos_dataset_Numbers/31 (إِشَارَة 2).mp4,Numbers,31,31,2,2,right,numeric
data/raw/vedios-dataset/mosl_videos_dataset_Numbers/32 (إِشَارَة 1).mp4,Numbers,32,32,1,6,right,numeric
data/raw/vedios-dataset/mosl_videos_dataset_Numbers/32 (إِشَارَة 2).mp4,Numbers,32,32,2,3,right,numeric
data/raw/vedios-dataset/mosl_videos_dataset_Numbers/33 (إِشَارَة 1).mp4,Numbers,33,33,1,6,right,numeric
data/raw/vedios-dataset/mosl_videos_dataset_Numbers/33 (إِشَارَة 2).mp4,Numbers,33,33,2,3,right,numeric
data/raw/vedios-dataset/mosl_videos_dataset_Numbers/34 (إِشَارَة 1).mp4,Numbers,34,34,1,6,right,numeric
data/raw/vedios-dataset/mosl_videos_dataset_Numbers/34 (إِشَارَة 2).mp4,Numbers,34,34,2,3,right,numeric
data/raw/vedios-dataset/mosl_videos_dataset_Numbers/35 (إِشَارَة 1).mp4,Numbers,35,35,1,6,right,numeric
data/raw/vedios-dataset/mosl_videos_dataset_Numbers/35 (إِشَارَة 2).mp4,Numbers,35,35,2,3,right,numeric
data/raw/vedios-dataset/mosl_videos_dataset_Numbers/36 (إِشَارَة 1).mp4,Numbers,36,36,1,0,both,numeric
data/raw/vedios-dataset/mosl_videos_dataset_Numbers/36 (إِشَارَة 2).mp4,Numbers,36,36,2,0,both,numeric
data/raw/vedios-dataset/mosl_videos_dataset_Numbers/37 (إِشَارَة 1).mp4,Numbers,37,37,1,0,both,numeric
data/raw/vedios-dataset/mosl_videos_dataset_Numbers/37 (إِشَارَة 2).mp4,Numbers,37,37,2,2,both,numeric
data/raw/vedios-dataset/mosl_videos_dataset_Numbers/38 (إِشَارَة 1).mp4,Numbers,38,38,1,5,both,numeric
data/raw/vedios-dataset/mosl_videos_dataset_Numbers/38 (إِشَارَة 2).mp4,Numbers,38,38,2,2,both,numeric
data/raw/vedios-dataset/mosl_videos_dataset_Numbers/39 (إِشَارَة 1).mp4,Numbers,39,39,1,5,both,numeric
data/raw/vedios-dataset/mosl_videos_dataset_Numbers/39 (إِشَارَة 2).mp4,Numbers,39,39,2,2,both,numeric
data/raw/vedios-dataset/mosl_videos_dataset_Numbers/4.mp4,Numbers,4,4,,4,both,numeric
data/raw/vedios-dataset/mosl_videos_dataset_Numbers/40 (إِشَارَة 1).mp4,Numbers,40,40,1,6,right,numeric
data/raw/vedios-dataset/mosl_videos_dataset_Numbers/40 (إِشَارَة 2).mp4,Numbers,40,40,2,3,right,numeric
data/raw/vedios-dataset/mosl_videos_dataset_Numbers/5.mp4,Numbers,5,5,,4,left,numeric
data/raw/vedios-dataset/mosl_videos_dataset_Numbers/50 (إِشَارَة 1).mp4,Numbers,50,50,1,7,right,numeric
data/raw/vedios-dataset/mosl_videos_dataset_Numbers/50 (إِشَارَة 2).mp4,Numbers,50,50,2,6,right,numeric
data/raw/vedios-dataset/mosl_videos_dataset_Numbers/6 (إِشَارَة 1).mp4,Numbers,6,6,1,0,both,numeric
data/raw/vedios-dataset/mosl_videos_dataset_Numbers/6 (إِشَارَة 2).mp4,Numbers,6,6,2,6,right,numeric
data/raw/vedios-dataset/mosl_videos_dataset_Numbers/60 (إِشَارَة 1).mp4,Numbers,60,60,1,5,both,numeric
data/raw/vedios-dataset/mosl_videos_dataset_Numbers/7 (إِشَارَة 1).mp4,Numbers,7,7,1,2,both,numeric
data/raw/vedios-dataset/mosl_videos_dataset_Numbers/7 (إِشَارَة 2).mp4,Numbers,7,7,2,6,right,numeric
data/raw/vedios-dataset/mosl_videos_dataset_Numbers/70 (إِشَارَة 1).mp4,Numbers,70,70,1,2,left,numeric
data/raw/vedios-dataset/mosl_videos_dataset_Numbers/8 (إِشَارَة 1).mp4,Numbers,8,8,1,2,both,numeric
data/raw/vedios-dataset/mosl_videos_dataset_Numbers/8 (إِشَارَة 2).mp4,Numbers,8,8,2,6,right,numeric
data/raw/vedios-dataset/mosl_videos_dataset_Numbers/80 (إِشَارَة 1).mp4,Numbers,80,80,1,5,both,numeric
data/raw/vedios-dataset/mosl_videos_dataset_Numbers/9 (إِشَارَة 1).mp4,Numbers,9,9,1,2,both,numeric
data/raw/vedios-dataset/mosl_videos_dataset_Numbers/9 (إِشَارَة 2).mp4,Numbers,9,9,2,6,right,numeric
data/raw/vedios-dataset/mosl_videos_dataset_Numbers/90 (إِشَارَة 1).mp4,Numbers,90,90,1,5,both,numeric
data/raw/vedios-dataset/mosl_videos_dataset_Pronouns/أَنَا.mp4,Pronouns,أَنَا,أنا,,3,right,pronoun
data/raw/vedios-dataset/mosl_videos_dataset_Pronouns/أَنْتَ (إِشَارَة 1).mp4,Pronouns,أَنْتَ,أنت,1,6,right,pronoun
data/raw/vedios-dataset/mosl_videos_dataset_Pronouns/أَنْتَ (إِشَارَة 2).mp4,Pronouns,أَنْتَ,أنت,2,4,both,pronoun
data/raw/vedios-dataset/mosl_videos_dataset_Pronouns/أَنْتُمَا (إِشَارَة 1).mp4,Pronouns,أَنْتُمَا,أنتما,1,6,right,pronoun
data/raw/vedios-dataset/mosl_videos_dataset_Pronouns/أَنْتُمْ (إِشَارَة 1).mp4,Pronouns,أَنْتُمْ,أنتم,1,6,right,pronoun
data/raw/vedios-dataset/mosl_videos_dataset_Pronouns/أَنْتُمْ (إِشَارَة 2).mp4,Pronouns,أَنْتُمْ,أنتم,2,1,both,pronoun
data/raw/vedios-dataset/mosl_videos_dataset_Pronouns/أَنْتُمْ (إِشَارَة 3).mp4,Pronouns,أَنْتُمْ,أنتم,3,4,both,pronoun
data/raw/vedios-dataset/mosl_videos_dataset_Pronouns/أَنْتِ.mp4,Pronouns,أَنْتِ,أنت,,6,right,pronoun
data/raw/vedios-dataset/mosl_videos_dataset_Pronouns/نَحْنُ (إِشَارَة 1).mp4,Pronouns,نَحْنُ,نحن,1,6,right,pronoun
data/raw/vedios-dataset/mosl_videos_dataset_Pronouns/هُمْ (إِشَارَة 1).mp4,Pronouns,هُمْ,هم,1,5,both,pronoun
data/raw/vedios-dataset/mosl_videos_dataset_Pronouns/هُمْ (إِشَارَة 2).mp4,Pronouns,هُمْ,هم,2,7,both,pronoun
data/raw/vedios-dataset/mosl_videos_dataset_Pronouns/هُنَّ (إِشَارَة 1).mp4,Pronouns,هُنَّ,هن,1,5,both,pronoun
data/raw/vedios-dataset/mosl_videos_dataset_Pronouns/هُوَ (إِشَارَة 1).mp4,Pronouns,هُوَ,هو,1,6,right,pronoun
data/raw/vedios-dataset/mosl_videos_dataset_Pronouns/هُوَ (إِشَارَة 2).mp4,Pronouns,هُوَ,هو,2,2,both,pronoun
data/raw/vedios-dataset/mosl_videos_dataset_Pronouns/هِيَ (إِشَارَة 1).mp4,Pronouns,هِيَ,هي,1,6,right,pronoun
data/raw/vedios-dataset/mosl_videos_dataset_days_months_seasons/الأَحَد (إِشَارَة 1).mp4,days_months_seasons,الأَحَد,الأحد,1,5,both,temporal
data/raw/vedios-dataset/mosl_videos_dataset_days_months_seasons/الأَحَد (إِشَارَة 2).mp4,days_months_seasons,الأَحَد,الأحد,2,6,right,temporal
data/raw/vedios-dataset/mosl_videos_dataset_days_months_seasons/الأَرْبِعَاءُ (إِشَارَة 1).mp4,days_months_seasons,الأَرْبِعَاءُ,الأربعاء,1,3,right,temporal
data/raw/vedios-dataset/mosl_videos_dataset_days_months_seasons/الأَرْبِعَاءُ (إِشَارَة 2).mp4,days_months_seasons,الأَرْبِعَاءُ,الأربعاء,2,6,right,temporal
data/raw/vedios-dataset/mosl_videos_dataset_days_months_seasons/الأَرْبِعَاءُ (إِشَارَة 3).mp4,days_months_seasons,الأَرْبِعَاءُ,الأربعاء,3,6,right,temporal
data/raw/vedios-dataset/mosl_videos_dataset_days_months_seasons/الإِثْنَيْن.mp4,days_months_seasons,الإِثْنَيْن,الإثنين,,3,right,temporal
data/raw/vedios-dataset/mosl_videos_dataset_days_months_seasons/الثُّلاَثَاء (إِشَارَة 1).mp4,days_months_seasons,الثُّلاَثَاء,الثلاثاء,1,6,right,temporal
data/raw/vedios-dataset/mosl_videos_dataset_days_months_seasons/الثُّلاَثَاء (إِشَارَة 2).mp4,days_months_seasons,الثُّلاَثَاء,الثلاثاء,2,6,right,temporal
data/raw/vedios-dataset/mosl_videos_dataset_days_months_seasons/الثُّلاَثَاء (إِشَارَة 3).mp4,days_months_seasons,الثُّلاَثَاء,الثلاثاء,3,5,both,temporal
data/raw/vedios-dataset/mosl_videos_dataset_days_months_seasons/الثُّلاَثَاء (إِشَارَة 4).mp4,days_months_seasons,الثُّلاَثَاء,الثلاثاء,4,0,both,temporal
data/raw/vedios-dataset/mosl_videos_dataset_days_months_seasons/الجُمُعَةُ.mp4,days_months_seasons,الجُمُعَةُ,الجمعة,,3,right,temporal
data/raw/vedios-dataset/mosl_videos_dataset_days_months_seasons/الخَمِيسُ.mp4,days_months_seasons,الخَمِيسُ,الخميس,,3,right,temporal
data/raw/vedios-dataset/mosl_videos_dataset_days_months_seasons/الرَّبِيع (إِشَارَة 1).mp4,days_months_seasons,الرَّبِيع,الربيع,1,5,both,temporal
data/raw/vedios-dataset/mosl_videos_dataset_days_months_seasons/الرَّبِيع (إِشَارَة 2).mp4,days_months_seasons,الرَّبِيع,الربيع,2,0,both,temporal
data/raw/vedios-dataset/mosl_videos_dataset_days_months_seasons/الرَّبِيع (إِشَارَة 3).mp4,days_months_seasons,الرَّبِيع,الربيع,3,5,both,temporal
data/raw/vedios-dataset/mosl_videos_dataset_days_months_seasons/الرَّبِيع (إِشَارَة 4).mp4,days_months_seasons,الرَّبِيع,الربيع,4,0,both,temporal
data/raw/vedios-dataset/mosl_videos_dataset_days_months_seasons/السَّبْتُ (إِشَارَة 1).mp4,days_months_seasons,السَّبْتُ,السبت,1,6,right,temporal
data/raw/vedios-dataset/mosl_videos_dataset_days_months_seasons/السَّبْتُ (إِشَارَة 2).mp4,days_months_seasons,السَّبْتُ,السبت,2,1,both,temporal
data/raw/vedios-dataset/mosl_videos_dataset_days_months_seasons/الشِّتَاء (إِشَارَة 1).mp4,days_months_seasons,الشِّتَاء,الشتاء,1,0,both,temporal
data/raw/vedios-dataset/mosl_videos_dataset_days_months_seasons/الشِّتَاء (إِشَارَة 2).mp4,days_months_seasons,الشِّتَاء,الشتاء,2,7,right,temporal
data/raw/vedios-dataset/mosl_videos_dataset_days_months_seasons/الشِّتَاء (إِشَارَة 3).mp4,days_months_seasons,الشِّتَاء,الشتاء,3,5,both,temporal
data/raw/vedios-dataset/mosl_videos_dataset_days_months_seasons/الصَّيْف (إِشَارَة 1).mp4,days_months_seasons,الصَّيْف,الصيف,1,3,right,temporal
data/raw/vedios-dataset/mosl_videos_dataset_days_months_seasons/الصَّيْف (إِشَارَة 2).mp4,days_months_seasons,الصَّيْف,الصيف,2,7,right,temporal
data/raw/vedios-dataset/mosl_videos_dataset_days_months_seasons/الصَّيْف (إِشَارَة 3).mp4,days_months_seasons,الصَّيْف,الصيف,3,6,both,temporal
data/raw/vedios-dataset/mosl_videos_dataset_days_months_seasons/الـخَرِيف (إِشَارَة 1).mp4,days_months_seasons,الـخَرِيف,الـخريف,1,0,both,temporal
data/raw/vedios-dataset/mosl_videos_dataset_days_months_seasons/الـخَرِيف (إِشَارَة 2).mp4,days_months_seasons,الـخَرِيف,الـخريف,2,5,both,temporal
data/raw/vedios-dataset/mosl_videos_dataset_days_months_seasons/أَبْرِيل (إِشَارَة 1).mp4,days_months_seasons,أَبْرِيل,أبريل,1,6,right,temporal
data/raw/vedios-dataset/mosl_videos_dataset_days_months_seasons/أَبْرِيل (إِشَارَة 2).mp4,days_months_seasons,أَبْرِيل,أبريل,2,6,right,temporal
data/raw/vedios-dataset/mosl_videos_dataset_days_months_seasons/أَبْرِيل (إِشَارَة 3).mp4,days_months_seasons,أَبْرِيل,أبريل,3,3,right,temporal
data/raw/vedios-dataset/mosl_videos_dataset_days_months_seasons/أُكْتُوبَر (إِشَارَة 1).mp4,days_months_seasons,أُكْتُوبَر,أكتوبر,1,5,both,temporal
data/raw/vedios-dataset/mosl_videos_dataset_days_months_seasons/أُكْتُوبَر (إِشَارَة 2).mp4,days_months_seasons,أُكْتُوبَر,أكتوبر,2,6,right,temporal
data/raw/vedios-dataset/mosl_videos_dataset_days_months_seasons/أُكْتُوبَر (إِشَارَة 3).mp4,days_months_seasons,أُكْتُوبَر,أكتوبر,3,0,both,temporal
data/raw/vedios-dataset/mosl_videos_dataset_days_months_seasons/دُجَنْبِر (إِشَارَة 1).mp4,days_months_seasons,دُجَنْبِر,دجنبر,1,5,both,temporal
data/raw/vedios-dataset/mosl_videos_dataset_days_months_seasons/دُجَنْبِر (إِشَارَة 2).mp4,days_months_seasons,دُجَنْبِر,دجنبر,2,6,right,temporal
data/raw/vedios-dataset/mosl_videos_dataset_days_months_seasons/دُجَنْبِر (إِشَارَة 3).mp4,days_months_seasons,دُجَنْبِر,دجنبر,3,6,right,temporal
data/raw/vedios-dataset/mosl_videos_dataset_days_months_seasons/دُجَنْبِر (إِشَارَة 4).mp4,days_months_seasons,دُجَنْبِر,دجنبر,4,1,both,temporal
data/raw/vedios-dataset/mosl_videos_dataset_days_months_seasons/شُتَنْبِر (إِشَارَة 1).mp4,days_months_seasons,شُتَنْبِر,شتنبر,1,0,both,temporal
data/raw/vedios-dataset/mosl_videos_dataset_days_months_seasons/شُتَنْبِر (إِشَارَة 2).mp4,days_months_seasons,شُتَنْبِر,شتنبر,2,2,both,temporal
data/raw/vedios-dataset/mosl_videos_dataset_days_months_seasons/غُشْت (إِشَارَة 1).mp4,days_months_seasons,غُشْت,غشت,1,0,both,temporal
data/raw/vedios-dataset/mosl_videos_dataset_days_months_seasons/غُشْت (إِشَارَة 2).mp4,days_months_seasons,غُشْت,غشت,2,7,right,temporal
data/raw/vedios-dataset/mosl_videos_dataset_days_months_seasons/غُشْت (إِشَارَة 3).mp4,days_months_seasons,غُشْت,غشت,3,2,both,temporal
data/raw/vedios-dataset/mosl_videos_dataset_days_months_seasons/فِبْرَايِر (إِشَارَة 1).mp4,days_months_seasons,فِبْرَايِر,فبراير,1,6,right,temporal
data/raw/vedios-dataset/mosl_videos_dataset_days_months_seasons/فِبْرَايِر (إِشَارَة 2).mp4,days_months_seasons,فِبْرَايِر,فبراير,2,7,right,temporal
data/raw/vedios-dataset/mosl_videos_dataset_days_months_seasons/مَارِس (إِشَارَة 1).mp4,days_months_seasons,مَارِس,مارس,1,6,right,temporal
data/raw/vedios-dataset/mosl_videos_dataset_days_months_seasons/مَارِس (إِشَارَة 2).mp4,days_months_seasons,مَارِس,مارس,2,6,right,temporal
data/raw/vedios-dataset/mosl_videos_dataset_days_months_seasons/مَارِس (إِشَارَة 3).mp4,days_months_seasons,مَارِس,مارس,3,2,right,temporal
data/raw/vedios-dataset/mosl_videos_dataset_days_months_seasons/مَاي (إِشَارَة 1).mp4,days_months_seasons,مَاي,ماي,1,6,right,temporal
data/raw/vedios-dataset/mosl_videos_dataset_days_months_seasons/مَاي (إِشَارَة 2).mp4,days_months_seasons,مَاي,ماي,2,7,right,temporal
data/raw/vedios-dataset/mosl_videos_dataset_days_months_seasons/مَاي (إِشَارَة 3).mp4,days_months_seasons,مَاي,ماي,3,2,right,temporal
data/raw/vedios-dataset/mosl_videos_dataset_days_months_seasons/نُوَنْبِر (إِشَارَة 1).mp4,days_months_seasons,نُوَنْبِر,نونبر,1,5,both,temporal
data/raw/vedios-dataset/mosl_videos_dataset_days_months_seasons/نُوَنْبِر (إِشَارَة 2).mp4,days_months_seasons,نُوَنْبِر,نونبر,2,7,right,temporal
data/raw/vedios-dataset/mosl_videos_dataset_days_months_seasons/يَنَاير (إِشَارَة 1).mp4,days_months_seasons,يَنَاير,يناير,1,6,right,temporal
data/raw/vedios-dataset/mosl_videos_dataset_days_months_seasons/يَنَاير (إِشَارَة 2).mp4,days_months_seasons,يَنَاير,يناير,2,6,right,temporal
data/raw/vedios-dataset/mosl_videos_dataset_days_months_seasons/يُولْيُوز (إِشَارَة 1).mp4,days_months_seasons,يُولْيُوز,يوليوز,1,5,both,temporal
data/raw/vedios-dataset/mosl_videos_dataset_days_months_seasons/يُولْيُوز (إِشَارَة 2).mp4,days_months_seasons,يُولْيُوز,يوليوز,2,7,right,temporal
data/raw/vedios-dataset/mosl_videos_dataset_days_months_seasons/يُولْيُوز (إِشَارَة 3).mp4,days_months_seasons,يُولْيُوز,يوليوز,3,1,left,temporal
data/raw/vedios-dataset/mosl_videos_dataset_days_months_seasons/يُونْيُو (إِشَارَة 1).mp4,days_months_seasons,يُونْيُو,يونيو,1,5,both,temporal
data/raw/vedios-dataset/mosl_videos_dataset_days_months_seasons/يُونْيُو (إِشَارَة 2).mp4,days_months_seasons,يُونْيُو,يونيو,2,7,right,temporal
data/raw/vedios-dataset/mosl_videos_dataset_days_months_seasons/يُونْيُو (إِشَارَة 3).mp4,days_months_seasons,يُونْيُو,يونيو,3,1,left,temporal
